<annotation><folder>DJI_0013_slice_01</folder><filename>000016.jpg</filename><object><name>Pedestrain</name><bndbox><xmax>650</xmax><xmin>559</xmin><ymax>295</ymax><ymin>172</ymin></bndbox><difficult>0</difficult><occluded>0</occluded><pose>Unspecified</pose><truncated>0</truncated></object><object><name>Pedestrain</name><bndbox><xmax>82</xmax><xmin>0</xmin><ymax>303</ymax><ymin>176</ymin></bndbox><difficult>0</difficult><occluded>1</occluded><pose>Unspecified</pose><truncated>0</truncated></object><object><name>Pedestrain</name><bndbox><xmax>301</xmax><xmin>261</xmin><ymax>104</ymax><ymin>19</ymin></bndbox><difficult>0</difficult><occluded>0</occluded><pose>Unspecified</pose><truncated>0</truncated></object><segmented>0</segmented><size><depth>3</depth><height>720</height><width>405</width></size><source><annotation>DJI06</annotation><database>vatic</database><image>vatic</image></source><owner><flickrid>vatic</flickrid><name>vatic</name></owner></annotation>