<annotation><folder>DJI_0013_slice_01</folder><filename>000001.jpg</filename><object><name>Pedestrain</name><bndbox><xmax>717</xmax><xmin>614</xmin><ymax>358</ymax><ymin>243</ymin></bndbox><difficult>0</difficult><occluded>0</occluded><pose>Unspecified</pose><truncated>0</truncated></object><object><name>Pedestrain</name><bndbox><xmax>107</xmax><xmin>0</xmin><ymax>335</ymax><ymin>207</ymin></bndbox><difficult>0</difficult><occluded>1</occluded><pose>Unspecified</pose><truncated>0</truncated></object><object><name>Pedestrain</name><bndbox><xmax>288</xmax><xmin>248</xmin><ymax>89</ymax><ymin>4</ymin></bndbox><difficult>0</difficult><occluded>0</occluded><pose>Unspecified</pose><truncated>0</truncated></object><segmented>0</segmented><size><depth>3</depth><height>720</height><width>405</width></size><source><annotation>DJI06</annotation><database>vatic</database><image>vatic</image></source><owner><flickrid>vatic</flickrid><name>vatic</name></owner></annotation>