<annotation><folder>DJI_0013_slice_01</folder><filename>000136.jpg</filename><object><name>Pedestrain</name><bndbox><xmax>505</xmax><xmin>429</xmin><ymax>341</ymax><ymin>238</ymin></bndbox><difficult>0</difficult><occluded>0</occluded><pose>Unspecified</pose><truncated>0</truncated></object><object><name>Pedestrain</name><bndbox><xmax>306</xmax><xmin>268</xmin><ymax>191</ymax><ymin>88</ymin></bndbox><difficult>0</difficult><occluded>0</occluded><pose>Unspecified</pose><truncated>0</truncated></object><object><name>Pedestrain</name><bndbox><xmax>337</xmax><xmin>298</xmin><ymax>179</ymax><ymin>71</ymin></bndbox><difficult>0</difficult><occluded>0</occluded><pose>Unspecified</pose><truncated>0</truncated></object><object><name>Pedestrain</name><bndbox><xmax>440</xmax><xmin>397</xmin><ymax>189</ymax><ymin>87</ymin></bndbox><difficult>0</difficult><occluded>0</occluded><pose>Unspecified</pose><truncated>0</truncated></object><object><name>Pedestrain</name><bndbox><xmax>462</xmax><xmin>421</xmin><ymax>173</ymax><ymin>74</ymin></bndbox><difficult>0</difficult><occluded>1</occluded><pose>Unspecified</pose><truncated>0</truncated></object><segmented>0</segmented><size><depth>3</depth><height>720</height><width>405</width></size><source><annotation>DJI06</annotation><database>vatic</database><image>vatic</image></source><owner><flickrid>vatic</flickrid><name>vatic</name></owner></annotation>