<annotation><folder>DJI_0013_slice_01</folder><filename>000166.jpg</filename><object><name>Pedestrain</name><bndbox><xmax>362</xmax><xmin>307</xmin><ymax>256</ymax><ymin>153</ymin></bndbox><difficult>0</difficult><occluded>0</occluded><pose>Unspecified</pose><truncated>0</truncated></object><object><name>Pedestrain</name><bndbox><xmax>386</xmax><xmin>343</xmin><ymax>245</ymax><ymin>133</ymin></bndbox><difficult>0</difficult><occluded>0</occluded><pose>Unspecified</pose><truncated>0</truncated></object><object><name>Pedestrain</name><bndbox><xmax>490</xmax><xmin>429</xmin><ymax>242</ymax><ymin>141</ymin></bndbox><difficult>0</difficult><occluded>0</occluded><pose>Unspecified</pose><truncated>0</truncated></object><object><name>Pedestrain</name><bndbox><xmax>511</xmax><xmin>470</xmin><ymax>231</ymax><ymin>122</ymin></bndbox><difficult>0</difficult><occluded>1</occluded><pose>Unspecified</pose><truncated>0</truncated></object><segmented>0</segmented><size><depth>3</depth><height>720</height><width>405</width></size><source><annotation>DJI06</annotation><database>vatic</database><image>vatic</image></source><owner><flickrid>vatic</flickrid><name>vatic</name></owner></annotation>