<annotation><folder>DJI_0013_slice_01</folder><filename>000211.jpg</filename><object><name>Pedestrain</name><bndbox><xmax>478</xmax><xmin>410</xmin><ymax>398</ymax><ymin>288</ymin></bndbox><difficult>0</difficult><occluded>0</occluded><pose>Unspecified</pose><truncated>0</truncated></object><object><name>Pedestrain</name><bndbox><xmax>523</xmax><xmin>461</xmin><ymax>388</ymax><ymin>266</ymin></bndbox><difficult>0</difficult><occluded>0</occluded><pose>Unspecified</pose><truncated>0</truncated></object><object><name>Pedestrain</name><bndbox><xmax>628</xmax><xmin>537</xmin><ymax>332</ymax><ymin>223</ymin></bndbox><difficult>0</difficult><occluded>0</occluded><pose>Unspecified</pose><truncated>0</truncated></object><segmented>0</segmented><size><depth>3</depth><height>720</height><width>405</width></size><source><annotation>DJI06</annotation><database>vatic</database><image>vatic</image></source><owner><flickrid>vatic</flickrid><name>vatic</name></owner></annotation>