<annotation><folder>DJI_0013_slice_01</folder><filename>000316.jpg</filename><object><name>Pedestrain</name><bndbox><xmax>113</xmax><xmin>48</xmin><ymax>117</ymax><ymin>14</ymin></bndbox><difficult>0</difficult><occluded>0</occluded><pose>Unspecified</pose><truncated>0</truncated></object><object><name>Pedestrain</name><bndbox><xmax>123</xmax><xmin>46</xmin><ymax>119</ymax><ymin>16</ymin></bndbox><difficult>0</difficult><occluded>0</occluded><pose>Unspecified</pose><truncated>0</truncated></object><segmented>0</segmented><size><depth>3</depth><height>720</height><width>405</width></size><source><annotation>DJI06</annotation><database>vatic</database><image>vatic</image></source><owner><flickrid>vatic</flickrid><name>vatic</name></owner></annotation>