<annotation><folder>DJI_0013_slice_01</folder><filename>000571.jpg</filename><object><name>Pedestrain</name><bndbox><xmax>466</xmax><xmin>412</xmin><ymax>97</ymax><ymin>6</ymin></bndbox><difficult>0</difficult><occluded>0</occluded><pose>Unspecified</pose><truncated>0</truncated></object><segmented>0</segmented><size><depth>3</depth><height>720</height><width>405</width></size><source><annotation>DJI06</annotation><database>vatic</database><image>vatic</image></source><owner><flickrid>vatic</flickrid><name>vatic</name></owner></annotation>