<annotation><folder>DJI_0013_slice_01</folder><filename>000691.jpg</filename><object><name>Pedestrain</name><bndbox><xmax>566</xmax><xmin>480</xmin><ymax>378</ymax><ymin>269</ymin></bndbox><difficult>0</difficult><occluded>0</occluded><pose>Unspecified</pose><truncated>0</truncated></object><segmented>0</segmented><size><depth>3</depth><height>720</height><width>405</width></size><source><annotation>DJI06</annotation><database>vatic</database><image>vatic</image></source><owner><flickrid>vatic</flickrid><name>vatic</name></owner></annotation>