<annotation><folder>DJI_0013_slice_01</folder><filename>000601.jpg</filename><object><name>Pedestrain</name><bndbox><xmax>394</xmax><xmin>348</xmin><ymax>89</ymax><ymin>2</ymin></bndbox><difficult>0</difficult><occluded>0</occluded><pose>Unspecified</pose><truncated>0</truncated></object><object><name>Pedestrain</name><bndbox><xmax>400</xmax><xmin>348</xmin><ymax>90</ymax><ymin>4</ymin></bndbox><difficult>0</difficult><occluded>0</occluded><pose>Unspecified</pose><truncated>0</truncated></object><segmented>0</segmented><size><depth>3</depth><height>720</height><width>405</width></size><source><annotation>DJI06</annotation><database>vatic</database><image>vatic</image></source><owner><flickrid>vatic</flickrid><name>vatic</name></owner></annotation>