<annotation><folder>DJI_0013_slice_01</folder><filename>000736.jpg</filename><object><name>Pedestrain</name><bndbox><xmax>417</xmax><xmin>356</xmin><ymax>248</ymax><ymin>142</ymin></bndbox><difficult>0</difficult><occluded>0</occluded><pose>Unspecified</pose><truncated>0</truncated></object><object><name>Pedestrain</name><bndbox><xmax>662</xmax><xmin>533</xmin><ymax>361</ymax><ymin>245</ymin></bndbox><difficult>0</difficult><occluded>0</occluded><pose>Unspecified</pose><truncated>0</truncated></object><segmented>0</segmented><size><depth>3</depth><height>720</height><width>405</width></size><source><annotation>DJI06</annotation><database>vatic</database><image>vatic</image></source><owner><flickrid>vatic</flickrid><name>vatic</name></owner></annotation>