<annotation><folder>DJI_0013_slice_01</folder><filename>000766.jpg</filename><object><name>Pedestrain</name><bndbox><xmax>345</xmax><xmin>295</xmin><ymax>178</ymax><ymin>79</ymin></bndbox><difficult>0</difficult><occluded>0</occluded><pose>Unspecified</pose><truncated>0</truncated></object><object><name>Pedestrain</name><bndbox><xmax>553</xmax><xmin>450</xmin><ymax>295</ymax><ymin>180</ymin></bndbox><difficult>0</difficult><occluded>0</occluded><pose>Unspecified</pose><truncated>0</truncated></object><segmented>0</segmented><size><depth>3</depth><height>720</height><width>405</width></size><source><annotation>DJI06</annotation><database>vatic</database><image>vatic</image></source><owner><flickrid>vatic</flickrid><name>vatic</name></owner></annotation>