<annotation><folder>DJI_0013_slice_01</folder><filename>000781.jpg</filename><object><name>Pedestrain</name><bndbox><xmax>316</xmax><xmin>266</xmin><ymax>154</ymax><ymin>60</ymin></bndbox><difficult>0</difficult><occluded>0</occluded><pose>Unspecified</pose><truncated>0</truncated></object><object><name>Pedestrain</name><bndbox><xmax>518</xmax><xmin>428</xmin><ymax>271</ymax><ymin>151</ymin></bndbox><difficult>0</difficult><occluded>0</occluded><pose>Unspecified</pose><truncated>0</truncated></object><segmented>0</segmented><size><depth>3</depth><height>720</height><width>405</width></size><source><annotation>DJI06</annotation><database>vatic</database><image>vatic</image></source><owner><flickrid>vatic</flickrid><name>vatic</name></owner></annotation>