<annotation><folder>DJI_0013_slice_01</folder><filename>000721.jpg</filename><object><name>Pedestrain</name><bndbox><xmax>457</xmax><xmin>387</xmin><ymax>291</ymax><ymin>184</ymin></bndbox><difficult>0</difficult><occluded>0</occluded><pose>Unspecified</pose><truncated>0</truncated></object><object><name>Pedestrain</name><bndbox><xmax>718</xmax><xmin>602</xmin><ymax>397</ymax><ymin>282</ymin></bndbox><difficult>0</difficult><occluded>1</occluded><pose>Unspecified</pose><truncated>0</truncated></object><segmented>0</segmented><size><depth>3</depth><height>720</height><width>405</width></size><source><annotation>DJI06</annotation><database>vatic</database><image>vatic</image></source><owner><flickrid>vatic</flickrid><name>vatic</name></owner></annotation>