<annotation><folder>DJI_0013_slice_01</folder><filename>000796.jpg</filename><object><name>Pedestrain</name><bndbox><xmax>290</xmax><xmin>241</xmin><ymax>132</ymax><ymin>39</ymin></bndbox><difficult>0</difficult><occluded>0</occluded><pose>Unspecified</pose><truncated>0</truncated></object><object><name>Pedestrain</name><bndbox><xmax>484</xmax><xmin>423</xmin><ymax>238</ymax><ymin>122</ymin></bndbox><difficult>0</difficult><occluded>0</occluded><pose>Unspecified</pose><truncated>0</truncated></object><segmented>0</segmented><size><depth>3</depth><height>720</height><width>405</width></size><source><annotation>DJI06</annotation><database>vatic</database><image>vatic</image></source><owner><flickrid>vatic</flickrid><name>vatic</name></owner></annotation>