<annotation><folder>DJI_0013_slice_01</folder><filename>000751.jpg</filename><object><name>Pedestrain</name><bndbox><xmax>376</xmax><xmin>325</xmin><ymax>204</ymax><ymin>100</ymin></bndbox><difficult>0</difficult><occluded>0</occluded><pose>Unspecified</pose><truncated>0</truncated></object><object><name>Pedestrain</name><bndbox><xmax>599</xmax><xmin>495</xmin><ymax>326</ymax><ymin>210</ymin></bndbox><difficult>0</difficult><occluded>0</occluded><pose>Unspecified</pose><truncated>0</truncated></object><segmented>0</segmented><size><depth>3</depth><height>720</height><width>405</width></size><source><annotation>DJI06</annotation><database>vatic</database><image>vatic</image></source><owner><flickrid>vatic</flickrid><name>vatic</name></owner></annotation>