<annotation><folder>DJI_0013_slice_01</folder><filename>000826.jpg</filename><object><name>Pedestrain</name><bndbox><xmax>253</xmax><xmin>205</xmin><ymax>89</ymax><ymin>7</ymin></bndbox><difficult>0</difficult><occluded>0</occluded><pose>Unspecified</pose><truncated>0</truncated></object><object><name>Pedestrain</name><bndbox><xmax>457</xmax><xmin>404</xmin><ymax>186</ymax><ymin>75</ymin></bndbox><difficult>0</difficult><occluded>0</occluded><pose>Unspecified</pose><truncated>0</truncated></object><segmented>0</segmented><size><depth>3</depth><height>720</height><width>405</width></size><source><annotation>DJI06</annotation><database>vatic</database><image>vatic</image></source><owner><flickrid>vatic</flickrid><name>vatic</name></owner></annotation>