<annotation><folder>output_data_01</folder><filename>000016.jpg</filename><object><name>pedestrain</name><bndbox><xmax>310</xmax><xmin>256</xmin><ymax>274</ymax><ymin>173</ymin></bndbox><difficult>0</difficult><occluded>0</occluded><pose>Unspecified</pose><truncated>0</truncated></object><object><name>pedestrain</name><bndbox><xmax>225</xmax><xmin>159</xmin><ymax>266</ymax><ymin>162</ymin></bndbox><difficult>0</difficult><occluded>0</occluded><pose>Unspecified</pose><truncated>0</truncated></object><object><name>pedestrain</name><bndbox><xmax>175</xmax><xmin>99</xmin><ymax>245</ymax><ymin>142</ymin></bndbox><difficult>0</difficult><occluded>0</occluded><pose>Unspecified</pose><truncated>0</truncated></object><object><name>pedestrain</name><bndbox><xmax>593</xmax><xmin>552</xmin><ymax>83</ymax><ymin>10</ymin></bndbox><difficult>0</difficult><occluded>1</occluded><pose>Unspecified</pose><truncated>0</truncated></object><segmented>0</segmented><size><depth>3</depth><height>720</height><width>405</width></size><source><annotation>data_01</annotation><database>vatic</database><image>vatic</image></source><owner><flickrid>vatic</flickrid><name>vatic</name></owner></annotation>