<annotation><folder>output_data_01</folder><filename>000076.jpg</filename><object><name>pedestrain</name><bndbox><xmax>535</xmax><xmin>475</xmin><ymax>211</ymax><ymin>112</ymin></bndbox><difficult>0</difficult><occluded>0</occluded><pose>Unspecified</pose><truncated>0</truncated></object><object><name>pedestrain</name><bndbox><xmax>408</xmax><xmin>369</xmin><ymax>216</ymax><ymin>109</ymin></bndbox><difficult>0</difficult><occluded>0</occluded><pose>Unspecified</pose><truncated>0</truncated></object><object><name>pedestrain</name><bndbox><xmax>365</xmax><xmin>320</xmin><ymax>198</ymax><ymin>97</ymin></bndbox><difficult>0</difficult><occluded>0</occluded><pose>Unspecified</pose><truncated>0</truncated></object><object><name>pedestrain</name><bndbox><xmax>580</xmax><xmin>528</xmin><ymax>104</ymax><ymin>14</ymin></bndbox><difficult>0</difficult><occluded>0</occluded><pose>Unspecified</pose><truncated>0</truncated></object><segmented>0</segmented><size><depth>3</depth><height>720</height><width>405</width></size><source><annotation>data_01</annotation><database>vatic</database><image>vatic</image></source><owner><flickrid>vatic</flickrid><name>vatic</name></owner></annotation>