<annotation><folder>output_data_01</folder><filename>000061.jpg</filename><object><name>pedestrain</name><bndbox><xmax>486</xmax><xmin>422</xmin><ymax>229</ymax><ymin>129</ymin></bndbox><difficult>0</difficult><occluded>0</occluded><pose>Unspecified</pose><truncated>0</truncated></object><object><name>pedestrain</name><bndbox><xmax>372</xmax><xmin>324</xmin><ymax>229</ymax><ymin>121</ymin></bndbox><difficult>0</difficult><occluded>0</occluded><pose>Unspecified</pose><truncated>0</truncated></object><object><name>pedestrain</name><bndbox><xmax>319</xmax><xmin>266</xmin><ymax>207</ymax><ymin>105</ymin></bndbox><difficult>0</difficult><occluded>0</occluded><pose>Unspecified</pose><truncated>0</truncated></object><object><name>pedestrain</name><bndbox><xmax>595</xmax><xmin>548</xmin><ymax>96</ymax><ymin>9</ymin></bndbox><difficult>0</difficult><occluded>0</occluded><pose>Unspecified</pose><truncated>0</truncated></object><segmented>0</segmented><size><depth>3</depth><height>720</height><width>405</width></size><source><annotation>data_01</annotation><database>vatic</database><image>vatic</image></source><owner><flickrid>vatic</flickrid><name>vatic</name></owner></annotation>