<annotation><folder>output_data_01</folder><filename>000031.jpg</filename><object><name>pedestrain</name><bndbox><xmax>373</xmax><xmin>319</xmin><ymax>260</ymax><ymin>159</ymin></bndbox><difficult>0</difficult><occluded>0</occluded><pose>Unspecified</pose><truncated>0</truncated></object><object><name>pedestrain</name><bndbox><xmax>276</xmax><xmin>219</xmin><ymax>254</ymax><ymin>144</ymin></bndbox><difficult>0</difficult><occluded>0</occluded><pose>Unspecified</pose><truncated>0</truncated></object><object><name>pedestrain</name><bndbox><xmax>230</xmax><xmin>160</xmin><ymax>230</ymax><ymin>126</ymin></bndbox><difficult>0</difficult><occluded>0</occluded><pose>Unspecified</pose><truncated>0</truncated></object><object><name>pedestrain</name><bndbox><xmax>609</xmax><xmin>568</xmin><ymax>89</ymax><ymin>9</ymin></bndbox><difficult>0</difficult><occluded>0</occluded><pose>Unspecified</pose><truncated>0</truncated></object><segmented>0</segmented><size><depth>3</depth><height>720</height><width>405</width></size><source><annotation>data_01</annotation><database>vatic</database><image>vatic</image></source><owner><flickrid>vatic</flickrid><name>vatic</name></owner></annotation>