<annotation><folder>output_data_01</folder><filename>000001.jpg</filename><object><name>pedestrain</name><bndbox><xmax>254</xmax><xmin>182</xmin><ymax>296</ymax><ymin>192</ymin></bndbox><difficult>0</difficult><occluded>0</occluded><pose>Unspecified</pose><truncated>0</truncated></object><object><name>pedestrain</name><bndbox><xmax>175</xmax><xmin>90</xmin><ymax>291</ymax><ymin>177</ymin></bndbox><difficult>0</difficult><occluded>0</occluded><pose>Unspecified</pose><truncated>0</truncated></object><object><name>pedestrain</name><bndbox><xmax>109</xmax><xmin>31</xmin><ymax>264</ymax><ymin>159</ymin></bndbox><difficult>0</difficult><occluded>0</occluded><pose>Unspecified</pose><truncated>0</truncated></object><segmented>0</segmented><size><depth>3</depth><height>720</height><width>405</width></size><source><annotation>data_01</annotation><database>vatic</database><image>vatic</image></source><owner><flickrid>vatic</flickrid><name>vatic</name></owner></annotation>