<annotation><folder>output_data_01</folder><filename>000181.jpg</filename><object><name>pedestrain</name><bndbox><xmax>617</xmax><xmin>563</xmin><ymax>137</ymax><ymin>41</ymin></bndbox><difficult>0</difficult><occluded>0</occluded><pose>Unspecified</pose><truncated>0</truncated></object><object><name>pedestrain</name><bndbox><xmax>563</xmax><xmin>516</xmin><ymax>132</ymax><ymin>41</ymin></bndbox><difficult>0</difficult><occluded>0</occluded><pose>Unspecified</pose><truncated>0</truncated></object><object><name>pedestrain</name><bndbox><xmax>404</xmax><xmin>355</xmin><ymax>195</ymax><ymin>97</ymin></bndbox><difficult>0</difficult><occluded>0</occluded><pose>Unspecified</pose><truncated>0</truncated></object><segmented>0</segmented><size><depth>3</depth><height>720</height><width>405</width></size><source><annotation>data_01</annotation><database>vatic</database><image>vatic</image></source><owner><flickrid>vatic</flickrid><name>vatic</name></owner></annotation>