<annotation><folder>output_data_01</folder><filename>000271.jpg</filename><object><name>pedestrain</name><bndbox><xmax>184</xmax><xmin>90</xmin><ymax>388</ymax><ymin>264</ymin></bndbox><difficult>0</difficult><occluded>0</occluded><pose>Unspecified</pose><truncated>0</truncated></object><object><name>pedestrain</name><bndbox><xmax>188</xmax><xmin>133</xmin><ymax>155</ymax><ymin>69</ymin></bndbox><difficult>0</difficult><occluded>0</occluded><pose>Unspecified</pose><truncated>0</truncated></object><segmented>0</segmented><size><depth>3</depth><height>720</height><width>405</width></size><source><annotation>data_01</annotation><database>vatic</database><image>vatic</image></source><owner><flickrid>vatic</flickrid><name>vatic</name></owner></annotation>