<annotation><folder>output_data_01</folder><filename>000211.jpg</filename><object><name>pedestrain</name><bndbox><xmax>650</xmax><xmin>602</xmin><ymax>112</ymax><ymin>19</ymin></bndbox><difficult>0</difficult><occluded>1</occluded><pose>Unspecified</pose><truncated>0</truncated></object><object><name>pedestrain</name><bndbox><xmax>604</xmax><xmin>551</xmin><ymax>107</ymax><ymin>14</ymin></bndbox><difficult>0</difficult><occluded>0</occluded><pose>Unspecified</pose><truncated>0</truncated></object><object><name>pedestrain</name><bndbox><xmax>337</xmax><xmin>284</xmin><ymax>246</ymax><ymin>140</ymin></bndbox><difficult>0</difficult><occluded>0</occluded><pose>Unspecified</pose><truncated>0</truncated></object><segmented>0</segmented><size><depth>3</depth><height>720</height><width>405</width></size><source><annotation>data_01</annotation><database>vatic</database><image>vatic</image></source><owner><flickrid>vatic</flickrid><name>vatic</name></owner></annotation>