<annotation><folder>output_data_01</folder><filename>000286.jpg</filename><object><name>pedestrain</name><bndbox><xmax>146</xmax><xmin>35</xmin><ymax>403</ymax><ymin>301</ymin></bndbox><difficult>0</difficult><occluded>1</occluded><pose>Unspecified</pose><truncated>0</truncated></object><object><name>pedestrain</name><bndbox><xmax>231</xmax><xmin>178</xmin><ymax>158</ymax><ymin>73</ymin></bndbox><difficult>0</difficult><occluded>0</occluded><pose>Unspecified</pose><truncated>0</truncated></object><segmented>0</segmented><size><depth>3</depth><height>720</height><width>405</width></size><source><annotation>data_01</annotation><database>vatic</database><image>vatic</image></source><owner><flickrid>vatic</flickrid><name>vatic</name></owner></annotation>