<annotation><folder>output_data_01</folder><filename>000256.jpg</filename><object><name>pedestrain</name><bndbox><xmax>648</xmax><xmin>595</xmin><ymax>88</ymax><ymin>3</ymin></bndbox><difficult>0</difficult><occluded>0</occluded><pose>Unspecified</pose><truncated>0</truncated></object><object><name>pedestrain</name><bndbox><xmax>218</xmax><xmin>139</xmin><ymax>341</ymax><ymin>225</ymin></bndbox><difficult>0</difficult><occluded>0</occluded><pose>Unspecified</pose><truncated>0</truncated></object><object><name>pedestrain</name><bndbox><xmax>151</xmax><xmin>84</xmin><ymax>155</ymax><ymin>70</ymin></bndbox><difficult>0</difficult><occluded>0</occluded><pose>Unspecified</pose><truncated>0</truncated></object><segmented>0</segmented><size><depth>3</depth><height>720</height><width>405</width></size><source><annotation>data_01</annotation><database>vatic</database><image>vatic</image></source><owner><flickrid>vatic</flickrid><name>vatic</name></owner></annotation>