<annotation><folder>output_data_01</folder><filename>000226.jpg</filename><object><name>pedestrain</name><bndbox><xmax>658</xmax><xmin>610</xmin><ymax>110</ymax><ymin>18</ymin></bndbox><difficult>0</difficult><occluded>1</occluded><pose>Unspecified</pose><truncated>0</truncated></object><object><name>pedestrain</name><bndbox><xmax>620</xmax><xmin>566</xmin><ymax>98</ymax><ymin>5</ymin></bndbox><difficult>0</difficult><occluded>0</occluded><pose>Unspecified</pose><truncated>0</truncated></object><object><name>pedestrain</name><bndbox><xmax>297</xmax><xmin>239</xmin><ymax>278</ymax><ymin>167</ymin></bndbox><difficult>0</difficult><occluded>0</occluded><pose>Unspecified</pose><truncated>0</truncated></object><object><name>pedestrain</name><bndbox><xmax>51</xmax><xmin>1</xmin><ymax>152</ymax><ymin>69</ymin></bndbox><difficult>0</difficult><occluded>1</occluded><pose>Unspecified</pose><truncated>0</truncated></object><segmented>0</segmented><size><depth>3</depth><height>720</height><width>405</width></size><source><annotation>data_01</annotation><database>vatic</database><image>vatic</image></source><owner><flickrid>vatic</flickrid><name>vatic</name></owner></annotation>