<annotation><folder>output_data_01</folder><filename>000316.jpg</filename><object><name>pedestrain</name><bndbox><xmax>335</xmax><xmin>279</xmin><ymax>170</ymax><ymin>81</ymin></bndbox><difficult>0</difficult><occluded>0</occluded><pose>Unspecified</pose><truncated>0</truncated></object><object><name>pedestrain</name><bndbox><xmax>604</xmax><xmin>566</xmin><ymax>84</ymax><ymin>13</ymin></bndbox><difficult>0</difficult><occluded>1</occluded><pose>Unspecified</pose><truncated>0</truncated></object><segmented>0</segmented><size><depth>3</depth><height>720</height><width>405</width></size><source><annotation>data_01</annotation><database>vatic</database><image>vatic</image></source><owner><flickrid>vatic</flickrid><name>vatic</name></owner></annotation>