<annotation><folder>output_data_01</folder><filename>000301.jpg</filename><object><name>pedestrain</name><bndbox><xmax>84</xmax><xmin>0</xmin><ymax>404</ymax><ymin>355</ymin></bndbox><difficult>0</difficult><occluded>1</occluded><pose>Unspecified</pose><truncated>0</truncated></object><object><name>pedestrain</name><bndbox><xmax>283</xmax><xmin>232</xmin><ymax>166</ymax><ymin>74</ymin></bndbox><difficult>0</difficult><occluded>0</occluded><pose>Unspecified</pose><truncated>0</truncated></object><segmented>0</segmented><size><depth>3</depth><height>720</height><width>405</width></size><source><annotation>data_01</annotation><database>vatic</database><image>vatic</image></source><owner><flickrid>vatic</flickrid><name>vatic</name></owner></annotation>