<annotation><folder>output_data_01</folder><filename>000376.jpg</filename><object><name>pedestrain</name><bndbox><xmax>538</xmax><xmin>479</xmin><ymax>175</ymax><ymin>85</ymin></bndbox><difficult>0</difficult><occluded>0</occluded><pose>Unspecified</pose><truncated>0</truncated></object><object><name>pedestrain</name><bndbox><xmax>570</xmax><xmin>525</xmin><ymax>114</ymax><ymin>34</ymin></bndbox><difficult>0</difficult><occluded>0</occluded><pose>Unspecified</pose><truncated>0</truncated></object><object><name>pedestrain</name><bndbox><xmax>212</xmax><xmin>132</xmin><ymax>265</ymax><ymin>158</ymin></bndbox><difficult>0</difficult><occluded>0</occluded><pose>Unspecified</pose><truncated>0</truncated></object><segmented>0</segmented><size><depth>3</depth><height>720</height><width>405</width></size><source><annotation>data_01</annotation><database>vatic</database><image>vatic</image></source><owner><flickrid>vatic</flickrid><name>vatic</name></owner></annotation>