<annotation><folder>output_data_01</folder><filename>000391.jpg</filename><object><name>pedestrain</name><bndbox><xmax>579</xmax><xmin>527</xmin><ymax>158</ymax><ymin>69</ymin></bndbox><difficult>0</difficult><occluded>0</occluded><pose>Unspecified</pose><truncated>0</truncated></object><object><name>pedestrain</name><bndbox><xmax>527</xmax><xmin>482</xmin><ymax>125</ymax><ymin>45</ymin></bndbox><difficult>0</difficult><occluded>0</occluded><pose>Unspecified</pose><truncated>0</truncated></object><object><name>pedestrain</name><bndbox><xmax>281</xmax><xmin>207</xmin><ymax>249</ymax><ymin>142</ymin></bndbox><difficult>0</difficult><occluded>0</occluded><pose>Unspecified</pose><truncated>0</truncated></object><segmented>0</segmented><size><depth>3</depth><height>720</height><width>405</width></size><source><annotation>data_01</annotation><database>vatic</database><image>vatic</image></source><owner><flickrid>vatic</flickrid><name>vatic</name></owner></annotation>