<annotation><folder>output_data_01</folder><filename>000361.jpg</filename><object><name>pedestrain</name><bndbox><xmax>488</xmax><xmin>434</xmin><ymax>180</ymax><ymin>90</ymin></bndbox><difficult>0</difficult><occluded>0</occluded><pose>Unspecified</pose><truncated>0</truncated></object><object><name>pedestrain</name><bndbox><xmax>591</xmax><xmin>546</xmin><ymax>101</ymax><ymin>21</ymin></bndbox><difficult>0</difficult><occluded>0</occluded><pose>Unspecified</pose><truncated>0</truncated></object><object><name>pedestrain</name><bndbox><xmax>141</xmax><xmin>47</xmin><ymax>284</ymax><ymin>176</ymin></bndbox><difficult>0</difficult><occluded>0</occluded><pose>Unspecified</pose><truncated>0</truncated></object><segmented>0</segmented><size><depth>3</depth><height>720</height><width>405</width></size><source><annotation>data_01</annotation><database>vatic</database><image>vatic</image></source><owner><flickrid>vatic</flickrid><name>vatic</name></owner></annotation>