<annotation><folder>output_data_01</folder><filename>000346.jpg</filename><object><name>pedestrain</name><bndbox><xmax>434</xmax><xmin>379</xmin><ymax>176</ymax><ymin>89</ymin></bndbox><difficult>0</difficult><occluded>0</occluded><pose>Unspecified</pose><truncated>0</truncated></object><object><name>pedestrain</name><bndbox><xmax>606</xmax><xmin>566</xmin><ymax>95</ymax><ymin>22</ymin></bndbox><difficult>0</difficult><occluded>0</occluded><pose>Unspecified</pose><truncated>0</truncated></object><object><name>pedestrain</name><bndbox><xmax>74</xmax><xmin>0</xmin><ymax>299</ymax><ymin>200</ymin></bndbox><difficult>0</difficult><occluded>1</occluded><pose>Unspecified</pose><truncated>0</truncated></object><segmented>0</segmented><size><depth>3</depth><height>720</height><width>405</width></size><source><annotation>data_01</annotation><database>vatic</database><image>vatic</image></source><owner><flickrid>vatic</flickrid><name>vatic</name></owner></annotation>