<annotation><folder>output_data_01</folder><filename>000331.jpg</filename><object><name>pedestrain</name><bndbox><xmax>381</xmax><xmin>330</xmin><ymax>171</ymax><ymin>84</ymin></bndbox><difficult>0</difficult><occluded>0</occluded><pose>Unspecified</pose><truncated>0</truncated></object><object><name>pedestrain</name><bndbox><xmax>606</xmax><xmin>568</xmin><ymax>90</ymax><ymin>19</ymin></bndbox><difficult>0</difficult><occluded>0</occluded><pose>Unspecified</pose><truncated>0</truncated></object><segmented>0</segmented><size><depth>3</depth><height>720</height><width>405</width></size><source><annotation>data_01</annotation><database>vatic</database><image>vatic</image></source><owner><flickrid>vatic</flickrid><name>vatic</name></owner></annotation>