<annotation><folder>output_data_01</folder><filename>000466.jpg</filename><object><name>pedestrain</name><bndbox><xmax>309</xmax><xmin>266</xmin><ymax>133</ymax><ymin>54</ymin></bndbox><difficult>0</difficult><occluded>0</occluded><pose>Unspecified</pose><truncated>0</truncated></object><object><name>pedestrain</name><bndbox><xmax>530</xmax><xmin>469</xmin><ymax>173</ymax><ymin>69</ymin></bndbox><difficult>0</difficult><occluded>0</occluded><pose>Unspecified</pose><truncated>0</truncated></object><object><name>pedestrain</name><bndbox><xmax>600</xmax><xmin>564</xmin><ymax>86</ymax><ymin>6</ymin></bndbox><difficult>0</difficult><occluded>1</occluded><pose>Unspecified</pose><truncated>0</truncated></object><segmented>0</segmented><size><depth>3</depth><height>720</height><width>405</width></size><source><annotation>data_01</annotation><database>vatic</database><image>vatic</image></source><owner><flickrid>vatic</flickrid><name>vatic</name></owner></annotation>