<annotation><folder>output_data_01</folder><filename>000451.jpg</filename><object><name>pedestrain</name><bndbox><xmax>346</xmax><xmin>303</xmin><ymax>134</ymax><ymin>54</ymin></bndbox><difficult>0</difficult><occluded>0</occluded><pose>Unspecified</pose><truncated>0</truncated></object><object><name>pedestrain</name><bndbox><xmax>481</xmax><xmin>426</xmin><ymax>193</ymax><ymin>86</ymin></bndbox><difficult>0</difficult><occluded>0</occluded><pose>Unspecified</pose><truncated>0</truncated></object><segmented>0</segmented><size><depth>3</depth><height>720</height><width>405</width></size><source><annotation>data_01</annotation><database>vatic</database><image>vatic</image></source><owner><flickrid>vatic</flickrid><name>vatic</name></owner></annotation>