<annotation><folder>output_data_01</folder><filename>000421.jpg</filename><object><name>pedestrain</name><bndbox><xmax>635</xmax><xmin>580</xmin><ymax>121</ymax><ymin>33</ymin></bndbox><difficult>0</difficult><occluded>0</occluded><pose>Unspecified</pose><truncated>0</truncated></object><object><name>pedestrain</name><bndbox><xmax>432</xmax><xmin>387</xmin><ymax>132</ymax><ymin>52</ymin></bndbox><difficult>0</difficult><occluded>0</occluded><pose>Unspecified</pose><truncated>0</truncated></object><object><name>pedestrain</name><bndbox><xmax>383</xmax><xmin>318</xmin><ymax>220</ymax><ymin>113</ymin></bndbox><difficult>0</difficult><occluded>0</occluded><pose>Unspecified</pose><truncated>0</truncated></object><segmented>0</segmented><size><depth>3</depth><height>720</height><width>405</width></size><source><annotation>data_01</annotation><database>vatic</database><image>vatic</image></source><owner><flickrid>vatic</flickrid><name>vatic</name></owner></annotation>