<annotation><folder>output_data_01</folder><filename>000496.jpg</filename><object><name>pedestrain</name><bndbox><xmax>226</xmax><xmin>183</xmin><ymax>130</ymax><ymin>53</ymin></bndbox><difficult>0</difficult><occluded>0</occluded><pose>Unspecified</pose><truncated>0</truncated></object><object><name>pedestrain</name><bndbox><xmax>614</xmax><xmin>551</xmin><ymax>123</ymax><ymin>34</ymin></bndbox><difficult>0</difficult><occluded>0</occluded><pose>Unspecified</pose><truncated>0</truncated></object><object><name>pedestrain</name><bndbox><xmax>626</xmax><xmin>579</xmin><ymax>85</ymax><ymin>8</ymin></bndbox><difficult>0</difficult><occluded>1</occluded><pose>Unspecified</pose><truncated>0</truncated></object><object><name>pedestrain</name><bndbox><xmax>542</xmax><xmin>444</xmin><ymax>404</ymax><ymin>321</ymin></bndbox><difficult>0</difficult><occluded>1</occluded><pose>Unspecified</pose><truncated>0</truncated></object><segmented>0</segmented><size><depth>3</depth><height>720</height><width>405</width></size><source><annotation>data_01</annotation><database>vatic</database><image>vatic</image></source><owner><flickrid>vatic</flickrid><name>vatic</name></owner></annotation>