<annotation><folder>output_data_01</folder><filename>000766.jpg</filename><object><name>pedestrain</name><bndbox><xmax>154</xmax><xmin>88</xmin><ymax>154</ymax><ymin>59</ymin></bndbox><difficult>0</difficult><occluded>0</occluded><pose>Unspecified</pose><truncated>0</truncated></object><object><name>pedestrain</name><bndbox><xmax>648</xmax><xmin>587</xmin><ymax>105</ymax><ymin>8</ymin></bndbox><difficult>0</difficult><occluded>0</occluded><pose>Unspecified</pose><truncated>0</truncated></object><object><name>pedestrain</name><bndbox><xmax>549</xmax><xmin>494</xmin><ymax>121</ymax><ymin>23</ymin></bndbox><difficult>0</difficult><occluded>0</occluded><pose>Unspecified</pose><truncated>0</truncated></object><object><name>pedestrain</name><bndbox><xmax>126</xmax><xmin>1</xmin><ymax>403</ymax><ymin>320</ymin></bndbox><difficult>0</difficult><occluded>1</occluded><pose>Unspecified</pose><truncated>0</truncated></object><object><name>pedestrain</name><bndbox><xmax>277</xmax><xmin>215</xmin><ymax>171</ymax><ymin>69</ymin></bndbox><difficult>0</difficult><occluded>0</occluded><pose>Unspecified</pose><truncated>0</truncated></object><object><name>pedestrain</name><bndbox><xmax>568</xmax><xmin>502</xmin><ymax>166</ymax><ymin>61</ymin></bndbox><difficult>0</difficult><occluded>0</occluded><pose>Unspecified</pose><truncated>0</truncated></object><object><name>pedestrain</name><bndbox><xmax>491</xmax><xmin>439</xmin><ymax>186</ymax><ymin>89</ymin></bndbox><difficult>0</difficult><occluded>0</occluded><pose>Unspecified</pose><truncated>0</truncated></object><segmented>0</segmented><size><depth>3</depth><height>720</height><width>405</width></size><source><annotation>data_01</annotation><database>vatic</database><image>vatic</image></source><owner><flickrid>vatic</flickrid><name>vatic</name></owner></annotation>