<annotation><folder>output_data_01</folder><filename>000841.jpg</filename><object><name>pedestrain</name><bndbox><xmax>62</xmax><xmin>0</xmin><ymax>173</ymax><ymin>77</ymin></bndbox><difficult>0</difficult><occluded>1</occluded><pose>Unspecified</pose><truncated>0</truncated></object><object><name>pedestrain</name><bndbox><xmax>628</xmax><xmin>571</xmin><ymax>115</ymax><ymin>25</ymin></bndbox><difficult>0</difficult><occluded>0</occluded><pose>Unspecified</pose><truncated>0</truncated></object><object><name>pedestrain</name><bndbox><xmax>624</xmax><xmin>575</xmin><ymax>90</ymax><ymin>10</ymin></bndbox><difficult>0</difficult><occluded>1</occluded><pose>Unspecified</pose><truncated>0</truncated></object><object><name>pedestrain</name><bndbox><xmax>350</xmax><xmin>263</xmin><ymax>404</ymax><ymin>323</ymin></bndbox><difficult>0</difficult><occluded>1</occluded><pose>Unspecified</pose><truncated>0</truncated></object><segmented>0</segmented><size><depth>3</depth><height>720</height><width>405</width></size><source><annotation>data_01</annotation><database>vatic</database><image>vatic</image></source><owner><flickrid>vatic</flickrid><name>vatic</name></owner></annotation>