<annotation><folder>output_data_01</folder><filename>000931.jpg</filename><object><name>pedestrain</name><bndbox><xmax>519</xmax><xmin>469</xmin><ymax>134</ymax><ymin>41</ymin></bndbox><difficult>0</difficult><occluded>0</occluded><pose>Unspecified</pose><truncated>0</truncated></object><object><name>pedestrain</name><bndbox><xmax>541</xmax><xmin>470</xmin><ymax>220</ymax><ymin>118</ymin></bndbox><difficult>0</difficult><occluded>0</occluded><pose>Unspecified</pose><truncated>0</truncated></object><object><name>pedestrain</name><bndbox><xmax>417</xmax><xmin>365</xmin><ymax>233</ymax><ymin>129</ymin></bndbox><difficult>0</difficult><occluded>1</occluded><pose>Unspecified</pose><truncated>0</truncated></object><object><name>pedestrain</name><bndbox><xmax>589</xmax><xmin>532</xmin><ymax>174</ymax><ymin>83</ymin></bndbox><difficult>0</difficult><occluded>0</occluded><pose>Unspecified</pose><truncated>0</truncated></object><object><name>pedestrain</name><bndbox><xmax>440</xmax><xmin>383</xmin><ymax>243</ymax><ymin>153</ymin></bndbox><difficult>0</difficult><occluded>1</occluded><pose>Unspecified</pose><truncated>0</truncated></object><object><name>pedestrain</name><bndbox><xmax>486</xmax><xmin>416</xmin><ymax>279</ymax><ymin>170</ymin></bndbox><difficult>0</difficult><occluded>0</occluded><pose>Unspecified</pose><truncated>0</truncated></object><object><name>pedestrain</name><bndbox><xmax>425</xmax><xmin>361</xmin><ymax>306</ymax><ymin>193</ymin></bndbox><difficult>0</difficult><occluded>0</occluded><pose>Unspecified</pose><truncated>0</truncated></object><object><name>pedestrain</name><bndbox><xmax>609</xmax><xmin>564</xmin><ymax>94</ymax><ymin>21</ymin></bndbox><difficult>0</difficult><occluded>0</occluded><pose>Unspecified</pose><truncated>0</truncated></object><segmented>0</segmented><size><depth>3</depth><height>720</height><width>405</width></size><source><annotation>data_01</annotation><database>vatic</database><image>vatic</image></source><owner><flickrid>vatic</flickrid><name>vatic</name></owner></annotation>