<annotation><folder>output_data_01</folder><filename>000976.jpg</filename><object><name>pedestrain</name><bndbox><xmax>428</xmax><xmin>381</xmin><ymax>156</ymax><ymin>64</ymin></bndbox><difficult>0</difficult><occluded>1</occluded><pose>Unspecified</pose><truncated>0</truncated></object><object><name>pedestrain</name><bndbox><xmax>600</xmax><xmin>542</xmin><ymax>158</ymax><ymin>63</ymin></bndbox><difficult>0</difficult><occluded>1</occluded><pose>Unspecified</pose><truncated>0</truncated></object><object><name>pedestrain</name><bndbox><xmax>495</xmax><xmin>447</xmin><ymax>175</ymax><ymin>76</ymin></bndbox><difficult>0</difficult><occluded>1</occluded><pose>Unspecified</pose><truncated>0</truncated></object><object><name>pedestrain</name><bndbox><xmax>649</xmax><xmin>592</xmin><ymax>115</ymax><ymin>24</ymin></bndbox><difficult>0</difficult><occluded>1</occluded><pose>Unspecified</pose><truncated>0</truncated></object><object><name>pedestrain</name><bndbox><xmax>526</xmax><xmin>474</xmin><ymax>184</ymax><ymin>93</ymin></bndbox><difficult>0</difficult><occluded>1</occluded><pose>Unspecified</pose><truncated>0</truncated></object><object><name>pedestrain</name><bndbox><xmax>564</xmax><xmin>505</xmin><ymax>201</ymax><ymin>101</ymin></bndbox><difficult>0</difficult><occluded>0</occluded><pose>Unspecified</pose><truncated>0</truncated></object><object><name>pedestrain</name><bndbox><xmax>472</xmax><xmin>413</xmin><ymax>211</ymax><ymin>106</ymin></bndbox><difficult>0</difficult><occluded>0</occluded><pose>Unspecified</pose><truncated>0</truncated></object><object><name>pedestrain</name><bndbox><xmax>595</xmax><xmin>551</xmin><ymax>93</ymax><ymin>20</ymin></bndbox><difficult>0</difficult><occluded>1</occluded><pose>Unspecified</pose><truncated>0</truncated></object><segmented>0</segmented><size><depth>3</depth><height>720</height><width>405</width></size><source><annotation>data_01</annotation><database>vatic</database><image>vatic</image></source><owner><flickrid>vatic</flickrid><name>vatic</name></owner></annotation>