<annotation><folder>output_data_06</folder><filename>000046.jpg</filename><object><name>pedestrain</name><bndbox><xmax>333</xmax><xmin>271</xmin><ymax>284</ymax><ymin>174</ymin></bndbox><difficult>0</difficult><occluded>0</occluded><pose>Unspecified</pose><truncated>0</truncated></object><object><name>pedestrain</name><bndbox><xmax>378</xmax><xmin>329</xmin><ymax>154</ymax><ymin>71</ymin></bndbox><difficult>0</difficult><occluded>0</occluded><pose>Unspecified</pose><truncated>0</truncated></object><object><name>pedestrain</name><bndbox><xmax>558</xmax><xmin>517</xmin><ymax>107</ymax><ymin>14</ymin></bndbox><difficult>0</difficult><occluded>1</occluded><pose>Unspecified</pose><truncated>0</truncated></object><object><name>pedestrain</name><bndbox><xmax>536</xmax><xmin>487</xmin><ymax>142</ymax><ymin>38</ymin></bndbox><difficult>0</difficult><occluded>0</occluded><pose>Unspecified</pose><truncated>0</truncated></object><segmented>0</segmented><size><depth>3</depth><height>720</height><width>405</width></size><source><annotation>data_06</annotation><database>vatic</database><image>vatic</image></source><owner><flickrid>vatic</flickrid><name>vatic</name></owner></annotation>