<annotation><folder>output_data_06</folder><filename>000166.jpg</filename><object><name>pedestrain</name><bndbox><xmax>581</xmax><xmin>537</xmin><ymax>97</ymax><ymin>14</ymin></bndbox><difficult>0</difficult><occluded>0</occluded><pose>Unspecified</pose><truncated>0</truncated></object><object><name>pedestrain</name><bndbox><xmax>591</xmax><xmin>550</xmin><ymax>50</ymax><ymin>0</ymin></bndbox><difficult>0</difficult><occluded>1</occluded><pose>Unspecified</pose><truncated>0</truncated></object><object><name>pedestrain</name><bndbox><xmax>390</xmax><xmin>320</xmin><ymax>287</ymax><ymin>170</ymin></bndbox><difficult>0</difficult><occluded>0</occluded><pose>Unspecified</pose><truncated>0</truncated></object><object><name>pedestrain</name><bndbox><xmax>490</xmax><xmin>402</xmin><ymax>383</ymax><ymin>254</ymin></bndbox><difficult>0</difficult><occluded>0</occluded><pose>Unspecified</pose><truncated>0</truncated></object><segmented>0</segmented><size><depth>3</depth><height>720</height><width>405</width></size><source><annotation>data_06</annotation><database>vatic</database><image>vatic</image></source><owner><flickrid>vatic</flickrid><name>vatic</name></owner></annotation>