<annotation><folder>output_data_06</folder><filename>000121.jpg</filename><object><name>pedestrain</name><bndbox><xmax>623</xmax><xmin>523</xmin><ymax>388</ymax><ymin>276</ymin></bndbox><difficult>0</difficult><occluded>1</occluded><pose>Unspecified</pose><truncated>0</truncated></object><object><name>pedestrain</name><bndbox><xmax>536</xmax><xmin>488</xmin><ymax>138</ymax><ymin>50</ymin></bndbox><difficult>0</difficult><occluded>0</occluded><pose>Unspecified</pose><truncated>0</truncated></object><object><name>pedestrain</name><bndbox><xmax>584</xmax><xmin>540</xmin><ymax>90</ymax><ymin>2</ymin></bndbox><difficult>0</difficult><occluded>0</occluded><pose>Unspecified</pose><truncated>0</truncated></object><object><name>pedestrain</name><bndbox><xmax>564</xmax><xmin>475</xmin><ymax>399</ymax><ymin>288</ymin></bndbox><difficult>0</difficult><occluded>1</occluded><pose>Unspecified</pose><truncated>0</truncated></object><segmented>0</segmented><size><depth>3</depth><height>720</height><width>405</width></size><source><annotation>data_06</annotation><database>vatic</database><image>vatic</image></source><owner><flickrid>vatic</flickrid><name>vatic</name></owner></annotation>