<annotation><folder>output_data_06</folder><filename>000421.jpg</filename><object><name>pedestrain</name><bndbox><xmax>303</xmax><xmin>246</xmin><ymax>240</ymax><ymin>127</ymin></bndbox><difficult>0</difficult><occluded>0</occluded><pose>Unspecified</pose><truncated>0</truncated></object><object><name>pedestrain</name><bndbox><xmax>371</xmax><xmin>328</xmin><ymax>150</ymax><ymin>56</ymin></bndbox><difficult>0</difficult><occluded>1</occluded><pose>Unspecified</pose><truncated>0</truncated></object><object><name>pedestrain</name><bndbox><xmax>377</xmax><xmin>332</xmin><ymax>175</ymax><ymin>73</ymin></bndbox><difficult>0</difficult><occluded>0</occluded><pose>Unspecified</pose><truncated>0</truncated></object><object><name>pedestrain</name><bndbox><xmax>344</xmax><xmin>295</xmin><ymax>127</ymax><ymin>45</ymin></bndbox><difficult>0</difficult><occluded>0</occluded><pose>Unspecified</pose><truncated>0</truncated></object><object><name>pedestrain</name><bndbox><xmax>468</xmax><xmin>415</xmin><ymax>135</ymax><ymin>34</ymin></bndbox><difficult>0</difficult><occluded>1</occluded><pose>Unspecified</pose><truncated>0</truncated></object><segmented>0</segmented><size><depth>3</depth><height>720</height><width>405</width></size><source><annotation>data_06</annotation><database>vatic</database><image>vatic</image></source><owner><flickrid>vatic</flickrid><name>vatic</name></owner></annotation>