<annotation><folder>output_data_06</folder><filename>000541.jpg</filename><object><name>pedestrain</name><bndbox><xmax>592</xmax><xmin>537</xmin><ymax>90</ymax><ymin>9</ymin></bndbox><difficult>0</difficult><occluded>0</occluded><pose>Unspecified</pose><truncated>0</truncated></object><object><name>pedestrain</name><bndbox><xmax>376</xmax><xmin>327</xmin><ymax>133</ymax><ymin>42</ymin></bndbox><difficult>0</difficult><occluded>0</occluded><pose>Unspecified</pose><truncated>0</truncated></object><object><name>pedestrain</name><bndbox><xmax>64</xmax><xmin>2</xmin><ymax>132</ymax><ymin>41</ymin></bndbox><difficult>0</difficult><occluded>1</occluded><pose>Unspecified</pose><truncated>0</truncated></object><segmented>0</segmented><size><depth>3</depth><height>720</height><width>405</width></size><source><annotation>data_06</annotation><database>vatic</database><image>vatic</image></source><owner><flickrid>vatic</flickrid><name>vatic</name></owner></annotation>