<annotation><folder>output_data_06</folder><filename>000586.jpg</filename><object><name>pedestrain</name><bndbox><xmax>503</xmax><xmin>460</xmin><ymax>115</ymax><ymin>25</ymin></bndbox><difficult>0</difficult><occluded>1</occluded><pose>Unspecified</pose><truncated>0</truncated></object><object><name>pedestrain</name><bndbox><xmax>202</xmax><xmin>130</xmin><ymax>138</ymax><ymin>49</ymin></bndbox><difficult>0</difficult><occluded>1</occluded><pose>Unspecified</pose><truncated>0</truncated></object><object><name>pedestrain</name><bndbox><xmax>174</xmax><xmin>121</xmin><ymax>156</ymax><ymin>69</ymin></bndbox><difficult>0</difficult><occluded>0</occluded><pose>Unspecified</pose><truncated>0</truncated></object><segmented>0</segmented><size><depth>3</depth><height>720</height><width>405</width></size><source><annotation>data_06</annotation><database>vatic</database><image>vatic</image></source><owner><flickrid>vatic</flickrid><name>vatic</name></owner></annotation>