<annotation><folder>output_data_06</folder><filename>000616.jpg</filename><object><name>pedestrain</name><bndbox><xmax>560</xmax><xmin>517</xmin><ymax>96</ymax><ymin>6</ymin></bndbox><difficult>0</difficult><occluded>0</occluded><pose>Unspecified</pose><truncated>0</truncated></object><object><name>pedestrain</name><bndbox><xmax>283</xmax><xmin>226</xmin><ymax>144</ymax><ymin>51</ymin></bndbox><difficult>0</difficult><occluded>1</occluded><pose>Unspecified</pose><truncated>0</truncated></object><object><name>pedestrain</name><bndbox><xmax>275</xmax><xmin>222</xmin><ymax>160</ymax><ymin>73</ymin></bndbox><difficult>0</difficult><occluded>0</occluded><pose>Unspecified</pose><truncated>0</truncated></object><segmented>0</segmented><size><depth>3</depth><height>720</height><width>405</width></size><source><annotation>data_06</annotation><database>vatic</database><image>vatic</image></source><owner><flickrid>vatic</flickrid><name>vatic</name></owner></annotation>