<annotation><folder>output_data_06</folder><filename>000691.jpg</filename><object><name>pedestrain</name><bndbox><xmax>487</xmax><xmin>440</xmin><ymax>136</ymax><ymin>44</ymin></bndbox><difficult>0</difficult><occluded>1</occluded><pose>Unspecified</pose><truncated>0</truncated></object><object><name>pedestrain</name><bndbox><xmax>511</xmax><xmin>462</xmin><ymax>147</ymax><ymin>57</ymin></bndbox><difficult>0</difficult><occluded>0</occluded><pose>Unspecified</pose><truncated>0</truncated></object><segmented>0</segmented><size><depth>3</depth><height>720</height><width>405</width></size><source><annotation>data_06</annotation><database>vatic</database><image>vatic</image></source><owner><flickrid>vatic</flickrid><name>vatic</name></owner></annotation>