<annotation><folder>output_data_06</folder><filename>000706.jpg</filename><object><name>pedestrain</name><bndbox><xmax>520</xmax><xmin>469</xmin><ymax>127</ymax><ymin>35</ymin></bndbox><difficult>0</difficult><occluded>1</occluded><pose>Unspecified</pose><truncated>0</truncated></object><object><name>pedestrain</name><bndbox><xmax>543</xmax><xmin>499</xmin><ymax>140</ymax><ymin>51</ymin></bndbox><difficult>0</difficult><occluded>0</occluded><pose>Unspecified</pose><truncated>0</truncated></object><segmented>0</segmented><size><depth>3</depth><height>720</height><width>405</width></size><source><annotation>data_06</annotation><database>vatic</database><image>vatic</image></source><owner><flickrid>vatic</flickrid><name>vatic</name></owner></annotation>