<annotation><folder>output_data_06</folder><filename>000961.jpg</filename><object><name>pedestrain</name><bndbox><xmax>59</xmax><xmin>0</xmin><ymax>372</ymax><ymin>294</ymin></bndbox><difficult>0</difficult><occluded>1</occluded><pose>Unspecified</pose><truncated>0</truncated></object><segmented>0</segmented><size><depth>3</depth><height>720</height><width>405</width></size><source><annotation>data_06</annotation><database>vatic</database><image>vatic</image></source><owner><flickrid>vatic</flickrid><name>vatic</name></owner></annotation>