<annotation><folder>output_data_06</folder><filename>000991.jpg</filename><object><name>pedestrain</name><bndbox><xmax>201</xmax><xmin>124</xmin><ymax>302</ymax><ymin>203</ymin></bndbox><difficult>0</difficult><occluded>0</occluded><pose>Unspecified</pose><truncated>0</truncated></object><object><name>pedestrain</name><bndbox><xmax>137</xmax><xmin>33</xmin><ymax>307</ymax><ymin>191</ymin></bndbox><difficult>0</difficult><occluded>0</occluded><pose>Unspecified</pose><truncated>0</truncated></object><object><name>pedestrain</name><bndbox><xmax>63</xmax><xmin>0</xmin><ymax>287</ymax><ymin>175</ymin></bndbox><difficult>0</difficult><occluded>1</occluded><pose>Unspecified</pose><truncated>0</truncated></object><segmented>0</segmented><size><depth>3</depth><height>720</height><width>405</width></size><source><annotation>data_06</annotation><database>vatic</database><image>vatic</image></source><owner><flickrid>vatic</flickrid><name>vatic</name></owner></annotation>