<annotation><folder>output_data_00</folder><filename>000286.jpg</filename><object><name>pedestrain</name><bndbox><xmax>442</xmax><xmin>412</xmin><ymax>103</ymax><ymin>31</ymin></bndbox><difficult>0</difficult><occluded>0</occluded><pose>Unspecified</pose><truncated>0</truncated></object><object><name>pedestrain</name><bndbox><xmax>234</xmax><xmin>200</xmin><ymax>156</ymax><ymin>66</ymin></bndbox><difficult>0</difficult><occluded>1</occluded><pose>Unspecified</pose><truncated>0</truncated></object><object><name>pedestrain</name><bndbox><xmax>677</xmax><xmin>615</xmin><ymax>87</ymax><ymin>10</ymin></bndbox><difficult>0</difficult><occluded>1</occluded><pose>Unspecified</pose><truncated>0</truncated></object><object><name>pedestrain</name><bndbox><xmax>247</xmax><xmin>198</xmin><ymax>173</ymax><ymin>86</ymin></bndbox><difficult>0</difficult><occluded>0</occluded><pose>Unspecified</pose><truncated>0</truncated></object><object><name>pedestrain</name><bndbox><xmax>398</xmax><xmin>356</xmin><ymax>116</ymax><ymin>29</ymin></bndbox><difficult>0</difficult><occluded>0</occluded><pose>Unspecified</pose><truncated>0</truncated></object><object><name>pedestrain</name><bndbox><xmax>375</xmax><xmin>346</xmin><ymax>82</ymax><ymin>5</ymin></bndbox><difficult>0</difficult><occluded>0</occluded><pose>Unspecified</pose><truncated>0</truncated></object><object><name>pedestrain</name><bndbox><xmax>570</xmax><xmin>515</xmin><ymax>158</ymax><ymin>58</ymin></bndbox><difficult>0</difficult><occluded>0</occluded><pose>Unspecified</pose><truncated>0</truncated></object><object><name>pedestrain</name><bndbox><xmax>556</xmax><xmin>496</xmin><ymax>309</ymax><ymin>206</ymin></bndbox><difficult>0</difficult><occluded>0</occluded><pose>Unspecified</pose><truncated>0</truncated></object><segmented>0</segmented><size><depth>3</depth><height>720</height><width>405</width></size><source><annotation>data_00</annotation><database>vatic</database><image>vatic</image></source><owner><flickrid>vatic</flickrid><name>vatic</name></owner></annotation>