<annotation><folder>output_data_00</folder><filename>000436.jpg</filename><object><name>pedestrain</name><bndbox><xmax>442</xmax><xmin>412</xmin><ymax>103</ymax><ymin>31</ymin></bndbox><difficult>0</difficult><occluded>0</occluded><pose>Unspecified</pose><truncated>0</truncated></object><object><name>pedestrain</name><bndbox><xmax>617</xmax><xmin>572</xmin><ymax>107</ymax><ymin>21</ymin></bndbox><difficult>0</difficult><occluded>0</occluded><pose>Unspecified</pose><truncated>0</truncated></object><object><name>pedestrain</name><bndbox><xmax>643</xmax><xmin>600</xmin><ymax>102</ymax><ymin>30</ymin></bndbox><difficult>0</difficult><occluded>1</occluded><pose>Unspecified</pose><truncated>0</truncated></object><object><name>pedestrain</name><bndbox><xmax>240</xmax><xmin>188</xmin><ymax>128</ymax><ymin>47</ymin></bndbox><difficult>0</difficult><occluded>0</occluded><pose>Unspecified</pose><truncated>0</truncated></object><object><name>pedestrain</name><bndbox><xmax>549</xmax><xmin>502</xmin><ymax>121</ymax><ymin>39</ymin></bndbox><difficult>0</difficult><occluded>0</occluded><pose>Unspecified</pose><truncated>0</truncated></object><object><name>pedestrain</name><bndbox><xmax>618</xmax><xmin>565</xmin><ymax>87</ymax><ymin>10</ymin></bndbox><difficult>0</difficult><occluded>1</occluded><pose>Unspecified</pose><truncated>0</truncated></object><segmented>0</segmented><size><depth>3</depth><height>720</height><width>405</width></size><source><annotation>data_00</annotation><database>vatic</database><image>vatic</image></source><owner><flickrid>vatic</flickrid><name>vatic</name></owner></annotation>