<annotation><folder>output_data_00</folder><filename>000691.jpg</filename><object><name>pedestrain</name><bndbox><xmax>440</xmax><xmin>411</xmin><ymax>104</ymax><ymin>29</ymin></bndbox><difficult>0</difficult><occluded>1</occluded><pose>Unspecified</pose><truncated>0</truncated></object><object><name>pedestrain</name><bndbox><xmax>647</xmax><xmin>596</xmin><ymax>126</ymax><ymin>41</ymin></bndbox><difficult>0</difficult><occluded>1</occluded><pose>Unspecified</pose><truncated>0</truncated></object><object><name>pedestrain</name><bndbox><xmax>452</xmax><xmin>409</xmin><ymax>140</ymax><ymin>56</ymin></bndbox><difficult>0</difficult><occluded>0</occluded><pose>Unspecified</pose><truncated>0</truncated></object><object><name>pedestrain</name><bndbox><xmax>648</xmax><xmin>612</xmin><ymax>65</ymax><ymin>11</ymin></bndbox><difficult>0</difficult><occluded>1</occluded><pose>Unspecified</pose><truncated>0</truncated></object><segmented>0</segmented><size><depth>3</depth><height>720</height><width>405</width></size><source><annotation>data_00</annotation><database>vatic</database><image>vatic</image></source><owner><flickrid>vatic</flickrid><name>vatic</name></owner></annotation>