<annotation><folder>output_data_00</folder><filename>000661.jpg</filename><object><name>pedestrain</name><bndbox><xmax>442</xmax><xmin>412</xmin><ymax>102</ymax><ymin>30</ymin></bndbox><difficult>0</difficult><occluded>0</occluded><pose>Unspecified</pose><truncated>0</truncated></object><object><name>pedestrain</name><bndbox><xmax>613</xmax><xmin>551</xmin><ymax>152</ymax><ymin>63</ymin></bndbox><difficult>0</difficult><occluded>0</occluded><pose>Unspecified</pose><truncated>0</truncated></object><object><name>pedestrain</name><bndbox><xmax>375</xmax><xmin>336</xmin><ymax>127</ymax><ymin>48</ymin></bndbox><difficult>0</difficult><occluded>0</occluded><pose>Unspecified</pose><truncated>0</truncated></object><segmented>0</segmented><size><depth>3</depth><height>720</height><width>405</width></size><source><annotation>data_00</annotation><database>vatic</database><image>vatic</image></source><owner><flickrid>vatic</flickrid><name>vatic</name></owner></annotation>