<annotation><folder>output_data_00</folder><filename>000676.jpg</filename><object><name>pedestrain</name><bndbox><xmax>442</xmax><xmin>412</xmin><ymax>102</ymax><ymin>30</ymin></bndbox><difficult>0</difficult><occluded>0</occluded><pose>Unspecified</pose><truncated>0</truncated></object><object><name>pedestrain</name><bndbox><xmax>632</xmax><xmin>574</xmin><ymax>141</ymax><ymin>50</ymin></bndbox><difficult>0</difficult><occluded>0</occluded><pose>Unspecified</pose><truncated>0</truncated></object><object><name>pedestrain</name><bndbox><xmax>412</xmax><xmin>374</xmin><ymax>137</ymax><ymin>52</ymin></bndbox><difficult>0</difficult><occluded>0</occluded><pose>Unspecified</pose><truncated>0</truncated></object><object><name>pedestrain</name><bndbox><xmax>666</xmax><xmin>633</xmin><ymax>48</ymax><ymin>6</ymin></bndbox><difficult>0</difficult><occluded>1</occluded><pose>Unspecified</pose><truncated>0</truncated></object><segmented>0</segmented><size><depth>3</depth><height>720</height><width>405</width></size><source><annotation>data_00</annotation><database>vatic</database><image>vatic</image></source><owner><flickrid>vatic</flickrid><name>vatic</name></owner></annotation>