<annotation><folder>output_data_00</folder><filename>000706.jpg</filename><object><name>pedestrain</name><bndbox><xmax>440</xmax><xmin>411</xmin><ymax>106</ymax><ymin>29</ymin></bndbox><difficult>0</difficult><occluded>0</occluded><pose>Unspecified</pose><truncated>0</truncated></object><object><name>pedestrain</name><bndbox><xmax>662</xmax><xmin>615</xmin><ymax>104</ymax><ymin>29</ymin></bndbox><difficult>0</difficult><occluded>1</occluded><pose>Unspecified</pose><truncated>0</truncated></object><object><name>pedestrain</name><bndbox><xmax>495</xmax><xmin>444</xmin><ymax>143</ymax><ymin>58</ymin></bndbox><difficult>0</difficult><occluded>0</occluded><pose>Unspecified</pose><truncated>0</truncated></object><object><name>pedestrain</name><bndbox><xmax>624</xmax><xmin>577</xmin><ymax>86</ymax><ymin>11</ymin></bndbox><difficult>0</difficult><occluded>1</occluded><pose>Unspecified</pose><truncated>0</truncated></object><segmented>0</segmented><size><depth>3</depth><height>720</height><width>405</width></size><source><annotation>data_00</annotation><database>vatic</database><image>vatic</image></source><owner><flickrid>vatic</flickrid><name>vatic</name></owner></annotation>