<annotation><folder>output_data_00</folder><filename>000766.jpg</filename><object><name>pedestrain</name><bndbox><xmax>442</xmax><xmin>413</xmin><ymax>108</ymax><ymin>31</ymin></bndbox><difficult>0</difficult><occluded>1</occluded><pose>Unspecified</pose><truncated>0</truncated></object><object><name>pedestrain</name><bndbox><xmax>635</xmax><xmin>578</xmin><ymax>119</ymax><ymin>40</ymin></bndbox><difficult>0</difficult><occluded>1</occluded><pose>Unspecified</pose><truncated>0</truncated></object><object><name>pedestrain</name><bndbox><xmax>455</xmax><xmin>413</xmin><ymax>126</ymax><ymin>45</ymin></bndbox><difficult>0</difficult><occluded>0</occluded><pose>Unspecified</pose><truncated>0</truncated></object><segmented>0</segmented><size><depth>3</depth><height>720</height><width>405</width></size><source><annotation>data_00</annotation><database>vatic</database><image>vatic</image></source><owner><flickrid>vatic</flickrid><name>vatic</name></owner></annotation>