<annotation><folder>output_data_00</folder><filename>000841.jpg</filename><object><name>pedestrain</name><bndbox><xmax>442</xmax><xmin>407</xmin><ymax>107</ymax><ymin>30</ymin></bndbox><difficult>0</difficult><occluded>0</occluded><pose>Unspecified</pose><truncated>0</truncated></object><object><name>pedestrain</name><bndbox><xmax>330</xmax><xmin>301</xmin><ymax>68</ymax><ymin>0</ymin></bndbox><difficult>0</difficult><occluded>1</occluded><pose>Unspecified</pose><truncated>0</truncated></object><segmented>0</segmented><size><depth>3</depth><height>720</height><width>405</width></size><source><annotation>data_00</annotation><database>vatic</database><image>vatic</image></source><owner><flickrid>vatic</flickrid><name>vatic</name></owner></annotation>