<annotation><folder>output_data_00</folder><filename>000931.jpg</filename><object><name>pedestrain</name><bndbox><xmax>446</xmax><xmin>411</xmin><ymax>109</ymax><ymin>32</ymin></bndbox><difficult>0</difficult><occluded>0</occluded><pose>Unspecified</pose><truncated>0</truncated></object><segmented>0</segmented><size><depth>3</depth><height>720</height><width>405</width></size><source><annotation>data_00</annotation><database>vatic</database><image>vatic</image></source><owner><flickrid>vatic</flickrid><name>vatic</name></owner></annotation>