<annotation><folder>output_data_00</folder><filename>000961.jpg</filename><object><name>pedestrain</name><bndbox><xmax>447</xmax><xmin>412</xmin><ymax>109</ymax><ymin>33</ymin></bndbox><difficult>0</difficult><occluded>0</occluded><pose>Unspecified</pose><truncated>0</truncated></object><object><name>pedestrain</name><bndbox><xmax>334</xmax><xmin>272</xmin><ymax>398</ymax><ymin>292</ymin></bndbox><difficult>0</difficult><occluded>1</occluded><pose>Unspecified</pose><truncated>0</truncated></object><object><name>pedestrain</name><bndbox><xmax>312</xmax><xmin>239</xmin><ymax>402</ymax><ymin>311</ymin></bndbox><difficult>0</difficult><occluded>1</occluded><pose>Unspecified</pose><truncated>0</truncated></object><segmented>0</segmented><size><depth>3</depth><height>720</height><width>405</width></size><source><annotation>data_00</annotation><database>vatic</database><image>vatic</image></source><owner><flickrid>vatic</flickrid><name>vatic</name></owner></annotation>