<annotation><folder>output_data_00</folder><filename>000976.jpg</filename><object><name>pedestrain</name><bndbox><xmax>449</xmax><xmin>415</xmin><ymax>108</ymax><ymin>33</ymin></bndbox><difficult>0</difficult><occluded>0</occluded><pose>Unspecified</pose><truncated>0</truncated></object><object><name>pedestrain</name><bndbox><xmax>286</xmax><xmin>219</xmin><ymax>358</ymax><ymin>246</ymin></bndbox><difficult>0</difficult><occluded>1</occluded><pose>Unspecified</pose><truncated>0</truncated></object><object><name>pedestrain</name><bndbox><xmax>257</xmax><xmin>186</xmin><ymax>389</ymax><ymin>261</ymin></bndbox><difficult>0</difficult><occluded>0</occluded><pose>Unspecified</pose><truncated>0</truncated></object><segmented>0</segmented><size><depth>3</depth><height>720</height><width>405</width></size><source><annotation>data_00</annotation><database>vatic</database><image>vatic</image></source><owner><flickrid>vatic</flickrid><name>vatic</name></owner></annotation>