<annotation><folder>Runmin_output_01</folder><filename>000181.jpg</filename><object><name>pedestrain</name><bndbox><xmax>224</xmax><xmin>190</xmin><ymax>106</ymax><ymin>30</ymin></bndbox><difficult>0</difficult><occluded>0</occluded><pose>Unspecified</pose><truncated>0</truncated></object><object><name>pedestrain</name><bndbox><xmax>256</xmax><xmin>228</xmin><ymax>103</ymax><ymin>27</ymin></bndbox><difficult>0</difficult><occluded>0</occluded><pose>Unspecified</pose><truncated>0</truncated></object><object><name>pedestrain</name><bndbox><xmax>324</xmax><xmin>301</xmin><ymax>21</ymax><ymin>0</ymin></bndbox><difficult>0</difficult><occluded>1</occluded><pose>Unspecified</pose><truncated>0</truncated></object><object><name>pedestrain</name><bndbox><xmax>356</xmax><xmin>334</xmin><ymax>41</ymax><ymin>0</ymin></bndbox><difficult>0</difficult><occluded>1</occluded><pose>Unspecified</pose><truncated>0</truncated></object><object><name>pedestrain</name><bndbox><xmax>380</xmax><xmin>358</xmin><ymax>40</ymax><ymin>2</ymin></bndbox><difficult>0</difficult><occluded>1</occluded><pose>Unspecified</pose><truncated>0</truncated></object><object><name>pedestrain</name><bndbox><xmax>412</xmax><xmin>389</xmin><ymax>63</ymax><ymin>2</ymin></bndbox><difficult>0</difficult><occluded>1</occluded><pose>Unspecified</pose><truncated>0</truncated></object><segmented>0</segmented><size><depth>3</depth><height>720</height><width>405</width></size><source><annotation>Runmin_data_01</annotation><database>vatic</database><image>vatic</image></source><owner><flickrid>vatic</flickrid><name>vatic</name></owner></annotation>