<annotation><folder>Runmin_output_01</folder><filename>000286.jpg</filename><object><name>pedestrain</name><bndbox><xmax>90</xmax><xmin>28</xmin><ymax>288</ymax><ymin>191</ymin></bndbox><difficult>0</difficult><occluded>0</occluded><pose>Unspecified</pose><truncated>0</truncated></object><object><name>pedestrain</name><bndbox><xmax>149</xmax><xmin>90</xmin><ymax>270</ymax><ymin>171</ymin></bndbox><difficult>0</difficult><occluded>0</occluded><pose>Unspecified</pose><truncated>0</truncated></object><object><name>pedestrain</name><bndbox><xmax>319</xmax><xmin>295</xmin><ymax>61</ymax><ymin>0</ymin></bndbox><difficult>0</difficult><occluded>0</occluded><pose>Unspecified</pose><truncated>0</truncated></object><object><name>pedestrain</name><bndbox><xmax>284</xmax><xmin>250</xmin><ymax>121</ymax><ymin>47</ymin></bndbox><difficult>0</difficult><occluded>0</occluded><pose>Unspecified</pose><truncated>0</truncated></object><object><name>pedestrain</name><bndbox><xmax>333</xmax><xmin>294</xmin><ymax>124</ymax><ymin>48</ymin></bndbox><difficult>0</difficult><occluded>0</occluded><pose>Unspecified</pose><truncated>0</truncated></object><object><name>pedestrain</name><bndbox><xmax>516</xmax><xmin>471</xmin><ymax>208</ymax><ymin>115</ymin></bndbox><difficult>0</difficult><occluded>0</occluded><pose>Unspecified</pose><truncated>0</truncated></object><segmented>0</segmented><size><depth>3</depth><height>720</height><width>405</width></size><source><annotation>Runmin_data_01</annotation><database>vatic</database><image>vatic</image></source><owner><flickrid>vatic</flickrid><name>vatic</name></owner></annotation>