<annotation><folder>Runmin_output_01</folder><filename>000376.jpg</filename><object><name>pedestrain</name><bndbox><xmax>302</xmax><xmin>265</xmin><ymax>166</ymax><ymin>85</ymin></bndbox><difficult>0</difficult><occluded>0</occluded><pose>Unspecified</pose><truncated>0</truncated></object><object><name>pedestrain</name><bndbox><xmax>100</xmax><xmin>21</xmin><ymax>317</ymax><ymin>208</ymin></bndbox><difficult>0</difficult><occluded>0</occluded><pose>Unspecified</pose><truncated>0</truncated></object><object><name>pedestrain</name><bndbox><xmax>168</xmax><xmin>88</xmin><ymax>323</ymax><ymin>199</ymin></bndbox><difficult>0</difficult><occluded>0</occluded><pose>Unspecified</pose><truncated>0</truncated></object><segmented>0</segmented><size><depth>3</depth><height>720</height><width>405</width></size><source><annotation>Runmin_data_01</annotation><database>vatic</database><image>vatic</image></source><owner><flickrid>vatic</flickrid><name>vatic</name></owner></annotation>