<annotation><folder>Runmin_output_01</folder><filename>000346.jpg</filename><object><name>pedestrain</name><bndbox><xmax>315</xmax><xmin>285</xmin><ymax>130</ymax><ymin>56</ymin></bndbox><difficult>0</difficult><occluded>0</occluded><pose>Unspecified</pose><truncated>0</truncated></object><object><name>pedestrain</name><bndbox><xmax>185</xmax><xmin>131</xmin><ymax>225</ymax><ymin>125</ymin></bndbox><difficult>0</difficult><occluded>0</occluded><pose>Unspecified</pose><truncated>0</truncated></object><object><name>pedestrain</name><bndbox><xmax>230</xmax><xmin>181</xmin><ymax>235</ymax><ymin>126</ymin></bndbox><difficult>0</difficult><occluded>0</occluded><pose>Unspecified</pose><truncated>0</truncated></object><object><name>pedestrain</name><bndbox><xmax>683</xmax><xmin>567</xmin><ymax>403</ymax><ymin>325</ymin></bndbox><difficult>0</difficult><occluded>0</occluded><pose>Unspecified</pose><truncated>0</truncated></object><segmented>0</segmented><size><depth>3</depth><height>720</height><width>405</width></size><source><annotation>Runmin_data_01</annotation><database>vatic</database><image>vatic</image></source><owner><flickrid>vatic</flickrid><name>vatic</name></owner></annotation>