<annotation><folder>Runmin_output_01</folder><filename>000526.jpg</filename><object><name>pedestrain</name><bndbox><xmax>278</xmax><xmin>248</xmin><ymax>30</ymax><ymin>1</ymin></bndbox><difficult>0</difficult><occluded>1</occluded><pose>Unspecified</pose><truncated>0</truncated></object><segmented>0</segmented><size><depth>3</depth><height>720</height><width>405</width></size><source><annotation>Runmin_data_01</annotation><database>vatic</database><image>vatic</image></source><owner><flickrid>vatic</flickrid><name>vatic</name></owner></annotation>