<annotation><folder>Runmin_output_01</folder><filename>000706.jpg</filename><object><name>pedestrain</name><bndbox><xmax>68</xmax><xmin>0</xmin><ymax>211</ymax><ymin>114</ymin></bndbox><difficult>0</difficult><occluded>1</occluded><pose>Unspecified</pose><truncated>0</truncated></object><segmented>0</segmented><size><depth>3</depth><height>720</height><width>405</width></size><source><annotation>Runmin_data_01</annotation><database>vatic</database><image>vatic</image></source><owner><flickrid>vatic</flickrid><name>vatic</name></owner></annotation>