<annotation><folder>output_0030_01.txt</folder><filename>000001.jpg</filename><object><name>Pedestrian</name><bndbox><xmax>287</xmax><xmin>256</xmin><ymax>117</ymax><ymin>59</ymin></bndbox><difficult>0</difficult><occluded>0</occluded><pose>Unspecified</pose><truncated>0</truncated></object><object><name>Pedestrian</name><bndbox><xmax>293</xmax><xmin>269</xmin><ymax>113</ymax><ymin>57</ymin></bndbox><difficult>0</difficult><occluded>1</occluded><pose>Unspecified</pose><truncated>0</truncated></object><object><name>Pedestrian</name><bndbox><xmax>648</xmax><xmin>612</xmin><ymax>146</ymax><ymin>80</ymin></bndbox><difficult>0</difficult><occluded>0</occluded><pose>Unspecified</pose><truncated>0</truncated></object><object><name>Pedestrian</name><bndbox><xmax>626</xmax><xmin>591</xmin><ymax>113</ymax><ymin>52</ymin></bndbox><difficult>0</difficult><occluded>0</occluded><pose>Unspecified</pose><truncated>0</truncated></object><object><name>Pedestrian</name><bndbox><xmax>606</xmax><xmin>576</xmin><ymax>105</ymax><ymin>41</ymin></bndbox><difficult>0</difficult><occluded>1</occluded><pose>Unspecified</pose><truncated>0</truncated></object><segmented>0</segmented><size><depth>3</depth><height>720</height><width>405</width></size><source><annotation>DJI_0030_01</annotation><database>vatic</database><image>vatic</image></source><owner><flickrid>vatic</flickrid><name>vatic</name></owner></annotation>