<annotation><folder>output_0030_01.txt</folder><filename>000076.jpg</filename><object><name>Pedestrian</name><bndbox><xmax>189</xmax><xmin>155</xmin><ymax>111</ymax><ymin>54</ymin></bndbox><difficult>0</difficult><occluded>0</occluded><pose>Unspecified</pose><truncated>0</truncated></object><object><name>Pedestrian</name><bndbox><xmax>198</xmax><xmin>167</xmin><ymax>106</ymax><ymin>46</ymin></bndbox><difficult>0</difficult><occluded>1</occluded><pose>Unspecified</pose><truncated>0</truncated></object><object><name>Pedestrian</name><bndbox><xmax>477</xmax><xmin>442</xmin><ymax>131</ymax><ymin>68</ymin></bndbox><difficult>0</difficult><occluded>0</occluded><pose>Unspecified</pose><truncated>0</truncated></object><object><name>Pedestrian</name><bndbox><xmax>504</xmax><xmin>471</xmin><ymax>106</ymax><ymin>49</ymin></bndbox><difficult>0</difficult><occluded>1</occluded><pose>Unspecified</pose><truncated>0</truncated></object><object><name>Pedestrian</name><bndbox><xmax>495</xmax><xmin>469</xmin><ymax>102</ymax><ymin>45</ymin></bndbox><difficult>0</difficult><occluded>1</occluded><pose>Unspecified</pose><truncated>0</truncated></object><segmented>0</segmented><size><depth>3</depth><height>720</height><width>405</width></size><source><annotation>DJI_0030_01</annotation><database>vatic</database><image>vatic</image></source><owner><flickrid>vatic</flickrid><name>vatic</name></owner></annotation>