<annotation><folder>output_0030_01.txt</folder><filename>000061.jpg</filename><object><name>Pedestrian</name><bndbox><xmax>211</xmax><xmin>177</xmin><ymax>112</ymax><ymin>55</ymin></bndbox><difficult>0</difficult><occluded>0</occluded><pose>Unspecified</pose><truncated>0</truncated></object><object><name>Pedestrian</name><bndbox><xmax>215</xmax><xmin>183</xmin><ymax>106</ymax><ymin>51</ymin></bndbox><difficult>0</difficult><occluded>1</occluded><pose>Unspecified</pose><truncated>0</truncated></object><object><name>Pedestrian</name><bndbox><xmax>511</xmax><xmin>476</xmin><ymax>135</ymax><ymin>72</ymin></bndbox><difficult>0</difficult><occluded>0</occluded><pose>Unspecified</pose><truncated>0</truncated></object><object><name>Pedestrian</name><bndbox><xmax>529</xmax><xmin>495</xmin><ymax>104</ymax><ymin>49</ymin></bndbox><difficult>0</difficult><occluded>1</occluded><pose>Unspecified</pose><truncated>0</truncated></object><object><name>Pedestrian</name><bndbox><xmax>521</xmax><xmin>492</xmin><ymax>100</ymax><ymin>42</ymin></bndbox><difficult>0</difficult><occluded>1</occluded><pose>Unspecified</pose><truncated>0</truncated></object><segmented>0</segmented><size><depth>3</depth><height>720</height><width>405</width></size><source><annotation>DJI_0030_01</annotation><database>vatic</database><image>vatic</image></source><owner><flickrid>vatic</flickrid><name>vatic</name></owner></annotation>