<annotation><folder>output_0030_01.txt</folder><filename>000166.jpg</filename><object><name>Pedestrian</name><bndbox><xmax>121</xmax><xmin>83</xmin><ymax>89</ymax><ymin>24</ymin></bndbox><difficult>0</difficult><occluded>0</occluded><pose>Unspecified</pose><truncated>0</truncated></object><object><name>Pedestrian</name><bndbox><xmax>131</xmax><xmin>96</xmin><ymax>84</ymax><ymin>21</ymin></bndbox><difficult>0</difficult><occluded>1</occluded><pose>Unspecified</pose><truncated>0</truncated></object><object><name>Pedestrian</name><bndbox><xmax>282</xmax><xmin>247</xmin><ymax>118</ymax><ymin>55</ymin></bndbox><difficult>0</difficult><occluded>0</occluded><pose>Unspecified</pose><truncated>0</truncated></object><object><name>Pedestrian</name><bndbox><xmax>367</xmax><xmin>338</xmin><ymax>103</ymax><ymin>45</ymin></bndbox><difficult>0</difficult><occluded>0</occluded><pose>Unspecified</pose><truncated>0</truncated></object><object><name>Pedestrian</name><bndbox><xmax>355</xmax><xmin>329</xmin><ymax>97</ymax><ymin>40</ymin></bndbox><difficult>0</difficult><occluded>1</occluded><pose>Unspecified</pose><truncated>0</truncated></object><segmented>0</segmented><size><depth>3</depth><height>720</height><width>405</width></size><source><annotation>DJI_0030_01</annotation><database>vatic</database><image>vatic</image></source><owner><flickrid>vatic</flickrid><name>vatic</name></owner></annotation>