<annotation><folder>output_0030_01.txt</folder><filename>000181.jpg</filename><object><name>Pedestrian</name><bndbox><xmax>110</xmax><xmin>71</xmin><ymax>85</ymax><ymin>19</ymin></bndbox><difficult>0</difficult><occluded>0</occluded><pose>Unspecified</pose><truncated>0</truncated></object><object><name>Pedestrian</name><bndbox><xmax>120</xmax><xmin>85</xmin><ymax>80</ymax><ymin>17</ymin></bndbox><difficult>0</difficult><occluded>1</occluded><pose>Unspecified</pose><truncated>0</truncated></object><object><name>Pedestrian</name><bndbox><xmax>249</xmax><xmin>214</xmin><ymax>116</ymax><ymin>53</ymin></bndbox><difficult>0</difficult><occluded>0</occluded><pose>Unspecified</pose><truncated>0</truncated></object><object><name>Pedestrian</name><bndbox><xmax>344</xmax><xmin>316</xmin><ymax>102</ymax><ymin>45</ymin></bndbox><difficult>0</difficult><occluded>0</occluded><pose>Unspecified</pose><truncated>0</truncated></object><object><name>Pedestrian</name><bndbox><xmax>332</xmax><xmin>306</xmin><ymax>96</ymax><ymin>39</ymin></bndbox><difficult>0</difficult><occluded>1</occluded><pose>Unspecified</pose><truncated>0</truncated></object><segmented>0</segmented><size><depth>3</depth><height>720</height><width>405</width></size><source><annotation>DJI_0030_01</annotation><database>vatic</database><image>vatic</image></source><owner><flickrid>vatic</flickrid><name>vatic</name></owner></annotation>