<annotation><folder>output_0030_01.txt</folder><filename>000226.jpg</filename><object><name>Pedestrian</name><bndbox><xmax>77</xmax><xmin>33</xmin><ymax>74</ymax><ymin>7</ymin></bndbox><difficult>0</difficult><occluded>0</occluded><pose>Unspecified</pose><truncated>0</truncated></object><object><name>Pedestrian</name><bndbox><xmax>88</xmax><xmin>49</xmin><ymax>68</ymax><ymin>5</ymin></bndbox><difficult>0</difficult><occluded>1</occluded><pose>Unspecified</pose><truncated>0</truncated></object><object><name>Pedestrian</name><bndbox><xmax>155</xmax><xmin>115</xmin><ymax>104</ymax><ymin>37</ymin></bndbox><difficult>0</difficult><occluded>0</occluded><pose>Unspecified</pose><truncated>0</truncated></object><object><name>Pedestrian</name><bndbox><xmax>276</xmax><xmin>249</xmin><ymax>100</ymax><ymin>42</ymin></bndbox><difficult>0</difficult><occluded>0</occluded><pose>Unspecified</pose><truncated>0</truncated></object><object><name>Pedestrian</name><bndbox><xmax>263</xmax><xmin>237</xmin><ymax>93</ymax><ymin>36</ymin></bndbox><difficult>0</difficult><occluded>1</occluded><pose>Unspecified</pose><truncated>0</truncated></object><segmented>0</segmented><size><depth>3</depth><height>720</height><width>405</width></size><source><annotation>DJI_0030_01</annotation><database>vatic</database><image>vatic</image></source><owner><flickrid>vatic</flickrid><name>vatic</name></owner></annotation>