<annotation><folder>output_0030_01.txt</folder><filename>000271.jpg</filename><object><name>Pedestrian</name><bndbox><xmax>59</xmax><xmin>10</xmin><ymax>80</ymax><ymin>13</ymin></bndbox><difficult>0</difficult><occluded>0</occluded><pose>Unspecified</pose><truncated>0</truncated></object><object><name>Pedestrian</name><bndbox><xmax>208</xmax><xmin>179</xmin><ymax>98</ymax><ymin>40</ymin></bndbox><difficult>0</difficult><occluded>0</occluded><pose>Unspecified</pose><truncated>0</truncated></object><object><name>Pedestrian</name><bndbox><xmax>193</xmax><xmin>167</xmin><ymax>89</ymax><ymin>32</ymin></bndbox><difficult>0</difficult><occluded>1</occluded><pose>Unspecified</pose><truncated>0</truncated></object><object><name>Pedestrian</name><bndbox><xmax>602</xmax><xmin>560</xmin><ymax>159</ymax><ymin>90</ymin></bndbox><difficult>0</difficult><occluded>0</occluded><pose>Unspecified</pose><truncated>0</truncated></object><object><name>Pedestrian</name><bndbox><xmax>590</xmax><xmin>561</xmin><ymax>145</ymax><ymin>73</ymin></bndbox><difficult>0</difficult><occluded>1</occluded><pose>Unspecified</pose><truncated>0</truncated></object><segmented>0</segmented><size><depth>3</depth><height>720</height><width>405</width></size><source><annotation>DJI_0030_01</annotation><database>vatic</database><image>vatic</image></source><owner><flickrid>vatic</flickrid><name>vatic</name></owner></annotation>