<annotation><folder>output_0030_01.txt</folder><filename>000361.jpg</filename><object><name>Pedestrian</name><bndbox><xmax>87</xmax><xmin>40</xmin><ymax>63</ymax><ymin>1</ymin></bndbox><difficult>0</difficult><occluded>0</occluded><pose>Unspecified</pose><truncated>0</truncated></object><object><name>Pedestrian</name><bndbox><xmax>112</xmax><xmin>73</xmin><ymax>61</ymax><ymin>1</ymin></bndbox><difficult>0</difficult><occluded>0</occluded><pose>Unspecified</pose><truncated>0</truncated></object><object><name>Pedestrian</name><bndbox><xmax>397</xmax><xmin>361</xmin><ymax>163</ymax><ymin>91</ymin></bndbox><difficult>0</difficult><occluded>0</occluded><pose>Unspecified</pose><truncated>0</truncated></object><object><name>Pedestrian</name><bndbox><xmax>380</xmax><xmin>351</xmin><ymax>152</ymax><ymin>80</ymin></bndbox><difficult>0</difficult><occluded>1</occluded><pose>Unspecified</pose><truncated>0</truncated></object><segmented>0</segmented><size><depth>3</depth><height>720</height><width>405</width></size><source><annotation>DJI_0030_01</annotation><database>vatic</database><image>vatic</image></source><owner><flickrid>vatic</flickrid><name>vatic</name></owner></annotation>