<annotation><folder>output_0030_01.txt</folder><filename>000421.jpg</filename><object><name>Pedestrian</name><bndbox><xmax>261</xmax><xmin>221</xmin><ymax>163</ymax><ymin>90</ymin></bndbox><difficult>0</difficult><occluded>0</occluded><pose>Unspecified</pose><truncated>0</truncated></object><object><name>Pedestrian</name><bndbox><xmax>240</xmax><xmin>209</xmin><ymax>148</ymax><ymin>76</ymin></bndbox><difficult>0</difficult><occluded>1</occluded><pose>Unspecified</pose><truncated>0</truncated></object><segmented>0</segmented><size><depth>3</depth><height>720</height><width>405</width></size><source><annotation>DJI_0030_01</annotation><database>vatic</database><image>vatic</image></source><owner><flickrid>vatic</flickrid><name>vatic</name></owner></annotation>