<annotation><folder>output_0030_01.txt</folder><filename>000436.jpg</filename><object><name>Pedestrian</name><bndbox><xmax>228</xmax><xmin>186</xmin><ymax>163</ymax><ymin>90</ymin></bndbox><difficult>0</difficult><occluded>0</occluded><pose>Unspecified</pose><truncated>0</truncated></object><object><name>Pedestrian</name><bndbox><xmax>205</xmax><xmin>174</xmin><ymax>147</ymax><ymin>75</ymin></bndbox><difficult>0</difficult><occluded>1</occluded><pose>Unspecified</pose><truncated>0</truncated></object><segmented>0</segmented><size><depth>3</depth><height>720</height><width>405</width></size><source><annotation>DJI_0030_01</annotation><database>vatic</database><image>vatic</image></source><owner><flickrid>vatic</flickrid><name>vatic</name></owner></annotation>