<annotation><folder>output_0030_01.txt</folder><filename>000406.jpg</filename><object><name>Pedestrian</name><bndbox><xmax>295</xmax><xmin>256</xmin><ymax>163</ymax><ymin>90</ymin></bndbox><difficult>0</difficult><occluded>0</occluded><pose>Unspecified</pose><truncated>0</truncated></object><object><name>Pedestrian</name><bndbox><xmax>275</xmax><xmin>245</xmin><ymax>150</ymax><ymin>78</ymin></bndbox><difficult>0</difficult><occluded>1</occluded><pose>Unspecified</pose><truncated>0</truncated></object><segmented>0</segmented><size><depth>3</depth><height>720</height><width>405</width></size><source><annotation>DJI_0030_01</annotation><database>vatic</database><image>vatic</image></source><owner><flickrid>vatic</flickrid><name>vatic</name></owner></annotation>