<annotation><folder>output_0030_01.txt</folder><filename>000496.jpg</filename><object><name>Pedestrian</name><bndbox><xmax>111</xmax><xmin>62</xmin><ymax>146</ymax><ymin>73</ymin></bndbox><difficult>0</difficult><occluded>0</occluded><pose>Unspecified</pose><truncated>0</truncated></object><object><name>Pedestrian</name><bndbox><xmax>89</xmax><xmin>56</xmin><ymax>125</ymax><ymin>54</ymin></bndbox><difficult>0</difficult><occluded>1</occluded><pose>Unspecified</pose><truncated>0</truncated></object><segmented>0</segmented><size><depth>3</depth><height>720</height><width>405</width></size><source><annotation>DJI_0030_01</annotation><database>vatic</database><image>vatic</image></source><owner><flickrid>vatic</flickrid><name>vatic</name></owner></annotation>