<annotation><folder>output_0030_01.txt</folder><filename>000541.jpg</filename><object><name>Pedestrian</name><bndbox><xmax>47</xmax><xmin>4</xmin><ymax>125</ymax><ymin>48</ymin></bndbox><difficult>0</difficult><occluded>0</occluded><pose>Unspecified</pose><truncated>0</truncated></object><object><name>Pedestrian</name><bndbox><xmax>44</xmax><xmin>2</xmin><ymax>109</ymax><ymin>39</ymin></bndbox><difficult>0</difficult><occluded>1</occluded><pose>Unspecified</pose><truncated>0</truncated></object><segmented>0</segmented><size><depth>3</depth><height>720</height><width>405</width></size><source><annotation>DJI_0030_01</annotation><database>vatic</database><image>vatic</image></source><owner><flickrid>vatic</flickrid><name>vatic</name></owner></annotation>