<annotation><folder>output_0030_01.txt</folder><filename>000526.jpg</filename><object><name>Pedestrian</name><bndbox><xmax>67</xmax><xmin>16</xmin><ymax>129</ymax><ymin>53</ymin></bndbox><difficult>0</difficult><occluded>0</occluded><pose>Unspecified</pose><truncated>0</truncated></object><object><name>Pedestrian</name><bndbox><xmax>58</xmax><xmin>12</xmin><ymax>112</ymax><ymin>41</ymin></bndbox><difficult>0</difficult><occluded>1</occluded><pose>Unspecified</pose><truncated>0</truncated></object><segmented>0</segmented><size><depth>3</depth><height>720</height><width>405</width></size><source><annotation>DJI_0030_01</annotation><database>vatic</database><image>vatic</image></source><owner><flickrid>vatic</flickrid><name>vatic</name></owner></annotation>