<annotation><folder>output_0030_01.txt</folder><filename>000676.jpg</filename><object><name>Pedestrian</name><bndbox><xmax>613</xmax><xmin>572</xmin><ymax>194</ymax><ymin>108</ymin></bndbox><difficult>0</difficult><occluded>0</occluded><pose>Unspecified</pose><truncated>0</truncated></object><object><name>Pedestrian</name><bndbox><xmax>599</xmax><xmin>566</xmin><ymax>176</ymax><ymin>100</ymin></bndbox><difficult>0</difficult><occluded>1</occluded><pose>Unspecified</pose><truncated>0</truncated></object><segmented>0</segmented><size><depth>3</depth><height>720</height><width>405</width></size><source><annotation>DJI_0030_01</annotation><database>vatic</database><image>vatic</image></source><owner><flickrid>vatic</flickrid><name>vatic</name></owner></annotation>