<annotation><folder>output_0030_01.txt</folder><filename>000736.jpg</filename><object><name>Pedestrian</name><bndbox><xmax>460</xmax><xmin>419</xmin><ymax>197</ymax><ymin>109</ymin></bndbox><difficult>0</difficult><occluded>0</occluded><pose>Unspecified</pose><truncated>0</truncated></object><object><name>Pedestrian</name><bndbox><xmax>442</xmax><xmin>407</xmin><ymax>180</ymax><ymin>100</ymin></bndbox><difficult>0</difficult><occluded>1</occluded><pose>Unspecified</pose><truncated>0</truncated></object><segmented>0</segmented><size><depth>3</depth><height>720</height><width>405</width></size><source><annotation>DJI_0030_01</annotation><database>vatic</database><image>vatic</image></source><owner><flickrid>vatic</flickrid><name>vatic</name></owner></annotation>