<annotation><folder>output_0030_01.txt</folder><filename>000706.jpg</filename><object><name>Pedestrian</name><bndbox><xmax>530</xmax><xmin>489</xmin><ymax>193</ymax><ymin>106</ymin></bndbox><difficult>0</difficult><occluded>0</occluded><pose>Unspecified</pose><truncated>0</truncated></object><object><name>Pedestrian</name><bndbox><xmax>521</xmax><xmin>490</xmin><ymax>178</ymax><ymin>101</ymin></bndbox><difficult>0</difficult><occluded>1</occluded><pose>Unspecified</pose><truncated>0</truncated></object><segmented>0</segmented><size><depth>3</depth><height>720</height><width>405</width></size><source><annotation>DJI_0030_01</annotation><database>vatic</database><image>vatic</image></source><owner><flickrid>vatic</flickrid><name>vatic</name></owner></annotation>