<annotation><folder>output_0030_01.txt</folder><filename>000781.jpg</filename><object><name>Pedestrian</name><bndbox><xmax>338</xmax><xmin>296</xmin><ymax>219</ymax><ymin>122</ymin></bndbox><difficult>0</difficult><occluded>0</occluded><pose>Unspecified</pose><truncated>0</truncated></object><object><name>Pedestrian</name><bndbox><xmax>330</xmax><xmin>294</xmin><ymax>185</ymax><ymin>100</ymin></bndbox><difficult>0</difficult><occluded>0</occluded><pose>Unspecified</pose><truncated>0</truncated></object><segmented>0</segmented><size><depth>3</depth><height>720</height><width>405</width></size><source><annotation>DJI_0030_01</annotation><database>vatic</database><image>vatic</image></source><owner><flickrid>vatic</flickrid><name>vatic</name></owner></annotation>