<annotation><folder>output_0030_01.txt</folder><filename>000721.jpg</filename><object><name>Pedestrian</name><bndbox><xmax>495</xmax><xmin>454</xmin><ymax>189</ymax><ymin>106</ymin></bndbox><difficult>0</difficult><occluded>0</occluded><pose>Unspecified</pose><truncated>0</truncated></object><object><name>Pedestrian</name><bndbox><xmax>480</xmax><xmin>447</xmin><ymax>182</ymax><ymin>103</ymin></bndbox><difficult>0</difficult><occluded>1</occluded><pose>Unspecified</pose><truncated>0</truncated></object><segmented>0</segmented><size><depth>3</depth><height>720</height><width>405</width></size><source><annotation>DJI_0030_01</annotation><database>vatic</database><image>vatic</image></source><owner><flickrid>vatic</flickrid><name>vatic</name></owner></annotation>