<annotation><folder>output_0030_01.txt</folder><filename>000766.jpg</filename><object><name>Pedestrian</name><bndbox><xmax>383</xmax><xmin>341</xmin><ymax>222</ymax><ymin>125</ymin></bndbox><difficult>0</difficult><occluded>0</occluded><pose>Unspecified</pose><truncated>0</truncated></object><object><name>Pedestrian</name><bndbox><xmax>368</xmax><xmin>332</xmin><ymax>181</ymax><ymin>98</ymin></bndbox><difficult>0</difficult><occluded>0</occluded><pose>Unspecified</pose><truncated>0</truncated></object><segmented>0</segmented><size><depth>3</depth><height>720</height><width>405</width></size><source><annotation>DJI_0030_01</annotation><database>vatic</database><image>vatic</image></source><owner><flickrid>vatic</flickrid><name>vatic</name></owner></annotation>