<annotation><folder>output_0030_01.txt</folder><filename>000856.jpg</filename><object><name>Pedestrian</name><bndbox><xmax>126</xmax><xmin>79</xmin><ymax>177</ymax><ymin>98</ymin></bndbox><difficult>0</difficult><occluded>0</occluded><pose>Unspecified</pose><truncated>0</truncated></object><object><name>Pedestrian</name><bndbox><xmax>149</xmax><xmin>109</xmin><ymax>158</ymax><ymin>85</ymin></bndbox><difficult>0</difficult><occluded>0</occluded><pose>Unspecified</pose><truncated>0</truncated></object><segmented>0</segmented><size><depth>3</depth><height>720</height><width>405</width></size><source><annotation>DJI_0030_01</annotation><database>vatic</database><image>vatic</image></source><owner><flickrid>vatic</flickrid><name>vatic</name></owner></annotation>