<annotation><folder>output_0030_01.txt</folder><filename>000841.jpg</filename><object><name>Pedestrian</name><bndbox><xmax>159</xmax><xmin>107</xmin><ymax>190</ymax><ymin>104</ymin></bndbox><difficult>0</difficult><occluded>0</occluded><pose>Unspecified</pose><truncated>0</truncated></object><object><name>Pedestrian</name><bndbox><xmax>178</xmax><xmin>135</xmin><ymax>170</ymax><ymin>91</ymin></bndbox><difficult>0</difficult><occluded>0</occluded><pose>Unspecified</pose><truncated>0</truncated></object><segmented>0</segmented><size><depth>3</depth><height>720</height><width>405</width></size><source><annotation>DJI_0030_01</annotation><database>vatic</database><image>vatic</image></source><owner><flickrid>vatic</flickrid><name>vatic</name></owner></annotation>