<annotation><folder>output_0030_01.txt</folder><filename>000871.jpg</filename><object><name>Pedestrian</name><bndbox><xmax>103</xmax><xmin>52</xmin><ymax>168</ymax><ymin>86</ymin></bndbox><difficult>0</difficult><occluded>0</occluded><pose>Unspecified</pose><truncated>0</truncated></object><object><name>Pedestrian</name><bndbox><xmax>130</xmax><xmin>87</xmin><ymax>147</ymax><ymin>75</ymin></bndbox><difficult>0</difficult><occluded>0</occluded><pose>Unspecified</pose><truncated>0</truncated></object><segmented>0</segmented><size><depth>3</depth><height>720</height><width>405</width></size><source><annotation>DJI_0030_01</annotation><database>vatic</database><image>vatic</image></source><owner><flickrid>vatic</flickrid><name>vatic</name></owner></annotation>