<annotation><folder>output_0030_01.txt</folder><filename>001096.jpg</filename><object><name>Pedestrian</name><bndbox><xmax>540</xmax><xmin>502</xmin><ymax>185</ymax><ymin>105</ymin></bndbox><difficult>0</difficult><occluded>1</occluded><pose>Unspecified</pose><truncated>0</truncated></object><object><name>Pedestrian</name><bndbox><xmax>568</xmax><xmin>529</xmin><ymax>203</ymax><ymin>119</ymin></bndbox><difficult>0</difficult><occluded>1</occluded><pose>Unspecified</pose><truncated>0</truncated></object><object><name>Pedestrian</name><bndbox><xmax>565</xmax><xmin>516</xmin><ymax>221</ymax><ymin>138</ymin></bndbox><difficult>0</difficult><occluded>0</occluded><pose>Unspecified</pose><truncated>0</truncated></object><object><name>Pedestrian</name><bndbox><xmax>690</xmax><xmin>632</xmin><ymax>263</ymax><ymin>163</ymin></bndbox><difficult>0</difficult><occluded>0</occluded><pose>Unspecified</pose><truncated>0</truncated></object><segmented>0</segmented><size><depth>3</depth><height>720</height><width>405</width></size><source><annotation>DJI_0030_01</annotation><database>vatic</database><image>vatic</image></source><owner><flickrid>vatic</flickrid><name>vatic</name></owner></annotation>