<annotation><folder>output_0030_03.txt</folder><filename>000181.jpg</filename><object><name>Pedestrian</name><bndbox><xmax>143</xmax><xmin>94</xmin><ymax>277</ymax><ymin>184</ymin></bndbox><difficult>0</difficult><occluded>0</occluded><pose>Unspecified</pose><truncated>0</truncated></object><object><name>Pedestrian</name><bndbox><xmax>608</xmax><xmin>555</xmin><ymax>270</ymax><ymin>174</ymin></bndbox><difficult>0</difficult><occluded>0</occluded><pose>Unspecified</pose><truncated>0</truncated></object><object><name>Pedestrian</name><bndbox><xmax>588</xmax><xmin>526</xmin><ymax>242</ymax><ymin>149</ymin></bndbox><difficult>0</difficult><occluded>0</occluded><pose>Unspecified</pose><truncated>0</truncated></object><segmented>0</segmented><size><depth>3</depth><height>720</height><width>405</width></size><source><annotation>DJI_0030_03</annotation><database>vatic</database><image>vatic</image></source><owner><flickrid>vatic</flickrid><name>vatic</name></owner></annotation>