<annotation><folder>output_0030_03.txt</folder><filename>000196.jpg</filename><object><name>Pedestrian</name><bndbox><xmax>85</xmax><xmin>39</xmin><ymax>274</ymax><ymin>182</ymin></bndbox><difficult>0</difficult><occluded>0</occluded><pose>Unspecified</pose><truncated>0</truncated></object><object><name>Pedestrian</name><bndbox><xmax>548</xmax><xmin>497</xmin><ymax>265</ymax><ymin>173</ymin></bndbox><difficult>0</difficult><occluded>0</occluded><pose>Unspecified</pose><truncated>0</truncated></object><object><name>Pedestrian</name><bndbox><xmax>538</xmax><xmin>476</xmin><ymax>238</ymax><ymin>149</ymin></bndbox><difficult>0</difficult><occluded>0</occluded><pose>Unspecified</pose><truncated>0</truncated></object><segmented>0</segmented><size><depth>3</depth><height>720</height><width>405</width></size><source><annotation>DJI_0030_03</annotation><database>vatic</database><image>vatic</image></source><owner><flickrid>vatic</flickrid><name>vatic</name></owner></annotation>