<annotation><folder>output_0030_03.txt</folder><filename>000211.jpg</filename><object><name>Pedestrian</name><bndbox><xmax>43</xmax><xmin>0</xmin><ymax>272</ymax><ymin>180</ymin></bndbox><difficult>0</difficult><occluded>1</occluded><pose>Unspecified</pose><truncated>0</truncated></object><object><name>Pedestrian</name><bndbox><xmax>494</xmax><xmin>443</xmin><ymax>260</ymax><ymin>170</ymin></bndbox><difficult>0</difficult><occluded>0</occluded><pose>Unspecified</pose><truncated>0</truncated></object><object><name>Pedestrian</name><bndbox><xmax>487</xmax><xmin>429</xmin><ymax>238</ymax><ymin>147</ymin></bndbox><difficult>0</difficult><occluded>1</occluded><pose>Unspecified</pose><truncated>0</truncated></object><segmented>0</segmented><size><depth>3</depth><height>720</height><width>405</width></size><source><annotation>DJI_0030_03</annotation><database>vatic</database><image>vatic</image></source><owner><flickrid>vatic</flickrid><name>vatic</name></owner></annotation>