<annotation><folder>output_0030_03.txt</folder><filename>000256.jpg</filename><object><name>Pedestrian</name><bndbox><xmax>346</xmax><xmin>295</xmin><ymax>255</ymax><ymin>165</ymin></bndbox><difficult>0</difficult><occluded>0</occluded><pose>Unspecified</pose><truncated>0</truncated></object><object><name>Pedestrian</name><bndbox><xmax>334</xmax><xmin>292</xmin><ymax>238</ymax><ymin>145</ymin></bndbox><difficult>0</difficult><occluded>1</occluded><pose>Unspecified</pose><truncated>0</truncated></object><segmented>0</segmented><size><depth>3</depth><height>720</height><width>405</width></size><source><annotation>DJI_0030_03</annotation><database>vatic</database><image>vatic</image></source><owner><flickrid>vatic</flickrid><name>vatic</name></owner></annotation>