<annotation><folder>output_0030_03.txt</folder><filename>000316.jpg</filename><object><name>Pedestrian</name><bndbox><xmax>155</xmax><xmin>99</xmin><ymax>267</ymax><ymin>165</ymin></bndbox><difficult>0</difficult><occluded>0</occluded><pose>Unspecified</pose><truncated>0</truncated></object><object><name>Pedestrian</name><bndbox><xmax>150</xmax><xmin>103</xmin><ymax>241</ymax><ymin>136</ymin></bndbox><difficult>0</difficult><occluded>1</occluded><pose>Unspecified</pose><truncated>0</truncated></object><segmented>0</segmented><size><depth>3</depth><height>720</height><width>405</width></size><source><annotation>DJI_0030_03</annotation><database>vatic</database><image>vatic</image></source><owner><flickrid>vatic</flickrid><name>vatic</name></owner></annotation>