<annotation><folder>output_0030_03.txt</folder><filename>000361.jpg</filename><object><name>Pedestrian</name><bndbox><xmax>61</xmax><xmin>0</xmin><ymax>225</ymax><ymin>122</ymin></bndbox><difficult>0</difficult><occluded>1</occluded><pose>Unspecified</pose><truncated>0</truncated></object><segmented>0</segmented><size><depth>3</depth><height>720</height><width>405</width></size><source><annotation>DJI_0030_03</annotation><database>vatic</database><image>vatic</image></source><owner><flickrid>vatic</flickrid><name>vatic</name></owner></annotation>