<annotation><folder>output_0030_03.txt</folder><filename>000331.jpg</filename><object><name>Pedestrian</name><bndbox><xmax>106</xmax><xmin>50</xmin><ymax>269</ymax><ymin>162</ymin></bndbox><difficult>0</difficult><occluded>0</occluded><pose>Unspecified</pose><truncated>0</truncated></object><object><name>Pedestrian</name><bndbox><xmax>113</xmax><xmin>58</xmin><ymax>238</ymax><ymin>133</ymin></bndbox><difficult>0</difficult><occluded>1</occluded><pose>Unspecified</pose><truncated>0</truncated></object><segmented>0</segmented><size><depth>3</depth><height>720</height><width>405</width></size><source><annotation>DJI_0030_03</annotation><database>vatic</database><image>vatic</image></source><owner><flickrid>vatic</flickrid><name>vatic</name></owner></annotation>