<annotation><folder>output_0028_01.txt</folder><filename>000046.jpg</filename><object><name>Pedestrian</name><bndbox><xmax>203</xmax><xmin>153</xmin><ymax>108</ymax><ymin>12</ymin></bndbox><difficult>0</difficult><occluded>0</occluded><pose>Unspecified</pose><truncated>0</truncated></object><object><name>Pedestrian</name><bndbox><xmax>406</xmax><xmin>365</xmin><ymax>147</ymax><ymin>36</ymin></bndbox><difficult>0</difficult><occluded>0</occluded><pose>Unspecified</pose><truncated>0</truncated></object><object><name>Pedestrian</name><bndbox><xmax>426</xmax><xmin>394</xmin><ymax>143</ymax><ymin>45</ymin></bndbox><difficult>0</difficult><occluded>1</occluded><pose>Unspecified</pose><truncated>0</truncated></object><object><name>Pedestrian</name><bndbox><xmax>285</xmax><xmin>228</xmin><ymax>233</ymax><ymin>117</ymin></bndbox><difficult>0</difficult><occluded>0</occluded><pose>Unspecified</pose><truncated>0</truncated></object><segmented>0</segmented><size><depth>3</depth><height>720</height><width>405</width></size><source><annotation>DJI_0028_01</annotation><database>vatic</database><image>vatic</image></source><owner><flickrid>vatic</flickrid><name>vatic</name></owner></annotation>