<annotation><folder>output_0028_01.txt</folder><filename>000001.jpg</filename><object><name>Pedestrian</name><bndbox><xmax>174</xmax><xmin>104</xmin><ymax>205</ymax><ymin>94</ymin></bndbox><difficult>0</difficult><occluded>0</occluded><pose>Unspecified</pose><truncated>0</truncated></object><object><name>Pedestrian</name><bndbox><xmax>418</xmax><xmin>371</xmin><ymax>260</ymax><ymin>132</ymin></bndbox><difficult>0</difficult><occluded>0</occluded><pose>Unspecified</pose><truncated>0</truncated></object><object><name>Pedestrian</name><bndbox><xmax>446</xmax><xmin>409</xmin><ymax>242</ymax><ymin>143</ymin></bndbox><difficult>0</difficult><occluded>1</occluded><pose>Unspecified</pose><truncated>0</truncated></object><object><name>Pedestrian</name><bndbox><xmax>275</xmax><xmin>198</xmin><ymax>404</ymax><ymin>301</ymin></bndbox><difficult>0</difficult><occluded>0</occluded><pose>Unspecified</pose><truncated>0</truncated></object><segmented>0</segmented><size><depth>3</depth><height>720</height><width>405</width></size><source><annotation>DJI_0028_01</annotation><database>vatic</database><image>vatic</image></source><owner><flickrid>vatic</flickrid><name>vatic</name></owner></annotation>