<annotation><folder>output_0028_01.txt</folder><filename>000211.jpg</filename><object><name>Pedestrian</name><bndbox><xmax>449</xmax><xmin>407</xmin><ymax>155</ymax><ymin>43</ymin></bndbox><difficult>0</difficult><occluded>0</occluded><pose>Unspecified</pose><truncated>0</truncated></object><object><name>Pedestrian</name><bndbox><xmax>324</xmax><xmin>254</xmin><ymax>380</ymax><ymin>265</ymin></bndbox><difficult>0</difficult><occluded>0</occluded><pose>Unspecified</pose><truncated>0</truncated></object><segmented>0</segmented><size><depth>3</depth><height>720</height><width>405</width></size><source><annotation>DJI_0028_01</annotation><database>vatic</database><image>vatic</image></source><owner><flickrid>vatic</flickrid><name>vatic</name></owner></annotation>