<annotation><folder>output_0028_01.txt</folder><filename>000226.jpg</filename><object><name>Pedestrian</name><bndbox><xmax>445</xmax><xmin>406</xmin><ymax>122</ymax><ymin>15</ymin></bndbox><difficult>0</difficult><occluded>0</occluded><pose>Unspecified</pose><truncated>0</truncated></object><object><name>Pedestrian</name><bndbox><xmax>333</xmax><xmin>267</xmin><ymax>333</ymax><ymin>216</ymin></bndbox><difficult>0</difficult><occluded>0</occluded><pose>Unspecified</pose><truncated>0</truncated></object><segmented>0</segmented><size><depth>3</depth><height>720</height><width>405</width></size><source><annotation>DJI_0028_01</annotation><database>vatic</database><image>vatic</image></source><owner><flickrid>vatic</flickrid><name>vatic</name></owner></annotation>