<annotation><folder>output_0028_01.txt</folder><filename>000316.jpg</filename><object><name>Pedestrian</name><bndbox><xmax>343</xmax><xmin>298</xmin><ymax>124</ymax><ymin>19</ymin></bndbox><difficult>0</difficult><occluded>0</occluded><pose>Unspecified</pose><truncated>0</truncated></object><object><name>Pedestrian</name><bndbox><xmax>341</xmax><xmin>296</xmin><ymax>126</ymax><ymin>24</ymin></bndbox><difficult>0</difficult><occluded>0</occluded><pose>Unspecified</pose><truncated>0</truncated></object><segmented>0</segmented><size><depth>3</depth><height>720</height><width>405</width></size><source><annotation>DJI_0028_01</annotation><database>vatic</database><image>vatic</image></source><owner><flickrid>vatic</flickrid><name>vatic</name></owner></annotation>