<annotation><folder>output_0028_01.txt</folder><filename>000496.jpg</filename><object><name>Pedestrian</name><bndbox><xmax>268</xmax><xmin>226</xmin><ymax>79</ymax><ymin>0</ymin></bndbox><difficult>0</difficult><occluded>1</occluded><pose>Unspecified</pose><truncated>0</truncated></object><object><name>Pedestrian</name><bndbox><xmax>201</xmax><xmin>105</xmin><ymax>394</ymax><ymin>271</ymin></bndbox><difficult>0</difficult><occluded>0</occluded><pose>Unspecified</pose><truncated>0</truncated></object><segmented>0</segmented><size><depth>3</depth><height>720</height><width>405</width></size><source><annotation>DJI_0028_01</annotation><database>vatic</database><image>vatic</image></source><owner><flickrid>vatic</flickrid><name>vatic</name></owner></annotation>