<annotation><folder>output_0028_01.txt</folder><filename>000556.jpg</filename><object><name>Pedestrian</name><bndbox><xmax>264</xmax><xmin>209</xmin><ymax>178</ymax><ymin>71</ymin></bndbox><difficult>0</difficult><occluded>0</occluded><pose>Unspecified</pose><truncated>0</truncated></object><object><name>Pedestrian</name><bndbox><xmax>323</xmax><xmin>244</xmin><ymax>377</ymax><ymin>253</ymin></bndbox><difficult>0</difficult><occluded>0</occluded><pose>Unspecified</pose><truncated>0</truncated></object><segmented>0</segmented><size><depth>3</depth><height>720</height><width>405</width></size><source><annotation>DJI_0028_01</annotation><database>vatic</database><image>vatic</image></source><owner><flickrid>vatic</flickrid><name>vatic</name></owner></annotation>