<annotation><folder>output_0028_01.txt</folder><filename>000571.jpg</filename><object><name>Pedestrian</name><bndbox><xmax>275</xmax><xmin>227</xmin><ymax>144</ymax><ymin>42</ymin></bndbox><difficult>0</difficult><occluded>0</occluded><pose>Unspecified</pose><truncated>0</truncated></object><object><name>Pedestrian</name><bndbox><xmax>329</xmax><xmin>254</xmin><ymax>314</ymax><ymin>191</ymin></bndbox><difficult>0</difficult><occluded>0</occluded><pose>Unspecified</pose><truncated>0</truncated></object><segmented>0</segmented><size><depth>3</depth><height>720</height><width>405</width></size><source><annotation>DJI_0028_01</annotation><database>vatic</database><image>vatic</image></source><owner><flickrid>vatic</flickrid><name>vatic</name></owner></annotation>