<annotation><folder>output_0028_01.txt</folder><filename>000616.jpg</filename><object><name>Pedestrian</name><bndbox><xmax>304</xmax><xmin>266</xmin><ymax>73</ymax><ymin>0</ymin></bndbox><difficult>0</difficult><occluded>1</occluded><pose>Unspecified</pose><truncated>0</truncated></object><object><name>Pedestrian</name><bndbox><xmax>342</xmax><xmin>281</xmin><ymax>193</ymax><ymin>80</ymin></bndbox><difficult>0</difficult><occluded>0</occluded><pose>Unspecified</pose><truncated>0</truncated></object><object><name>Pedestrian</name><bndbox><xmax>337</xmax><xmin>282</xmin><ymax>195</ymax><ymin>81</ymin></bndbox><difficult>0</difficult><occluded>0</occluded><pose>Unspecified</pose><truncated>0</truncated></object><object><name>Pedestrian</name><bndbox><xmax>304</xmax><xmin>268</xmin><ymax>75</ymax><ymin>0</ymin></bndbox><difficult>0</difficult><occluded>1</occluded><pose>Unspecified</pose><truncated>0</truncated></object><segmented>0</segmented><size><depth>3</depth><height>720</height><width>405</width></size><source><annotation>DJI_0028_01</annotation><database>vatic</database><image>vatic</image></source><owner><flickrid>vatic</flickrid><name>vatic</name></owner></annotation>