<annotation><folder>output_0028_01.txt</folder><filename>000601.jpg</filename><object><name>Pedestrian</name><bndbox><xmax>293</xmax><xmin>254</xmin><ymax>90</ymax><ymin>2</ymin></bndbox><difficult>0</difficult><occluded>0</occluded><pose>Unspecified</pose><truncated>0</truncated></object><object><name>Pedestrian</name><bndbox><xmax>334</xmax><xmin>275</xmin><ymax>223</ymax><ymin>110</ymin></bndbox><difficult>0</difficult><occluded>0</occluded><pose>Unspecified</pose><truncated>0</truncated></object><object><name>Pedestrian</name><bndbox><xmax>330</xmax><xmin>277</xmin><ymax>216</ymax><ymin>104</ymin></bndbox><difficult>0</difficult><occluded>0</occluded><pose>Unspecified</pose><truncated>0</truncated></object><object><name>Pedestrian</name><bndbox><xmax>296</xmax><xmin>259</xmin><ymax>86</ymax><ymin>1</ymin></bndbox><difficult>0</difficult><occluded>0</occluded><pose>Unspecified</pose><truncated>0</truncated></object><segmented>0</segmented><size><depth>3</depth><height>720</height><width>405</width></size><source><annotation>DJI_0028_01</annotation><database>vatic</database><image>vatic</image></source><owner><flickrid>vatic</flickrid><name>vatic</name></owner></annotation>