<annotation><folder>output_0028_01.txt</folder><filename>000796.jpg</filename><object><name>Pedestrian</name><bndbox><xmax>298</xmax><xmin>235</xmin><ymax>375</ymax><ymin>247</ymin></bndbox><difficult>0</difficult><occluded>0</occluded><pose>Unspecified</pose><truncated>0</truncated></object><object><name>Pedestrian</name><bndbox><xmax>233</xmax><xmin>166</xmin><ymax>375</ymax><ymin>261</ymin></bndbox><difficult>0</difficult><occluded>0</occluded><pose>Unspecified</pose><truncated>0</truncated></object><object><name>Pedestrian</name><bndbox><xmax>204</xmax><xmin>135</xmin><ymax>333</ymax><ymin>221</ymin></bndbox><difficult>0</difficult><occluded>1</occluded><pose>Unspecified</pose><truncated>0</truncated></object><segmented>0</segmented><size><depth>3</depth><height>720</height><width>405</width></size><source><annotation>DJI_0028_01</annotation><database>vatic</database><image>vatic</image></source><owner><flickrid>vatic</flickrid><name>vatic</name></owner></annotation>