<annotation><folder>output_0028_01.txt</folder><filename>000811.jpg</filename><object><name>Pedestrian</name><bndbox><xmax>307</xmax><xmin>250</xmin><ymax>305</ymax><ymin>183</ymin></bndbox><difficult>0</difficult><occluded>0</occluded><pose>Unspecified</pose><truncated>0</truncated></object><object><name>Pedestrian</name><bndbox><xmax>253</xmax><xmin>194</xmin><ymax>310</ymax><ymin>192</ymin></bndbox><difficult>0</difficult><occluded>0</occluded><pose>Unspecified</pose><truncated>0</truncated></object><object><name>Pedestrian</name><bndbox><xmax>219</xmax><xmin>161</xmin><ymax>280</ymax><ymin>164</ymin></bndbox><difficult>0</difficult><occluded>1</occluded><pose>Unspecified</pose><truncated>0</truncated></object><segmented>0</segmented><size><depth>3</depth><height>720</height><width>405</width></size><source><annotation>DJI_0028_01</annotation><database>vatic</database><image>vatic</image></source><owner><flickrid>vatic</flickrid><name>vatic</name></owner></annotation>