<annotation><folder>output_0028_01.txt</folder><filename>000856.jpg</filename><object><name>Pedestrian</name><bndbox><xmax>327</xmax><xmin>281</xmin><ymax>166</ymax><ymin>60</ymin></bndbox><difficult>0</difficult><occluded>0</occluded><pose>Unspecified</pose><truncated>0</truncated></object><object><name>Pedestrian</name><bndbox><xmax>289</xmax><xmin>245</xmin><ymax>160</ymax><ymin>59</ymin></bndbox><difficult>0</difficult><occluded>0</occluded><pose>Unspecified</pose><truncated>0</truncated></object><object><name>Pedestrian</name><bndbox><xmax>261</xmax><xmin>220</xmin><ymax>152</ymax><ymin>45</ymin></bndbox><difficult>0</difficult><occluded>1</occluded><pose>Unspecified</pose><truncated>0</truncated></object><segmented>0</segmented><size><depth>3</depth><height>720</height><width>405</width></size><source><annotation>DJI_0028_01</annotation><database>vatic</database><image>vatic</image></source><owner><flickrid>vatic</flickrid><name>vatic</name></owner></annotation>