<annotation><folder>output_0028_01.txt</folder><filename>000826.jpg</filename><object><name>Pedestrian</name><bndbox><xmax>317</xmax><xmin>263</xmin><ymax>245</ymax><ymin>134</ymin></bndbox><difficult>0</difficult><occluded>0</occluded><pose>Unspecified</pose><truncated>0</truncated></object><object><name>Pedestrian</name><bndbox><xmax>273</xmax><xmin>220</xmin><ymax>254</ymax><ymin>139</ymin></bndbox><difficult>0</difficult><occluded>0</occluded><pose>Unspecified</pose><truncated>0</truncated></object><object><name>Pedestrian</name><bndbox><xmax>235</xmax><xmin>187</xmin><ymax>227</ymax><ymin>115</ymin></bndbox><difficult>0</difficult><occluded>1</occluded><pose>Unspecified</pose><truncated>0</truncated></object><segmented>0</segmented><size><depth>3</depth><height>720</height><width>405</width></size><source><annotation>DJI_0028_01</annotation><database>vatic</database><image>vatic</image></source><owner><flickrid>vatic</flickrid><name>vatic</name></owner></annotation>