<annotation><folder>output_0028_01.txt</folder><filename>000841.jpg</filename><object><name>Pedestrian</name><bndbox><xmax>323</xmax><xmin>273</xmin><ymax>203</ymax><ymin>95</ymin></bndbox><difficult>0</difficult><occluded>0</occluded><pose>Unspecified</pose><truncated>0</truncated></object><object><name>Pedestrian</name><bndbox><xmax>283</xmax><xmin>235</xmin><ymax>208</ymax><ymin>98</ymin></bndbox><difficult>0</difficult><occluded>0</occluded><pose>Unspecified</pose><truncated>0</truncated></object><object><name>Pedestrian</name><bndbox><xmax>249</xmax><xmin>205</xmin><ymax>187</ymax><ymin>78</ymin></bndbox><difficult>0</difficult><occluded>1</occluded><pose>Unspecified</pose><truncated>0</truncated></object><segmented>0</segmented><size><depth>3</depth><height>720</height><width>405</width></size><source><annotation>DJI_0028_01</annotation><database>vatic</database><image>vatic</image></source><owner><flickrid>vatic</flickrid><name>vatic</name></owner></annotation>