<annotation><folder>output_0028_01.txt</folder><filename>001156.jpg</filename><object><name>Pedestrian</name><bndbox><xmax>259</xmax><xmin>205</xmin><ymax>135</ymax><ymin>32</ymin></bndbox><difficult>0</difficult><occluded>0</occluded><pose>Unspecified</pose><truncated>0</truncated></object><object><name>Pedestrian</name><bndbox><xmax>273</xmax><xmin>216</xmin><ymax>361</ymax><ymin>245</ymin></bndbox><difficult>0</difficult><occluded>1</occluded><pose>Unspecified</pose><truncated>0</truncated></object><object><name>Pedestrian</name><bndbox><xmax>316</xmax><xmin>259</xmin><ymax>365</ymax><ymin>259</ymin></bndbox><difficult>0</difficult><occluded>0</occluded><pose>Unspecified</pose><truncated>0</truncated></object><segmented>0</segmented><size><depth>3</depth><height>720</height><width>405</width></size><source><annotation>DJI_0028_01</annotation><database>vatic</database><image>vatic</image></source><owner><flickrid>vatic</flickrid><name>vatic</name></owner></annotation>