<annotation><folder>output_0028_01.txt</folder><filename>001171.jpg</filename><object><name>Pedestrian</name><bndbox><xmax>267</xmax><xmin>220</xmin><ymax>103</ymax><ymin>7</ymin></bndbox><difficult>0</difficult><occluded>0</occluded><pose>Unspecified</pose><truncated>0</truncated></object><object><name>Pedestrian</name><bndbox><xmax>289</xmax><xmin>237</xmin><ymax>307</ymax><ymin>195</ymin></bndbox><difficult>0</difficult><occluded>1</occluded><pose>Unspecified</pose><truncated>0</truncated></object><object><name>Pedestrian</name><bndbox><xmax>331</xmax><xmin>278</xmin><ymax>315</ymax><ymin>209</ymin></bndbox><difficult>0</difficult><occluded>0</occluded><pose>Unspecified</pose><truncated>0</truncated></object><segmented>0</segmented><size><depth>3</depth><height>720</height><width>405</width></size><source><annotation>DJI_0028_01</annotation><database>vatic</database><image>vatic</image></source><owner><flickrid>vatic</flickrid><name>vatic</name></owner></annotation>