<annotation><folder>output_0028_01.txt</folder><filename>001201.jpg</filename><object><name>Pedestrian</name><bndbox><xmax>310</xmax><xmin>264</xmin><ymax>238</ymax><ymin>124</ymin></bndbox><difficult>0</difficult><occluded>1</occluded><pose>Unspecified</pose><truncated>0</truncated></object><object><name>Pedestrian</name><bndbox><xmax>348</xmax><xmin>297</xmin><ymax>230</ymax><ymin>126</ymin></bndbox><difficult>0</difficult><occluded>0</occluded><pose>Unspecified</pose><truncated>0</truncated></object><object><name>Pedestrian</name><bndbox><xmax>309</xmax><xmin>266</xmin><ymax>227</ymax><ymin>127</ymin></bndbox><difficult>0</difficult><occluded>0</occluded><pose>Unspecified</pose><truncated>0</truncated></object><object><name>Pedestrian</name><bndbox><xmax>340</xmax><xmin>299</xmin><ymax>222</ymax><ymin>127</ymin></bndbox><difficult>0</difficult><occluded>1</occluded><pose>Unspecified</pose><truncated>0</truncated></object><segmented>0</segmented><size><depth>3</depth><height>720</height><width>405</width></size><source><annotation>DJI_0028_01</annotation><database>vatic</database><image>vatic</image></source><owner><flickrid>vatic</flickrid><name>vatic</name></owner></annotation>