<annotation><folder>output_0028_01.txt</folder><filename>001246.jpg</filename><object><name>Pedestrian</name><bndbox><xmax>325</xmax><xmin>290</xmin><ymax>140</ymax><ymin>48</ymin></bndbox><difficult>0</difficult><occluded>0</occluded><pose>Unspecified</pose><truncated>0</truncated></object><object><name>Pedestrian</name><bndbox><xmax>354</xmax><xmin>319</xmin><ymax>139</ymax><ymin>50</ymin></bndbox><difficult>0</difficult><occluded>1</occluded><pose>Unspecified</pose><truncated>0</truncated></object><segmented>0</segmented><size><depth>3</depth><height>720</height><width>405</width></size><source><annotation>DJI_0028_01</annotation><database>vatic</database><image>vatic</image></source><owner><flickrid>vatic</flickrid><name>vatic</name></owner></annotation>