<annotation><folder>output_0028_01.txt</folder><filename>001381.jpg</filename><object><name>Pedestrian</name><bndbox><xmax>222</xmax><xmin>153</xmin><ymax>262</ymax><ymin>149</ymin></bndbox><difficult>0</difficult><occluded>0</occluded><pose>Unspecified</pose><truncated>0</truncated></object><segmented>0</segmented><size><depth>3</depth><height>720</height><width>405</width></size><source><annotation>DJI_0028_01</annotation><database>vatic</database><image>vatic</image></source><owner><flickrid>vatic</flickrid><name>vatic</name></owner></annotation>