<annotation><folder>output_0028_01.txt</folder><filename>001441.jpg</filename><object><name>Pedestrian</name><bndbox><xmax>282</xmax><xmin>240</xmin><ymax>119</ymax><ymin>29</ymin></bndbox><difficult>0</difficult><occluded>0</occluded><pose>Unspecified</pose><truncated>0</truncated></object><object><name>Pedestrian</name><bndbox><xmax>190</xmax><xmin>108</xmin><ymax>397</ymax><ymin>273</ymin></bndbox><difficult>0</difficult><occluded>0</occluded><pose>Unspecified</pose><truncated>0</truncated></object><segmented>0</segmented><size><depth>3</depth><height>720</height><width>405</width></size><source><annotation>DJI_0028_01</annotation><database>vatic</database><image>vatic</image></source><owner><flickrid>vatic</flickrid><name>vatic</name></owner></annotation>