<annotation><folder>output_data_02</folder><filename>000046.jpg</filename><object><name>pedestrain</name><bndbox><xmax>517</xmax><xmin>464</xmin><ymax>154</ymax><ymin>53</ymin></bndbox><difficult>0</difficult><occluded>0</occluded><pose>Unspecified</pose><truncated>0</truncated></object><object><name>pedestrain</name><bndbox><xmax>388</xmax><xmin>337</xmin><ymax>163</ymax><ymin>77</ymin></bndbox><difficult>0</difficult><occluded>0</occluded><pose>Unspecified</pose><truncated>0</truncated></object><object><name>pedestrain</name><bndbox><xmax>392</xmax><xmin>348</xmin><ymax>137</ymax><ymin>53</ymin></bndbox><difficult>0</difficult><occluded>1</occluded><pose>Unspecified</pose><truncated>0</truncated></object><segmented>0</segmented><size><depth>3</depth><height>720</height><width>405</width></size><source><annotation>data_02</annotation><database>vatic</database><image>vatic</image></source><owner><flickrid>vatic</flickrid><name>vatic</name></owner></annotation>