<annotation><folder>output_data_02</folder><filename>000061.jpg</filename><object><name>pedestrain</name><bndbox><xmax>492</xmax><xmin>433</xmin><ymax>168</ymax><ymin>67</ymin></bndbox><difficult>0</difficult><occluded>0</occluded><pose>Unspecified</pose><truncated>0</truncated></object><object><name>pedestrain</name><bndbox><xmax>353</xmax><xmin>302</xmin><ymax>159</ymax><ymin>73</ymin></bndbox><difficult>0</difficult><occluded>0</occluded><pose>Unspecified</pose><truncated>0</truncated></object><object><name>pedestrain</name><bndbox><xmax>426</xmax><xmin>383</xmin><ymax>142</ymax><ymin>55</ymin></bndbox><difficult>0</difficult><occluded>0</occluded><pose>Unspecified</pose><truncated>0</truncated></object><segmented>0</segmented><size><depth>3</depth><height>720</height><width>405</width></size><source><annotation>data_02</annotation><database>vatic</database><image>vatic</image></source><owner><flickrid>vatic</flickrid><name>vatic</name></owner></annotation>