<annotation><folder>output_data_02</folder><filename>000121.jpg</filename><object><name>pedestrain</name><bndbox><xmax>358</xmax><xmin>294</xmin><ymax>215</ymax><ymin>109</ymin></bndbox><difficult>0</difficult><occluded>0</occluded><pose>Unspecified</pose><truncated>0</truncated></object><object><name>pedestrain</name><bndbox><xmax>231</xmax><xmin>181</xmin><ymax>132</ymax><ymin>50</ymin></bndbox><difficult>0</difficult><occluded>0</occluded><pose>Unspecified</pose><truncated>0</truncated></object><object><name>pedestrain</name><bndbox><xmax>546</xmax><xmin>493</xmin><ymax>125</ymax><ymin>36</ymin></bndbox><difficult>0</difficult><occluded>0</occluded><pose>Unspecified</pose><truncated>0</truncated></object><segmented>0</segmented><size><depth>3</depth><height>720</height><width>405</width></size><source><annotation>data_02</annotation><database>vatic</database><image>vatic</image></source><owner><flickrid>vatic</flickrid><name>vatic</name></owner></annotation>