<annotation><folder>output_data_02</folder><filename>000196.jpg</filename><object><name>pedestrain</name><bndbox><xmax>152</xmax><xmin>38</xmin><ymax>317</ymax><ymin>188</ymin></bndbox><difficult>0</difficult><occluded>0</occluded><pose>Unspecified</pose><truncated>0</truncated></object><object><name>pedestrain</name><bndbox><xmax>85</xmax><xmin>29</xmin><ymax>115</ymax><ymin>32</ymin></bndbox><difficult>0</difficult><occluded>0</occluded><pose>Unspecified</pose><truncated>0</truncated></object><object><name>pedestrain</name><bndbox><xmax>617</xmax><xmin>565</xmin><ymax>94</ymax><ymin>13</ymin></bndbox><difficult>0</difficult><occluded>0</occluded><pose>Unspecified</pose><truncated>0</truncated></object><object><name>pedestrain</name><bndbox><xmax>279</xmax><xmin>200</xmin><ymax>300</ymax><ymin>186</ymin></bndbox><difficult>0</difficult><occluded>1</occluded><pose>Unspecified</pose><truncated>0</truncated></object><object><name>pedestrain</name><bndbox><xmax>290</xmax><xmin>203</xmin><ymax>320</ymax><ymin>202</ymin></bndbox><difficult>0</difficult><occluded>0</occluded><pose>Unspecified</pose><truncated>0</truncated></object><object><name>pedestrain</name><bndbox><xmax>58</xmax><xmin>0</xmin><ymax>136</ymax><ymin>45</ymin></bndbox><difficult>0</difficult><occluded>1</occluded><pose>Unspecified</pose><truncated>0</truncated></object><segmented>0</segmented><size><depth>3</depth><height>720</height><width>405</width></size><source><annotation>data_02</annotation><database>vatic</database><image>vatic</image></source><owner><flickrid>vatic</flickrid><name>vatic</name></owner></annotation>