<annotation><folder>output_data_02</folder><filename>000286.jpg</filename><object><name>pedestrain</name><bndbox><xmax>510</xmax><xmin>458</xmin><ymax>193</ymax><ymin>93</ymin></bndbox><difficult>0</difficult><occluded>0</occluded><pose>Unspecified</pose><truncated>0</truncated></object><object><name>pedestrain</name><bndbox><xmax>533</xmax><xmin>481</xmin><ymax>202</ymax><ymin>100</ymin></bndbox><difficult>0</difficult><occluded>1</occluded><pose>Unspecified</pose><truncated>0</truncated></object><object><name>pedestrain</name><bndbox><xmax>265</xmax><xmin>211</xmin><ymax>143</ymax><ymin>50</ymin></bndbox><difficult>0</difficult><occluded>1</occluded><pose>Unspecified</pose><truncated>0</truncated></object><object><name>pedestrain</name><bndbox><xmax>257</xmax><xmin>206</xmin><ymax>159</ymax><ymin>68</ymin></bndbox><difficult>0</difficult><occluded>1</occluded><pose>Unspecified</pose><truncated>0</truncated></object><object><name>pedestrain</name><bndbox><xmax>260</xmax><xmin>189</xmin><ymax>191</ymax><ymin>89</ymin></bndbox><difficult>0</difficult><occluded>0</occluded><pose>Unspecified</pose><truncated>0</truncated></object><object><name>pedestrain</name><bndbox><xmax>648</xmax><xmin>601</xmin><ymax>77</ymax><ymin>0</ymin></bndbox><difficult>0</difficult><occluded>1</occluded><pose>Unspecified</pose><truncated>0</truncated></object><segmented>0</segmented><size><depth>3</depth><height>720</height><width>405</width></size><source><annotation>data_02</annotation><database>vatic</database><image>vatic</image></source><owner><flickrid>vatic</flickrid><name>vatic</name></owner></annotation>