<annotation><folder>output_data_02</folder><filename>000376.jpg</filename><object><name>pedestrain</name><bndbox><xmax>619</xmax><xmin>566</xmin><ymax>123</ymax><ymin>34</ymin></bndbox><difficult>0</difficult><occluded>0</occluded><pose>Unspecified</pose><truncated>0</truncated></object><object><name>pedestrain</name><bndbox><xmax>640</xmax><xmin>603</xmin><ymax>96</ymax><ymin>18</ymin></bndbox><difficult>0</difficult><occluded>1</occluded><pose>Unspecified</pose><truncated>0</truncated></object><object><name>pedestrain</name><bndbox><xmax>447</xmax><xmin>394</xmin><ymax>157</ymax><ymin>61</ymin></bndbox><difficult>0</difficult><occluded>0</occluded><pose>Unspecified</pose><truncated>0</truncated></object><object><name>pedestrain</name><bndbox><xmax>511</xmax><xmin>447</xmin><ymax>156</ymax><ymin>64</ymin></bndbox><difficult>0</difficult><occluded>1</occluded><pose>Unspecified</pose><truncated>0</truncated></object><object><name>pedestrain</name><bndbox><xmax>515</xmax><xmin>468</xmin><ymax>183</ymax><ymin>82</ymin></bndbox><difficult>0</difficult><occluded>0</occluded><pose>Unspecified</pose><truncated>0</truncated></object><object><name>pedestrain</name><bndbox><xmax>564</xmax><xmin>511</xmin><ymax>108</ymax><ymin>18</ymin></bndbox><difficult>0</difficult><occluded>1</occluded><pose>Unspecified</pose><truncated>0</truncated></object><object><name>pedestrain</name><bndbox><xmax>590</xmax><xmin>545</xmin><ymax>114</ymax><ymin>29</ymin></bndbox><difficult>0</difficult><occluded>1</occluded><pose>Unspecified</pose><truncated>0</truncated></object><object><name>pedestrain</name><bndbox><xmax>624</xmax><xmin>577</xmin><ymax>69</ymax><ymin>4</ymin></bndbox><difficult>0</difficult><occluded>1</occluded><pose>Unspecified</pose><truncated>0</truncated></object><segmented>0</segmented><size><depth>3</depth><height>720</height><width>405</width></size><source><annotation>data_02</annotation><database>vatic</database><image>vatic</image></source><owner><flickrid>vatic</flickrid><name>vatic</name></owner></annotation>