<annotation><folder>output_data_02</folder><filename>000391.jpg</filename><object><name>pedestrain</name><bndbox><xmax>628</xmax><xmin>581</xmin><ymax>114</ymax><ymin>21</ymin></bndbox><difficult>0</difficult><occluded>0</occluded><pose>Unspecified</pose><truncated>0</truncated></object><object><name>pedestrain</name><bndbox><xmax>653</xmax><xmin>606</xmin><ymax>113</ymax><ymin>17</ymin></bndbox><difficult>0</difficult><occluded>1</occluded><pose>Unspecified</pose><truncated>0</truncated></object><object><name>pedestrain</name><bndbox><xmax>486</xmax><xmin>431</xmin><ymax>163</ymax><ymin>66</ymin></bndbox><difficult>0</difficult><occluded>0</occluded><pose>Unspecified</pose><truncated>0</truncated></object><object><name>pedestrain</name><bndbox><xmax>532</xmax><xmin>483</xmin><ymax>151</ymax><ymin>59</ymin></bndbox><difficult>0</difficult><occluded>1</occluded><pose>Unspecified</pose><truncated>0</truncated></object><object><name>pedestrain</name><bndbox><xmax>552</xmax><xmin>494</xmin><ymax>167</ymax><ymin>71</ymin></bndbox><difficult>0</difficult><occluded>0</occluded><pose>Unspecified</pose><truncated>0</truncated></object><object><name>pedestrain</name><bndbox><xmax>541</xmax><xmin>489</xmin><ymax>118</ymax><ymin>27</ymin></bndbox><difficult>0</difficult><occluded>1</occluded><pose>Unspecified</pose><truncated>0</truncated></object><object><name>pedestrain</name><bndbox><xmax>580</xmax><xmin>535</xmin><ymax>130</ymax><ymin>45</ymin></bndbox><difficult>0</difficult><occluded>1</occluded><pose>Unspecified</pose><truncated>0</truncated></object><object><name>pedestrain</name><bndbox><xmax>596</xmax><xmin>550</xmin><ymax>95</ymax><ymin>3</ymin></bndbox><difficult>0</difficult><occluded>1</occluded><pose>Unspecified</pose><truncated>0</truncated></object><segmented>0</segmented><size><depth>3</depth><height>720</height><width>405</width></size><source><annotation>data_02</annotation><database>vatic</database><image>vatic</image></source><owner><flickrid>vatic</flickrid><name>vatic</name></owner></annotation>