<annotation><folder>output_data_02</folder><filename>000436.jpg</filename><object><name>pedestrain</name><bndbox><xmax>572</xmax><xmin>511</xmin><ymax>165</ymax><ymin>58</ymin></bndbox><difficult>0</difficult><occluded>0</occluded><pose>Unspecified</pose><truncated>0</truncated></object><object><name>pedestrain</name><bndbox><xmax>591</xmax><xmin>550</xmin><ymax>150</ymax><ymin>48</ymin></bndbox><difficult>0</difficult><occluded>1</occluded><pose>Unspecified</pose><truncated>0</truncated></object><object><name>pedestrain</name><bndbox><xmax>620</xmax><xmin>564</xmin><ymax>145</ymax><ymin>43</ymin></bndbox><difficult>0</difficult><occluded>1</occluded><pose>Unspecified</pose><truncated>0</truncated></object><object><name>pedestrain</name><bndbox><xmax>488</xmax><xmin>435</xmin><ymax>181</ymax><ymin>67</ymin></bndbox><difficult>0</difficult><occluded>0</occluded><pose>Unspecified</pose><truncated>0</truncated></object><object><name>pedestrain</name><bndbox><xmax>525</xmax><xmin>481</xmin><ymax>161</ymax><ymin>66</ymin></bndbox><difficult>0</difficult><occluded>0</occluded><pose>Unspecified</pose><truncated>0</truncated></object><object><name>pedestrain</name><bndbox><xmax>569</xmax><xmin>503</xmin><ymax>92</ymax><ymin>27</ymin></bndbox><difficult>0</difficult><occluded>1</occluded><pose>Unspecified</pose><truncated>0</truncated></object><segmented>0</segmented><size><depth>3</depth><height>720</height><width>405</width></size><source><annotation>data_02</annotation><database>vatic</database><image>vatic</image></source><owner><flickrid>vatic</flickrid><name>vatic</name></owner></annotation>