<annotation><folder>output_data_02</folder><filename>000556.jpg</filename><object><name>pedestrain</name><bndbox><xmax>718</xmax><xmin>598</xmin><ymax>402</ymax><ymin>338</ymin></bndbox><difficult>0</difficult><occluded>1</occluded><pose>Unspecified</pose><truncated>0</truncated></object><object><name>pedestrain</name><bndbox><xmax>270</xmax><xmin>182</xmin><ymax>270</ymax><ymin>152</ymin></bndbox><difficult>0</difficult><occluded>0</occluded><pose>Unspecified</pose><truncated>0</truncated></object><segmented>0</segmented><size><depth>3</depth><height>720</height><width>405</width></size><source><annotation>data_02</annotation><database>vatic</database><image>vatic</image></source><owner><flickrid>vatic</flickrid><name>vatic</name></owner></annotation>