<annotation><folder>output_data_02</folder><filename>000571.jpg</filename><object><name>pedestrain</name><bndbox><xmax>219</xmax><xmin>124</xmin><ymax>301</ymax><ymin>181</ymin></bndbox><difficult>0</difficult><occluded>0</occluded><pose>Unspecified</pose><truncated>0</truncated></object><segmented>0</segmented><size><depth>3</depth><height>720</height><width>405</width></size><source><annotation>data_02</annotation><database>vatic</database><image>vatic</image></source><owner><flickrid>vatic</flickrid><name>vatic</name></owner></annotation>