<annotation><folder>output_data_02</folder><filename>000541.jpg</filename><object><name>pedestrain</name><bndbox><xmax>671</xmax><xmin>568</xmin><ymax>387</ymax><ymin>284</ymin></bndbox><difficult>0</difficult><occluded>1</occluded><pose>Unspecified</pose><truncated>0</truncated></object><object><name>pedestrain</name><bndbox><xmax>321</xmax><xmin>246</xmin><ymax>235</ymax><ymin>125</ymin></bndbox><difficult>0</difficult><occluded>0</occluded><pose>Unspecified</pose><truncated>0</truncated></object><segmented>0</segmented><size><depth>3</depth><height>720</height><width>405</width></size><source><annotation>data_02</annotation><database>vatic</database><image>vatic</image></source><owner><flickrid>vatic</flickrid><name>vatic</name></owner></annotation>