<annotation><folder>output_data_02</folder><filename>000616.jpg</filename><object><name>pedestrain</name><bndbox><xmax>57</xmax><xmin>0</xmin><ymax>404</ymax><ymin>332</ymin></bndbox><difficult>0</difficult><occluded>1</occluded><pose>Unspecified</pose><truncated>0</truncated></object><object><name>pedestrain</name><bndbox><xmax>594</xmax><xmin>556</xmin><ymax>81</ymax><ymin>9</ymin></bndbox><difficult>0</difficult><occluded>1</occluded><pose>Unspecified</pose><truncated>0</truncated></object><segmented>0</segmented><size><depth>3</depth><height>720</height><width>405</width></size><source><annotation>data_02</annotation><database>vatic</database><image>vatic</image></source><owner><flickrid>vatic</flickrid><name>vatic</name></owner></annotation>