<annotation><folder>output_data_02</folder><filename>000676.jpg</filename><object><name>pedestrain</name><bndbox><xmax>583</xmax><xmin>533</xmin><ymax>106</ymax><ymin>18</ymin></bndbox><difficult>0</difficult><occluded>0</occluded><pose>Unspecified</pose><truncated>0</truncated></object><segmented>0</segmented><size><depth>3</depth><height>720</height><width>405</width></size><source><annotation>data_02</annotation><database>vatic</database><image>vatic</image></source><owner><flickrid>vatic</flickrid><name>vatic</name></owner></annotation>