<annotation><folder>output_data_02</folder><filename>000766.jpg</filename><object><name>pedestrain</name><bndbox><xmax>403</xmax><xmin>356</xmin><ymax>137</ymax><ymin>50</ymin></bndbox><difficult>0</difficult><occluded>0</occluded><pose>Unspecified</pose><truncated>0</truncated></object><object><name>pedestrain</name><bndbox><xmax>216</xmax><xmin>159</xmin><ymax>116</ymax><ymin>24</ymin></bndbox><difficult>0</difficult><occluded>1</occluded><pose>Unspecified</pose><truncated>0</truncated></object><object><name>pedestrain</name><bndbox><xmax>201</xmax><xmin>148</xmin><ymax>128</ymax><ymin>46</ymin></bndbox><difficult>0</difficult><occluded>0</occluded><pose>Unspecified</pose><truncated>0</truncated></object><segmented>0</segmented><size><depth>3</depth><height>720</height><width>405</width></size><source><annotation>data_02</annotation><database>vatic</database><image>vatic</image></source><owner><flickrid>vatic</flickrid><name>vatic</name></owner></annotation>