<annotation><folder>output_data_02</folder><filename>000811.jpg</filename><object><name>pedestrain</name><bndbox><xmax>296</xmax><xmin>261</xmin><ymax>151</ymax><ymin>65</ymin></bndbox><difficult>0</difficult><occluded>0</occluded><pose>Unspecified</pose><truncated>0</truncated></object><object><name>pedestrain</name><bndbox><xmax>643</xmax><xmin>609</xmin><ymax>86</ymax><ymin>21</ymin></bndbox><difficult>0</difficult><occluded>1</occluded><pose>Unspecified</pose><truncated>0</truncated></object><object><name>pedestrain</name><bndbox><xmax>332</xmax><xmin>297</xmin><ymax>118</ymax><ymin>27</ymin></bndbox><difficult>0</difficult><occluded>1</occluded><pose>Unspecified</pose><truncated>0</truncated></object><object><name>pedestrain</name><bndbox><xmax>320</xmax><xmin>283</xmin><ymax>131</ymax><ymin>49</ymin></bndbox><difficult>0</difficult><occluded>1</occluded><pose>Unspecified</pose><truncated>0</truncated></object><segmented>0</segmented><size><depth>3</depth><height>720</height><width>405</width></size><source><annotation>data_02</annotation><database>vatic</database><image>vatic</image></source><owner><flickrid>vatic</flickrid><name>vatic</name></owner></annotation>