<annotation><folder>output_data_02</folder><filename>000841.jpg</filename><object><name>pedestrain</name><bndbox><xmax>232</xmax><xmin>182</xmin><ymax>147</ymax><ymin>62</ymin></bndbox><difficult>0</difficult><occluded>0</occluded><pose>Unspecified</pose><truncated>0</truncated></object><object><name>pedestrain</name><bndbox><xmax>635</xmax><xmin>591</xmin><ymax>104</ymax><ymin>28</ymin></bndbox><difficult>0</difficult><occluded>1</occluded><pose>Unspecified</pose><truncated>0</truncated></object><object><name>pedestrain</name><bndbox><xmax>426</xmax><xmin>381</xmin><ymax>127</ymax><ymin>38</ymin></bndbox><difficult>0</difficult><occluded>1</occluded><pose>Unspecified</pose><truncated>0</truncated></object><object><name>pedestrain</name><bndbox><xmax>415</xmax><xmin>362</xmin><ymax>143</ymax><ymin>61</ymin></bndbox><difficult>0</difficult><occluded>0</occluded><pose>Unspecified</pose><truncated>0</truncated></object><object><name>pedestrain</name><bndbox><xmax>84</xmax><xmin>31</xmin><ymax>109</ymax><ymin>26</ymin></bndbox><difficult>0</difficult><occluded>0</occluded><pose>Unspecified</pose><truncated>0</truncated></object><segmented>0</segmented><size><depth>3</depth><height>720</height><width>405</width></size><source><annotation>data_02</annotation><database>vatic</database><image>vatic</image></source><owner><flickrid>vatic</flickrid><name>vatic</name></owner></annotation>