<annotation><folder>DJI_0012_slice_01</folder><filename>000121.jpg</filename><object><name>Pedestrain</name><bndbox><xmax>340</xmax><xmin>305</xmin><ymax>115</ymax><ymin>26</ymin></bndbox><difficult>0</difficult><occluded>0</occluded><pose>Unspecified</pose><truncated>0</truncated></object><object><name>Pedestrain</name><bndbox><xmax>133</xmax><xmin>12</xmin><ymax>375</ymax><ymin>247</ymin></bndbox><difficult>0</difficult><occluded>0</occluded><pose>Unspecified</pose><truncated>0</truncated></object><segmented>0</segmented><size><depth>3</depth><height>720</height><width>405</width></size><source><annotation>DJI01</annotation><database>vatic</database><image>vatic</image></source><owner><flickrid>vatic</flickrid><name>vatic</name></owner></annotation>