<annotation><folder>DJI_0012_slice_01</folder><filename>000166.jpg</filename><object><name>Pedestrain</name><bndbox><xmax>573</xmax><xmin>520</xmin><ymax>195</ymax><ymin>112</ymin></bndbox><difficult>0</difficult><occluded>1</occluded><pose>Unspecified</pose><truncated>0</truncated></object><object><name>Pedestrain</name><bndbox><xmax>252</xmax><xmin>215</xmin><ymax>67</ymax><ymin>0</ymin></bndbox><difficult>0</difficult><occluded>1</occluded><pose>Unspecified</pose><truncated>0</truncated></object><segmented>0</segmented><size><depth>3</depth><height>720</height><width>405</width></size><source><annotation>DJI01</annotation><database>vatic</database><image>vatic</image></source><owner><flickrid>vatic</flickrid><name>vatic</name></owner></annotation>