<annotation><folder>DJI_0012_slice_01</folder><filename>000151.jpg</filename><object><name>Pedestrain</name><bndbox><xmax>306</xmax><xmin>272</xmin><ymax>65</ymax><ymin>0</ymin></bndbox><difficult>0</difficult><occluded>1</occluded><pose>Unspecified</pose><truncated>0</truncated></object><segmented>0</segmented><size><depth>3</depth><height>720</height><width>405</width></size><source><annotation>DJI01</annotation><database>vatic</database><image>vatic</image></source><owner><flickrid>vatic</flickrid><name>vatic</name></owner></annotation>