<annotation><folder>DJI_0012_slice_01</folder><filename>000256.jpg</filename><object><name>Pedestrain</name><bndbox><xmax>612</xmax><xmin>546</xmin><ymax>244</ymax><ymin>154</ymin></bndbox><difficult>0</difficult><occluded>0</occluded><pose>Unspecified</pose><truncated>0</truncated></object><object><name>Pedestrain</name><bndbox><xmax>314</xmax><xmin>268</xmin><ymax>216</ymax><ymin>119</ymin></bndbox><difficult>0</difficult><occluded>0</occluded><pose>Unspecified</pose><truncated>0</truncated></object><object><name>Pedestrain</name><bndbox><xmax>157</xmax><xmin>57</xmin><ymax>323</ymax><ymin>198</ymin></bndbox><difficult>0</difficult><occluded>0</occluded><pose>Unspecified</pose><truncated>0</truncated></object><object><name>Pedestrain</name><bndbox><xmax>236</xmax><xmin>157</xmin><ymax>367</ymax><ymin>266</ymin></bndbox><difficult>0</difficult><occluded>0</occluded><pose>Unspecified</pose><truncated>0</truncated></object><object><name>Pedestrain</name><bndbox><xmax>642</xmax><xmin>558</xmin><ymax>345</ymax><ymin>230</ymin></bndbox><difficult>0</difficult><occluded>0</occluded><pose>Unspecified</pose><truncated>0</truncated></object><object><name>Pedestrain</name><bndbox><xmax>681</xmax><xmin>607</xmin><ymax>328</ymax><ymin>207</ymin></bndbox><difficult>0</difficult><occluded>1</occluded><pose>Unspecified</pose><truncated>0</truncated></object><segmented>0</segmented><size><depth>3</depth><height>720</height><width>405</width></size><source><annotation>DJI01</annotation><database>vatic</database><image>vatic</image></source><owner><flickrid>vatic</flickrid><name>vatic</name></owner></annotation>