<annotation><folder>DJI_0012_slice_01</folder><filename>000211.jpg</filename><object><name>Pedestrain</name><bndbox><xmax>593</xmax><xmin>540</xmin><ymax>224</ymax><ymin>133</ymin></bndbox><difficult>0</difficult><occluded>0</occluded><pose>Unspecified</pose><truncated>0</truncated></object><object><name>Pedestrain</name><bndbox><xmax>289</xmax><xmin>245</xmin><ymax>128</ymax><ymin>31</ymin></bndbox><difficult>0</difficult><occluded>0</occluded><pose>Unspecified</pose><truncated>0</truncated></object><segmented>0</segmented><size><depth>3</depth><height>720</height><width>405</width></size><source><annotation>DJI01</annotation><database>vatic</database><image>vatic</image></source><owner><flickrid>vatic</flickrid><name>vatic</name></owner></annotation>