<annotation><folder>DJI_0012_slice_01</folder><filename>000286.jpg</filename><object><name>Pedestrain</name><bndbox><xmax>619</xmax><xmin>563</xmin><ymax>232</ymax><ymin>162</ymin></bndbox><difficult>0</difficult><occluded>1</occluded><pose>Unspecified</pose><truncated>0</truncated></object><object><name>Pedestrain</name><bndbox><xmax>307</xmax><xmin>250</xmin><ymax>321</ymax><ymin>199</ymin></bndbox><difficult>0</difficult><occluded>0</occluded><pose>Unspecified</pose><truncated>0</truncated></object><object><name>Pedestrain</name><bndbox><xmax>185</xmax><xmin>101</xmin><ymax>243</ymax><ymin>125</ymin></bndbox><difficult>0</difficult><occluded>0</occluded><pose>Unspecified</pose><truncated>0</truncated></object><object><name>Pedestrain</name><bndbox><xmax>236</xmax><xmin>168</xmin><ymax>283</ymax><ymin>193</ymin></bndbox><difficult>0</difficult><occluded>0</occluded><pose>Unspecified</pose><truncated>0</truncated></object><object><name>Pedestrain</name><bndbox><xmax>593</xmax><xmin>522</xmin><ymax>279</ymax><ymin>165</ymin></bndbox><difficult>0</difficult><occluded>0</occluded><pose>Unspecified</pose><truncated>0</truncated></object><object><name>Pedestrain</name><bndbox><xmax>661</xmax><xmin>589</xmin><ymax>274</ymax><ymin>154</ymin></bndbox><difficult>0</difficult><occluded>0</occluded><pose>Unspecified</pose><truncated>0</truncated></object><segmented>0</segmented><size><depth>3</depth><height>720</height><width>405</width></size><source><annotation>DJI01</annotation><database>vatic</database><image>vatic</image></source><owner><flickrid>vatic</flickrid><name>vatic</name></owner></annotation>