<annotation><folder>DJI_0012_slice_01</folder><filename>000241.jpg</filename><object><name>Pedestrain</name><bndbox><xmax>604</xmax><xmin>546</xmin><ymax>236</ymax><ymin>145</ymin></bndbox><difficult>0</difficult><occluded>0</occluded><pose>Unspecified</pose><truncated>0</truncated></object><object><name>Pedestrain</name><bndbox><xmax>307</xmax><xmin>262</xmin><ymax>186</ymax><ymin>88</ymin></bndbox><difficult>0</difficult><occluded>0</occluded><pose>Unspecified</pose><truncated>0</truncated></object><object><name>Pedestrain</name><bndbox><xmax>143</xmax><xmin>32</xmin><ymax>367</ymax><ymin>241</ymin></bndbox><difficult>0</difficult><occluded>0</occluded><pose>Unspecified</pose><truncated>0</truncated></object><object><name>Pedestrain</name><bndbox><xmax>205</xmax><xmin>128</xmin><ymax>401</ymax><ymin>326</ymin></bndbox><difficult>0</difficult><occluded>1</occluded><pose>Unspecified</pose><truncated>0</truncated></object><object><name>Pedestrain</name><bndbox><xmax>680</xmax><xmin>578</xmin><ymax>378</ymax><ymin>261</ymin></bndbox><difficult>0</difficult><occluded>0</occluded><pose>Unspecified</pose><truncated>0</truncated></object><segmented>0</segmented><size><depth>3</depth><height>720</height><width>405</width></size><source><annotation>DJI01</annotation><database>vatic</database><image>vatic</image></source><owner><flickrid>vatic</flickrid><name>vatic</name></owner></annotation>