<annotation><folder>DJI_0012_slice_01</folder><filename>000556.jpg</filename><object><name>Pedestrain</name><bndbox><xmax>462</xmax><xmin>424</xmin><ymax>66</ymax><ymin>0</ymin></bndbox><difficult>0</difficult><occluded>1</occluded><pose>Unspecified</pose><truncated>0</truncated></object><object><name>Pedestrain</name><bndbox><xmax>442</xmax><xmin>401</xmin><ymax>79</ymax><ymin>2</ymin></bndbox><difficult>0</difficult><occluded>1</occluded><pose>Unspecified</pose><truncated>0</truncated></object><object><name>Pedestrain</name><bndbox><xmax>318</xmax><xmin>254</xmin><ymax>311</ymax><ymin>205</ymin></bndbox><difficult>0</difficult><occluded>0</occluded><pose>Unspecified</pose><truncated>0</truncated></object><object><name>Pedestrain</name><bndbox><xmax>402</xmax><xmin>340</xmin><ymax>285</ymax><ymin>168</ymin></bndbox><difficult>0</difficult><occluded>0</occluded><pose>Unspecified</pose><truncated>0</truncated></object><object><name>Pedestrain</name><bndbox><xmax>354</xmax><xmin>305</xmin><ymax>109</ymax><ymin>18</ymin></bndbox><difficult>0</difficult><occluded>0</occluded><pose>Unspecified</pose><truncated>0</truncated></object><segmented>0</segmented><size><depth>3</depth><height>720</height><width>405</width></size><source><annotation>DJI01</annotation><database>vatic</database><image>vatic</image></source><owner><flickrid>vatic</flickrid><name>vatic</name></owner></annotation>