<annotation><folder>DJI_0012_slice_01</folder><filename>000586.jpg</filename><object><name>Pedestrain</name><bndbox><xmax>423</xmax><xmin>361</xmin><ymax>401</ymax><ymin>292</ymin></bndbox><difficult>0</difficult><occluded>0</occluded><pose>Unspecified</pose><truncated>0</truncated></object><object><name>Pedestrain</name><bndbox><xmax>310</xmax><xmin>244</xmin><ymax>256</ymax><ymin>146</ymin></bndbox><difficult>0</difficult><occluded>0</occluded><pose>Unspecified</pose><truncated>0</truncated></object><segmented>0</segmented><size><depth>3</depth><height>720</height><width>405</width></size><source><annotation>DJI01</annotation><database>vatic</database><image>vatic</image></source><owner><flickrid>vatic</flickrid><name>vatic</name></owner></annotation>