<annotation><folder>DJI_0012_slice_01</folder><filename>000571.jpg</filename><object><name>Pedestrain</name><bndbox><xmax>329</xmax><xmin>255</xmin><ymax>389</ymax><ymin>271</ymin></bndbox><difficult>0</difficult><occluded>0</occluded><pose>Unspecified</pose><truncated>0</truncated></object><object><name>Pedestrain</name><bndbox><xmax>412</xmax><xmin>347</xmin><ymax>349</ymax><ymin>225</ymin></bndbox><difficult>0</difficult><occluded>0</occluded><pose>Unspecified</pose><truncated>0</truncated></object><object><name>Pedestrain</name><bndbox><xmax>336</xmax><xmin>279</xmin><ymax>169</ymax><ymin>68</ymin></bndbox><difficult>0</difficult><occluded>0</occluded><pose>Unspecified</pose><truncated>0</truncated></object><segmented>0</segmented><size><depth>3</depth><height>720</height><width>405</width></size><source><annotation>DJI01</annotation><database>vatic</database><image>vatic</image></source><owner><flickrid>vatic</flickrid><name>vatic</name></owner></annotation>