<annotation><folder>DJI_0012_slice_01</folder><filename>000601.jpg</filename><object><name>Pedestrain</name><bndbox><xmax>274</xmax><xmin>194</xmin><ymax>392</ymax><ymin>281</ymin></bndbox><difficult>0</difficult><occluded>0</occluded><pose>Unspecified</pose><truncated>0</truncated></object><object><name>Pedestrain</name><bndbox><xmax>279</xmax><xmin>195</xmin><ymax>401</ymax><ymin>275</ymin></bndbox><difficult>0</difficult><occluded>0</occluded><pose>Unspecified</pose><truncated>0</truncated></object><segmented>0</segmented><size><depth>3</depth><height>720</height><width>405</width></size><source><annotation>DJI01</annotation><database>vatic</database><image>vatic</image></source><owner><flickrid>vatic</flickrid><name>vatic</name></owner></annotation>