<annotation><folder>DJI_0012_slice_01</folder><filename>000841.jpg</filename><object><name>Pedestrain</name><bndbox><xmax>340</xmax><xmin>274</xmin><ymax>280</ymax><ymin>177</ymin></bndbox><difficult>0</difficult><occluded>0</occluded><pose>Unspecified</pose><truncated>0</truncated></object><object><name>Pedestrain</name><bndbox><xmax>320</xmax><xmin>283</xmin><ymax>133</ymax><ymin>47</ymin></bndbox><difficult>0</difficult><occluded>0</occluded><pose>Unspecified</pose><truncated>0</truncated></object><object><name>Pedestrain</name><bndbox><xmax>283</xmax><xmin>243</xmin><ymax>141</ymax><ymin>52</ymin></bndbox><difficult>0</difficult><occluded>0</occluded><pose>Unspecified</pose><truncated>0</truncated></object><segmented>0</segmented><size><depth>3</depth><height>720</height><width>405</width></size><source><annotation>DJI01</annotation><database>vatic</database><image>vatic</image></source><owner><flickrid>vatic</flickrid><name>vatic</name></owner></annotation>