<annotation><folder>DJI_0012_slice_01</folder><filename>000856.jpg</filename><object><name>Pedestrain</name><bndbox><xmax>339</xmax><xmin>268</xmin><ymax>343</ymax><ymin>237</ymin></bndbox><difficult>0</difficult><occluded>0</occluded><pose>Unspecified</pose><truncated>0</truncated></object><object><name>Pedestrain</name><bndbox><xmax>315</xmax><xmin>278</xmin><ymax>165</ymax><ymin>74</ymin></bndbox><difficult>0</difficult><occluded>0</occluded><pose>Unspecified</pose><truncated>0</truncated></object><object><name>Pedestrain</name><bndbox><xmax>278</xmax><xmin>235</xmin><ymax>171</ymax><ymin>79</ymin></bndbox><difficult>0</difficult><occluded>0</occluded><pose>Unspecified</pose><truncated>0</truncated></object><segmented>0</segmented><size><depth>3</depth><height>720</height><width>405</width></size><source><annotation>DJI01</annotation><database>vatic</database><image>vatic</image></source><owner><flickrid>vatic</flickrid><name>vatic</name></owner></annotation>