<annotation><folder>DJI_0012_slice_01</folder><filename>000871.jpg</filename><object><name>Pedestrain</name><bndbox><xmax>331</xmax><xmin>261</xmin><ymax>404</ymax><ymin>301</ymin></bndbox><difficult>0</difficult><occluded>1</occluded><pose>Unspecified</pose><truncated>0</truncated></object><object><name>Pedestrain</name><bndbox><xmax>315</xmax><xmin>272</xmin><ymax>204</ymax><ymin>103</ymin></bndbox><difficult>0</difficult><occluded>0</occluded><pose>Unspecified</pose><truncated>0</truncated></object><object><name>Pedestrain</name><bndbox><xmax>275</xmax><xmin>225</xmin><ymax>209</ymax><ymin>114</ymin></bndbox><difficult>0</difficult><occluded>0</occluded><pose>Unspecified</pose><truncated>0</truncated></object><segmented>0</segmented><size><depth>3</depth><height>720</height><width>405</width></size><source><annotation>DJI01</annotation><database>vatic</database><image>vatic</image></source><owner><flickrid>vatic</flickrid><name>vatic</name></owner></annotation>