<annotation><folder>DJI_0012_slice_01</folder><filename>000991.jpg</filename><object><name>Pedestrain</name><bndbox><xmax>623</xmax><xmin>548</xmin><ymax>249</ymax><ymin>146</ymin></bndbox><difficult>0</difficult><occluded>0</occluded><pose>Unspecified</pose><truncated>0</truncated></object><object><name>Pedestrain</name><bndbox><xmax>516</xmax><xmin>475</xmin><ymax>130</ymax><ymin>36</ymin></bndbox><difficult>0</difficult><occluded>0</occluded><pose>Unspecified</pose><truncated>0</truncated></object><object><name>Pedestrain</name><bndbox><xmax>294</xmax><xmin>245</xmin><ymax>140</ymax><ymin>49</ymin></bndbox><difficult>0</difficult><occluded>0</occluded><pose>Unspecified</pose><truncated>0</truncated></object><object><name>Pedestrain</name><bndbox><xmax>212</xmax><xmin>151</xmin><ymax>183</ymax><ymin>74</ymin></bndbox><difficult>0</difficult><occluded>0</occluded><pose>Unspecified</pose><truncated>0</truncated></object><segmented>0</segmented><size><depth>3</depth><height>720</height><width>405</width></size><source><annotation>DJI01</annotation><database>vatic</database><image>vatic</image></source><owner><flickrid>vatic</flickrid><name>vatic</name></owner></annotation>