<annotation><folder>DJI_0012_slice_01</folder><filename>000931.jpg</filename><object><name>Pedestrain</name><bndbox><xmax>223</xmax><xmin>147</xmin><ymax>404</ymax><ymin>333</ymin></bndbox><difficult>0</difficult><occluded>1</occluded><pose>Unspecified</pose><truncated>0</truncated></object><object><name>Pedestrain</name><bndbox><xmax>325</xmax><xmin>264</xmin><ymax>404</ymax><ymin>336</ymin></bndbox><difficult>0</difficult><occluded>1</occluded><pose>Unspecified</pose><truncated>0</truncated></object><object><name>Pedestrain</name><bndbox><xmax>539</xmax><xmin>494</xmin><ymax>131</ymax><ymin>34</ymin></bndbox><difficult>0</difficult><occluded>1</occluded><pose>Unspecified</pose><truncated>0</truncated></object><object><name>Pedestrain</name><bndbox><xmax>433</xmax><xmin>390</xmin><ymax>53</ymax><ymin>1</ymin></bndbox><difficult>0</difficult><occluded>1</occluded><pose>Unspecified</pose><truncated>0</truncated></object><object><name>Pedestrain</name><bndbox><xmax>153</xmax><xmin>67</xmin><ymax>328</ymax><ymin>216</ymin></bndbox><difficult>0</difficult><occluded>0</occluded><pose>Unspecified</pose><truncated>0</truncated></object><segmented>0</segmented><size><depth>3</depth><height>720</height><width>405</width></size><source><annotation>DJI01</annotation><database>vatic</database><image>vatic</image></source><owner><flickrid>vatic</flickrid><name>vatic</name></owner></annotation>