<annotation><folder>DJI_0012_slice_01</folder><filename>001051.jpg</filename><object><name>Pedestrain</name><bndbox><xmax>662</xmax><xmin>565</xmin><ymax>282</ymax><ymin>174</ymin></bndbox><difficult>0</difficult><occluded>0</occluded><pose>Unspecified</pose><truncated>0</truncated></object><object><name>Pedestrain</name><bndbox><xmax>249</xmax><xmin>177</xmin><ymax>252</ymax><ymin>148</ymin></bndbox><difficult>0</difficult><occluded>0</occluded><pose>Unspecified</pose><truncated>0</truncated></object><object><name>Pedestrain</name><bndbox><xmax>220</xmax><xmin>174</xmin><ymax>141</ymax><ymin>43</ymin></bndbox><difficult>0</difficult><occluded>0</occluded><pose>Unspecified</pose><truncated>0</truncated></object><segmented>0</segmented><size><depth>3</depth><height>720</height><width>405</width></size><source><annotation>DJI01</annotation><database>vatic</database><image>vatic</image></source><owner><flickrid>vatic</flickrid><name>vatic</name></owner></annotation>