<annotation><folder>DJI_0012_slice_01</folder><filename>001021.jpg</filename><object><name>Pedestrain</name><bndbox><xmax>701</xmax><xmin>604</xmin><ymax>331</ymax><ymin>216</ymin></bndbox><difficult>0</difficult><occluded>0</occluded><pose>Unspecified</pose><truncated>0</truncated></object><object><name>Pedestrain</name><bndbox><xmax>279</xmax><xmin>229</xmin><ymax>191</ymax><ymin>86</ymin></bndbox><difficult>0</difficult><occluded>0</occluded><pose>Unspecified</pose><truncated>0</truncated></object><object><name>Pedestrain</name><bndbox><xmax>220</xmax><xmin>173</xmin><ymax>147</ymax><ymin>43</ymin></bndbox><difficult>0</difficult><occluded>0</occluded><pose>Unspecified</pose><truncated>0</truncated></object><segmented>0</segmented><size><depth>3</depth><height>720</height><width>405</width></size><source><annotation>DJI01</annotation><database>vatic</database><image>vatic</image></source><owner><flickrid>vatic</flickrid><name>vatic</name></owner></annotation>