<annotation><folder>DJI_0012_slice_01</folder><filename>001081.jpg</filename><object><name>Pedestrain</name><bndbox><xmax>185</xmax><xmin>82</xmin><ymax>309</ymax><ymin>206</ymin></bndbox><difficult>0</difficult><occluded>0</occluded><pose>Unspecified</pose><truncated>0</truncated></object><object><name>Pedestrain</name><bndbox><xmax>214</xmax><xmin>169</xmin><ymax>134</ymax><ymin>37</ymin></bndbox><difficult>0</difficult><occluded>0</occluded><pose>Unspecified</pose><truncated>0</truncated></object><segmented>0</segmented><size><depth>3</depth><height>720</height><width>405</width></size><source><annotation>DJI01</annotation><database>vatic</database><image>vatic</image></source><owner><flickrid>vatic</flickrid><name>vatic</name></owner></annotation>