<annotation><folder>DJI_0012_slice_01</folder><filename>001006.jpg</filename><object><name>Pedestrain</name><bndbox><xmax>654</xmax><xmin>570</xmin><ymax>287</ymax><ymin>180</ymin></bndbox><difficult>0</difficult><occluded>0</occluded><pose>Unspecified</pose><truncated>0</truncated></object><object><name>Pedestrain</name><bndbox><xmax>287</xmax><xmin>238</xmin><ymax>165</ymax><ymin>67</ymin></bndbox><difficult>0</difficult><occluded>0</occluded><pose>Unspecified</pose><truncated>0</truncated></object><object><name>Pedestrain</name><bndbox><xmax>218</xmax><xmin>167</xmin><ymax>158</ymax><ymin>50</ymin></bndbox><difficult>0</difficult><occluded>0</occluded><pose>Unspecified</pose><truncated>0</truncated></object><segmented>0</segmented><size><depth>3</depth><height>720</height><width>405</width></size><source><annotation>DJI01</annotation><database>vatic</database><image>vatic</image></source><owner><flickrid>vatic</flickrid><name>vatic</name></owner></annotation>