<annotation><folder>DJI_0012_slice_01</folder><filename>001066.jpg</filename><object><name>Pedestrain</name><bndbox><xmax>717</xmax><xmin>620</xmin><ymax>326</ymax><ymin>222</ymin></bndbox><difficult>0</difficult><occluded>0</occluded><pose>Unspecified</pose><truncated>0</truncated></object><object><name>Pedestrain</name><bndbox><xmax>218</xmax><xmin>135</xmin><ymax>283</ymax><ymin>179</ymin></bndbox><difficult>0</difficult><occluded>0</occluded><pose>Unspecified</pose><truncated>0</truncated></object><object><name>Pedestrain</name><bndbox><xmax>217</xmax><xmin>172</xmin><ymax>138</ymax><ymin>41</ymin></bndbox><difficult>0</difficult><occluded>0</occluded><pose>Unspecified</pose><truncated>0</truncated></object><segmented>0</segmented><size><depth>3</depth><height>720</height><width>405</width></size><source><annotation>DJI01</annotation><database>vatic</database><image>vatic</image></source><owner><flickrid>vatic</flickrid><name>vatic</name></owner></annotation>