<annotation><folder>DJI_0012_slice_01</folder><filename>001096.jpg</filename><object><name>Pedestrain</name><bndbox><xmax>144</xmax><xmin>30</xmin><ymax>331</ymax><ymin>228</ymin></bndbox><difficult>0</difficult><occluded>0</occluded><pose>Unspecified</pose><truncated>0</truncated></object><object><name>Pedestrain</name><bndbox><xmax>211</xmax><xmin>166</xmin><ymax>125</ymax><ymin>28</ymin></bndbox><difficult>0</difficult><occluded>0</occluded><pose>Unspecified</pose><truncated>0</truncated></object><segmented>0</segmented><size><depth>3</depth><height>720</height><width>405</width></size><source><annotation>DJI01</annotation><database>vatic</database><image>vatic</image></source><owner><flickrid>vatic</flickrid><name>vatic</name></owner></annotation>