<annotation><folder>DJI_0012_slice_01</folder><filename>001111.jpg</filename><object><name>Pedestrain</name><bndbox><xmax>95</xmax><xmin>0</xmin><ymax>348</ymax><ymin>248</ymin></bndbox><difficult>0</difficult><occluded>1</occluded><pose>Unspecified</pose><truncated>0</truncated></object><object><name>Pedestrain</name><bndbox><xmax>208</xmax><xmin>163</xmin><ymax>117</ymax><ymin>20</ymin></bndbox><difficult>0</difficult><occluded>0</occluded><pose>Unspecified</pose><truncated>0</truncated></object><segmented>0</segmented><size><depth>3</depth><height>720</height><width>405</width></size><source><annotation>DJI01</annotation><database>vatic</database><image>vatic</image></source><owner><flickrid>vatic</flickrid><name>vatic</name></owner></annotation>