<annotation><folder>DJI_0012_slice_01</folder><filename>001126.jpg</filename><object><name>Pedestrain</name><bndbox><xmax>206</xmax><xmin>161</xmin><ymax>113</ymax><ymin>16</ymin></bndbox><difficult>0</difficult><occluded>0</occluded><pose>Unspecified</pose><truncated>0</truncated></object><segmented>0</segmented><size><depth>3</depth><height>720</height><width>405</width></size><source><annotation>DJI01</annotation><database>vatic</database><image>vatic</image></source><owner><flickrid>vatic</flickrid><name>vatic</name></owner></annotation>