<annotation><folder>DJI_0012_slice_01</folder><filename>001201.jpg</filename><object><name>Pedestrain</name><bndbox><xmax>204</xmax><xmin>137</xmin><ymax>189</ymax><ymin>82</ymin></bndbox><difficult>0</difficult><occluded>0</occluded><pose>Unspecified</pose><truncated>0</truncated></object><object><name>Pedestrain</name><bndbox><xmax>94</xmax><xmin>0</xmin><ymax>391</ymax><ymin>282</ymin></bndbox><difficult>0</difficult><occluded>1</occluded><pose>Unspecified</pose><truncated>0</truncated></object><object><name>Pedestrain</name><bndbox><xmax>206</xmax><xmin>155</xmin><ymax>111</ymax><ymin>17</ymin></bndbox><difficult>0</difficult><occluded>0</occluded><pose>Unspecified</pose><truncated>0</truncated></object><object><name>Pedestrain</name><bndbox><xmax>97</xmax><xmin>0</xmin><ymax>397</ymax><ymin>284</ymin></bndbox><difficult>0</difficult><occluded>1</occluded><pose>Unspecified</pose><truncated>0</truncated></object><segmented>0</segmented><size><depth>3</depth><height>720</height><width>405</width></size><source><annotation>DJI01</annotation><database>vatic</database><image>vatic</image></source><owner><flickrid>vatic</flickrid><name>vatic</name></owner></annotation>