<annotation><folder>Runmin_output_00</folder><filename>000136.jpg</filename><object><name>pedestrain</name><bndbox><xmax>139</xmax><xmin>112</xmin><ymax>237</ymax><ymin>167</ymin></bndbox><difficult>0</difficult><occluded>0</occluded><pose>Unspecified</pose><truncated>0</truncated></object><object><name>pedestrain</name><bndbox><xmax>386</xmax><xmin>357</xmin><ymax>246</ymax><ymin>176</ymin></bndbox><difficult>0</difficult><occluded>0</occluded><pose>Unspecified</pose><truncated>0</truncated></object><object><name>pedestrain</name><bndbox><xmax>607</xmax><xmin>536</xmin><ymax>402</ymax><ymin>350</ymin></bndbox><difficult>0</difficult><occluded>1</occluded><pose>Unspecified</pose><truncated>0</truncated></object><object><name>pedestrain</name><bndbox><xmax>349</xmax><xmin>334</xmin><ymax>177</ymax><ymin>147</ymin></bndbox><difficult>0</difficult><occluded>0</occluded><pose>Unspecified</pose><truncated>0</truncated></object><object><name>pedestrain</name><bndbox><xmax>384</xmax><xmin>369</xmin><ymax>176</ymax><ymin>147</ymin></bndbox><difficult>0</difficult><occluded>0</occluded><pose>Unspecified</pose><truncated>0</truncated></object><object><name>pedestrain</name><bndbox><xmax>360</xmax><xmin>347</xmin><ymax>171</ymax><ymin>138</ymin></bndbox><difficult>0</difficult><occluded>0</occluded><pose>Unspecified</pose><truncated>0</truncated></object><object><name>pedestrain</name><bndbox><xmax>396</xmax><xmin>380</xmin><ymax>147</ymax><ymin>124</ymin></bndbox><difficult>0</difficult><occluded>0</occluded><pose>Unspecified</pose><truncated>0</truncated></object><object><name>pedestrain</name><bndbox><xmax>370</xmax><xmin>358</xmin><ymax>168</ymax><ymin>139</ymin></bndbox><difficult>0</difficult><occluded>0</occluded><pose>Unspecified</pose><truncated>0</truncated></object><object><name>pedestrain</name><bndbox><xmax>391</xmax><xmin>378</xmin><ymax>177</ymax><ymin>146</ymin></bndbox><difficult>0</difficult><occluded>1</occluded><pose>Unspecified</pose><truncated>0</truncated></object><object><name>pedestrain</name><bndbox><xmax>422</xmax><xmin>408</xmin><ymax>191</ymax><ymin>142</ymin></bndbox><difficult>0</difficult><occluded>1</occluded><pose>Unspecified</pose><truncated>0</truncated></object><object><name>pedestrain</name><bndbox><xmax>434</xmax><xmin>418</xmin><ymax>191</ymax><ymin>145</ymin></bndbox><difficult>0</difficult><occluded>0</occluded><pose>Unspecified</pose><truncated>0</truncated></object><object><name>pedestrain</name><bndbox><xmax>436</xmax><xmin>418</xmin><ymax>179</ymax><ymin>138</ymin></bndbox><difficult>0</difficult><occluded>1</occluded><pose>Unspecified</pose><truncated>0</truncated></object><object><name>pedestrain</name><bndbox><xmax>395</xmax><xmin>383</xmin><ymax>179</ymax><ymin>147</ymin></bndbox><difficult>0</difficult><occluded>0</occluded><pose>Unspecified</pose><truncated>0</truncated></object><object><name>pedestrain</name><bndbox><xmax>400</xmax><xmin>390</xmin><ymax>132</ymax><ymin>112</ymin></bndbox><difficult>0</difficult><occluded>0</occluded><pose>Unspecified</pose><truncated>0</truncated></object><object><name>pedestrain</name><bndbox><xmax>393</xmax><xmin>380</xmin><ymax>133</ymax><ymin>113</ymin></bndbox><difficult>0</difficult><occluded>0</occluded><pose>Unspecified</pose><truncated>0</truncated></object><object><name>pedestrain</name><bndbox><xmax>210</xmax><xmin>201</xmin><ymax>104</ymax><ymin>84</ymin></bndbox><difficult>0</difficult><occluded>0</occluded><pose>Unspecified</pose><truncated>0</truncated></object><object><name>pedestrain</name><bndbox><xmax>409</xmax><xmin>401</xmin><ymax>122</ymax><ymin>107</ymin></bndbox><difficult>0</difficult><occluded>0</occluded><pose>Unspecified</pose><truncated>0</truncated></object><object><name>pedestrain</name><bndbox><xmax>388</xmax><xmin>377</xmin><ymax>114</ymax><ymin>97</ymin></bndbox><difficult>0</difficult><occluded>0</occluded><pose>Unspecified</pose><truncated>0</truncated></object><object><name>pedestrain</name><bndbox><xmax>392</xmax><xmin>384</xmin><ymax>115</ymax><ymin>102</ymin></bndbox><difficult>0</difficult><occluded>0</occluded><pose>Unspecified</pose><truncated>0</truncated></object><object><name>pedestrain</name><bndbox><xmax>419</xmax><xmin>411</xmin><ymax>112</ymax><ymin>100</ymin></bndbox><difficult>1</difficult><occluded>0</occluded><pose>Unspecified</pose><truncated>0</truncated></object><object><name>pedestrain</name><bndbox><xmax>407</xmax><xmin>399</xmin><ymax>122</ymax><ymin>107</ymin></bndbox><difficult>0</difficult><occluded>0</occluded><pose>Unspecified</pose><truncated>0</truncated></object><object><name>pedestrain</name><bndbox><xmax>404</xmax><xmin>396</xmin><ymax>105</ymax><ymin>90</ymin></bndbox><difficult>0</difficult><occluded>0</occluded><pose>Unspecified</pose><truncated>0</truncated></object><segmented>0</segmented><size><depth>3</depth><height>720</height><width>405</width></size><source><annotation>Runmin_data_00</annotation><database>vatic</database><image>vatic</image></source><owner><flickrid>vatic</flickrid><name>vatic</name></owner></annotation>