<annotation><folder>Runmin_output_00</folder><filename>000106.jpg</filename><object><name>pedestrain</name><bndbox><xmax>171</xmax><xmin>145</xmin><ymax>213</ymax><ymin>153</ymin></bndbox><difficult>0</difficult><occluded>0</occluded><pose>Unspecified</pose><truncated>0</truncated></object><object><name>pedestrain</name><bndbox><xmax>387</xmax><xmin>362</xmin><ymax>222</ymax><ymin>164</ymin></bndbox><difficult>0</difficult><occluded>0</occluded><pose>Unspecified</pose><truncated>0</truncated></object><object><name>pedestrain</name><bndbox><xmax>555</xmax><xmin>505</xmin><ymax>393</ymax><ymin>268</ymin></bndbox><difficult>0</difficult><occluded>0</occluded><pose>Unspecified</pose><truncated>0</truncated></object><object><name>pedestrain</name><bndbox><xmax>353</xmax><xmin>339</xmin><ymax>178</ymax><ymin>145</ymin></bndbox><difficult>0</difficult><occluded>0</occluded><pose>Unspecified</pose><truncated>0</truncated></object><object><name>pedestrain</name><bndbox><xmax>386</xmax><xmin>371</xmin><ymax>175</ymax><ymin>147</ymin></bndbox><difficult>0</difficult><occluded>0</occluded><pose>Unspecified</pose><truncated>0</truncated></object><object><name>pedestrain</name><bndbox><xmax>367</xmax><xmin>357</xmin><ymax>166</ymax><ymin>133</ymin></bndbox><difficult>0</difficult><occluded>0</occluded><pose>Unspecified</pose><truncated>0</truncated></object><object><name>pedestrain</name><bndbox><xmax>397</xmax><xmin>386</xmin><ymax>145</ymax><ymin>120</ymin></bndbox><difficult>0</difficult><occluded>0</occluded><pose>Unspecified</pose><truncated>0</truncated></object><object><name>pedestrain</name><bndbox><xmax>375</xmax><xmin>363</xmin><ymax>165</ymax><ymin>136</ymin></bndbox><difficult>0</difficult><occluded>0</occluded><pose>Unspecified</pose><truncated>0</truncated></object><object><name>pedestrain</name><bndbox><xmax>430</xmax><xmin>414</xmin><ymax>179</ymax><ymin>140</ymin></bndbox><difficult>0</difficult><occluded>1</occluded><pose>Unspecified</pose><truncated>0</truncated></object><object><name>pedestrain</name><bndbox><xmax>383</xmax><xmin>371</xmin><ymax>164</ymax><ymin>139</ymin></bndbox><difficult>0</difficult><occluded>1</occluded><pose>Unspecified</pose><truncated>0</truncated></object><object><name>pedestrain</name><bndbox><xmax>445</xmax><xmin>429</xmin><ymax>180</ymax><ymin>138</ymin></bndbox><difficult>0</difficult><occluded>0</occluded><pose>Unspecified</pose><truncated>0</truncated></object><object><name>pedestrain</name><bndbox><xmax>443</xmax><xmin>427</xmin><ymax>174</ymax><ymin>135</ymin></bndbox><difficult>0</difficult><occluded>1</occluded><pose>Unspecified</pose><truncated>0</truncated></object><object><name>pedestrain</name><bndbox><xmax>392</xmax><xmin>376</xmin><ymax>171</ymax><ymin>140</ymin></bndbox><difficult>0</difficult><occluded>0</occluded><pose>Unspecified</pose><truncated>0</truncated></object><object><name>pedestrain</name><bndbox><xmax>402</xmax><xmin>390</xmin><ymax>179</ymax><ymin>147</ymin></bndbox><difficult>0</difficult><occluded>0</occluded><pose>Unspecified</pose><truncated>0</truncated></object><object><name>pedestrain</name><bndbox><xmax>209</xmax><xmin>200</xmin><ymax>104</ymax><ymin>83</ymin></bndbox><difficult>0</difficult><occluded>0</occluded><pose>Unspecified</pose><truncated>0</truncated></object><object><name>pedestrain</name><bndbox><xmax>406</xmax><xmin>398</xmin><ymax>118</ymax><ymin>103</ymin></bndbox><difficult>0</difficult><occluded>0</occluded><pose>Unspecified</pose><truncated>0</truncated></object><object><name>pedestrain</name><bndbox><xmax>391</xmax><xmin>380</xmin><ymax>117</ymax><ymin>100</ymin></bndbox><difficult>0</difficult><occluded>0</occluded><pose>Unspecified</pose><truncated>0</truncated></object><object><name>pedestrain</name><bndbox><xmax>391</xmax><xmin>383</xmin><ymax>123</ymax><ymin>110</ymin></bndbox><difficult>0</difficult><occluded>0</occluded><pose>Unspecified</pose><truncated>0</truncated></object><object><name>pedestrain</name><bndbox><xmax>413</xmax><xmin>405</xmin><ymax>112</ymax><ymin>100</ymin></bndbox><difficult>1</difficult><occluded>0</occluded><pose>Unspecified</pose><truncated>0</truncated></object><object><name>pedestrain</name><bndbox><xmax>403</xmax><xmin>395</xmin><ymax>127</ymax><ymin>112</ymin></bndbox><difficult>0</difficult><occluded>0</occluded><pose>Unspecified</pose><truncated>0</truncated></object><object><name>pedestrain</name><bndbox><xmax>376</xmax><xmin>368</xmin><ymax>105</ymax><ymin>90</ymin></bndbox><difficult>0</difficult><occluded>0</occluded><pose>Unspecified</pose><truncated>0</truncated></object><segmented>0</segmented><size><depth>3</depth><height>720</height><width>405</width></size><source><annotation>Runmin_data_00</annotation><database>vatic</database><image>vatic</image></source><owner><flickrid>vatic</flickrid><name>vatic</name></owner></annotation>