<annotation><folder>Runmin_output_00</folder><filename>000271.jpg</filename><object><name>pedestrain</name><bndbox><xmax>237</xmax><xmin>183</xmin><ymax>403</ymax><ymin>378</ymin></bndbox><difficult>0</difficult><occluded>1</occluded><pose>Unspecified</pose><truncated>0</truncated></object><object><name>pedestrain</name><bndbox><xmax>330</xmax><xmin>307</xmin><ymax>192</ymax><ymin>143</ymin></bndbox><difficult>0</difficult><occluded>0</occluded><pose>Unspecified</pose><truncated>0</truncated></object><object><name>pedestrain</name><bndbox><xmax>343</xmax><xmin>322</xmin><ymax>208</ymax><ymin>156</ymin></bndbox><difficult>0</difficult><occluded>0</occluded><pose>Unspecified</pose><truncated>0</truncated></object><object><name>pedestrain</name><bndbox><xmax>365</xmax><xmin>352</xmin><ymax>162</ymax><ymin>135</ymin></bndbox><difficult>0</difficult><occluded>0</occluded><pose>Unspecified</pose><truncated>0</truncated></object><object><name>pedestrain</name><bndbox><xmax>392</xmax><xmin>374</xmin><ymax>166</ymax><ymin>143</ymin></bndbox><difficult>0</difficult><occluded>0</occluded><pose>Unspecified</pose><truncated>0</truncated></object><object><name>pedestrain</name><bndbox><xmax>378</xmax><xmin>364</xmin><ymax>164</ymax><ymin>138</ymin></bndbox><difficult>0</difficult><occluded>1</occluded><pose>Unspecified</pose><truncated>0</truncated></object><object><name>pedestrain</name><bndbox><xmax>392</xmax><xmin>378</xmin><ymax>171</ymax><ymin>141</ymin></bndbox><difficult>0</difficult><occluded>1</occluded><pose>Unspecified</pose><truncated>0</truncated></object><object><name>pedestrain</name><bndbox><xmax>451</xmax><xmin>422</xmin><ymax>301</ymax><ymin>217</ymin></bndbox><difficult>0</difficult><occluded>0</occluded><pose>Unspecified</pose><truncated>0</truncated></object><object><name>pedestrain</name><bndbox><xmax>484</xmax><xmin>451</xmin><ymax>307</ymax><ymin>218</ymin></bndbox><difficult>0</difficult><occluded>0</occluded><pose>Unspecified</pose><truncated>0</truncated></object><object><name>pedestrain</name><bndbox><xmax>388</xmax><xmin>361</xmin><ymax>223</ymax><ymin>163</ymin></bndbox><difficult>0</difficult><occluded>0</occluded><pose>Unspecified</pose><truncated>0</truncated></object><object><name>pedestrain</name><bndbox><xmax>367</xmax><xmin>346</xmin><ymax>209</ymax><ymin>156</ymin></bndbox><difficult>0</difficult><occluded>0</occluded><pose>Unspecified</pose><truncated>0</truncated></object><object><name>pedestrain</name><bndbox><xmax>419</xmax><xmin>410</xmin><ymax>150</ymax><ymin>124</ymin></bndbox><difficult>0</difficult><occluded>0</occluded><pose>Unspecified</pose><truncated>0</truncated></object><object><name>pedestrain</name><bndbox><xmax>398</xmax><xmin>387</xmin><ymax>144</ymax><ymin>118</ymin></bndbox><difficult>0</difficult><occluded>0</occluded><pose>Unspecified</pose><truncated>0</truncated></object><object><name>pedestrain</name><bndbox><xmax>241</xmax><xmin>233</xmin><ymax>106</ymax><ymin>92</ymin></bndbox><difficult>0</difficult><occluded>0</occluded><pose>Unspecified</pose><truncated>0</truncated></object><object><name>pedestrain</name><bndbox><xmax>433</xmax><xmin>425</xmin><ymax>128</ymax><ymin>113</ymin></bndbox><difficult>0</difficult><occluded>0</occluded><pose>Unspecified</pose><truncated>0</truncated></object><object><name>pedestrain</name><bndbox><xmax>425</xmax><xmin>416</xmin><ymax>130</ymax><ymin>114</ymin></bndbox><difficult>0</difficult><occluded>0</occluded><pose>Unspecified</pose><truncated>0</truncated></object><object><name>pedestrain</name><bndbox><xmax>424</xmax><xmin>416</xmin><ymax>114</ymax><ymin>101</ymin></bndbox><difficult>0</difficult><occluded>0</occluded><pose>Unspecified</pose><truncated>0</truncated></object><object><name>pedestrain</name><bndbox><xmax>498</xmax><xmin>490</xmin><ymax>122</ymax><ymin>110</ymin></bndbox><difficult>1</difficult><occluded>0</occluded><pose>Unspecified</pose><truncated>0</truncated></object><object><name>pedestrain</name><bndbox><xmax>483</xmax><xmin>475</xmin><ymax>120</ymax><ymin>105</ymin></bndbox><difficult>0</difficult><occluded>0</occluded><pose>Unspecified</pose><truncated>0</truncated></object><object><name>pedestrain</name><bndbox><xmax>413</xmax><xmin>405</xmin><ymax>106</ymax><ymin>91</ymin></bndbox><difficult>0</difficult><occluded>0</occluded><pose>Unspecified</pose><truncated>0</truncated></object><segmented>0</segmented><size><depth>3</depth><height>720</height><width>405</width></size><source><annotation>Runmin_data_00</annotation><database>vatic</database><image>vatic</image></source><owner><flickrid>vatic</flickrid><name>vatic</name></owner></annotation>