<annotation><folder>Runmin_output_00</folder><filename>000316.jpg</filename><object><name>pedestrain</name><bndbox><xmax>309</xmax><xmin>283</xmin><ymax>163</ymax><ymin>104</ymin></bndbox><difficult>0</difficult><occluded>0</occluded><pose>Unspecified</pose><truncated>0</truncated></object><object><name>pedestrain</name><bndbox><xmax>297</xmax><xmin>272</xmin><ymax>193</ymax><ymin>133</ymin></bndbox><difficult>0</difficult><occluded>0</occluded><pose>Unspecified</pose><truncated>0</truncated></object><object><name>pedestrain</name><bndbox><xmax>360</xmax><xmin>347</xmin><ymax>104</ymax><ymin>71</ymin></bndbox><difficult>0</difficult><occluded>0</occluded><pose>Unspecified</pose><truncated>0</truncated></object><object><name>pedestrain</name><bndbox><xmax>381</xmax><xmin>365</xmin><ymax>108</ymax><ymin>78</ymin></bndbox><difficult>0</difficult><occluded>0</occluded><pose>Unspecified</pose><truncated>0</truncated></object><object><name>pedestrain</name><bndbox><xmax>372</xmax><xmin>359</xmin><ymax>98</ymax><ymin>70</ymin></bndbox><difficult>0</difficult><occluded>1</occluded><pose>Unspecified</pose><truncated>0</truncated></object><object><name>pedestrain</name><bndbox><xmax>385</xmax><xmin>368</xmin><ymax>98</ymax><ymin>68</ymin></bndbox><difficult>0</difficult><occluded>1</occluded><pose>Unspecified</pose><truncated>0</truncated></object><object><name>pedestrain</name><bndbox><xmax>493</xmax><xmin>447</xmin><ymax>324</ymax><ymin>218</ymin></bndbox><difficult>0</difficult><occluded>0</occluded><pose>Unspecified</pose><truncated>0</truncated></object><object><name>pedestrain</name><bndbox><xmax>530</xmax><xmin>484</xmin><ymax>336</ymax><ymin>216</ymin></bndbox><difficult>0</difficult><occluded>0</occluded><pose>Unspecified</pose><truncated>0</truncated></object><object><name>pedestrain</name><bndbox><xmax>361</xmax><xmin>335</xmin><ymax>198</ymax><ymin>124</ymin></bndbox><difficult>0</difficult><occluded>0</occluded><pose>Unspecified</pose><truncated>0</truncated></object><object><name>pedestrain</name><bndbox><xmax>339</xmax><xmin>307</xmin><ymax>188</ymax><ymin>120</ymin></bndbox><difficult>0</difficult><occluded>0</occluded><pose>Unspecified</pose><truncated>0</truncated></object><object><name>pedestrain</name><bndbox><xmax>416</xmax><xmin>406</xmin><ymax>85</ymax><ymin>57</ymin></bndbox><difficult>0</difficult><occluded>0</occluded><pose>Unspecified</pose><truncated>0</truncated></object><object><name>pedestrain</name><bndbox><xmax>395</xmax><xmin>384</xmin><ymax>86</ymax><ymin>56</ymin></bndbox><difficult>0</difficult><occluded>0</occluded><pose>Unspecified</pose><truncated>0</truncated></object><object><name>pedestrain</name><bndbox><xmax>227</xmax><xmin>222</xmin><ymax>36</ymax><ymin>21</ymin></bndbox><difficult>1</difficult><occluded>0</occluded><pose>Unspecified</pose><truncated>0</truncated></object><object><name>pedestrain</name><bndbox><xmax>431</xmax><xmin>423</xmin><ymax>55</ymax><ymin>40</ymin></bndbox><difficult>0</difficult><occluded>0</occluded><pose>Unspecified</pose><truncated>0</truncated></object><object><name>pedestrain</name><bndbox><xmax>424</xmax><xmin>415</xmin><ymax>58</ymax><ymin>42</ymin></bndbox><difficult>0</difficult><occluded>0</occluded><pose>Unspecified</pose><truncated>0</truncated></object><object><name>pedestrain</name><bndbox><xmax>415</xmax><xmin>407</xmin><ymax>60</ymax><ymin>47</ymin></bndbox><difficult>0</difficult><occluded>0</occluded><pose>Unspecified</pose><truncated>0</truncated></object><object><name>pedestrain</name><bndbox><xmax>519</xmax><xmin>511</xmin><ymax>59</ymax><ymin>42</ymin></bndbox><difficult>0</difficult><occluded>0</occluded><pose>Unspecified</pose><truncated>0</truncated></object><object><name>pedestrain</name><bndbox><xmax>498</xmax><xmin>490</xmin><ymax>54</ymax><ymin>39</ymin></bndbox><difficult>0</difficult><occluded>0</occluded><pose>Unspecified</pose><truncated>0</truncated></object><segmented>0</segmented><size><depth>3</depth><height>720</height><width>405</width></size><source><annotation>Runmin_data_00</annotation><database>vatic</database><image>vatic</image></source><owner><flickrid>vatic</flickrid><name>vatic</name></owner></annotation>