<annotation><folder>Runmin_output_00</folder><filename>000376.jpg</filename><object><name>pedestrain</name><bndbox><xmax>266</xmax><xmin>238</xmin><ymax>143</ymax><ymin>77</ymin></bndbox><difficult>0</difficult><occluded>0</occluded><pose>Unspecified</pose><truncated>0</truncated></object><object><name>pedestrain</name><bndbox><xmax>204</xmax><xmin>177</xmin><ymax>192</ymax><ymin>117</ymin></bndbox><difficult>0</difficult><occluded>0</occluded><pose>Unspecified</pose><truncated>0</truncated></object><object><name>pedestrain</name><bndbox><xmax>351</xmax><xmin>339</xmin><ymax>50</ymax><ymin>13</ymin></bndbox><difficult>0</difficult><occluded>0</occluded><pose>Unspecified</pose><truncated>0</truncated></object><object><name>pedestrain</name><bndbox><xmax>381</xmax><xmin>364</xmin><ymax>51</ymax><ymin>17</ymin></bndbox><difficult>0</difficult><occluded>0</occluded><pose>Unspecified</pose><truncated>0</truncated></object><object><name>pedestrain</name><bndbox><xmax>373</xmax><xmin>359</xmin><ymax>37</ymax><ymin>11</ymin></bndbox><difficult>0</difficult><occluded>1</occluded><pose>Unspecified</pose><truncated>0</truncated></object><object><name>pedestrain</name><bndbox><xmax>367</xmax><xmin>354</xmin><ymax>49</ymax><ymin>16</ymin></bndbox><difficult>0</difficult><occluded>1</occluded><pose>Unspecified</pose><truncated>0</truncated></object><object><name>pedestrain</name><bndbox><xmax>309</xmax><xmin>269</xmin><ymax>231</ymax><ymin>122</ymin></bndbox><difficult>0</difficult><occluded>0</occluded><pose>Unspecified</pose><truncated>0</truncated></object><object><name>pedestrain</name><bndbox><xmax>276</xmax><xmin>237</xmin><ymax>217</ymax><ymin>116</ymin></bndbox><difficult>0</difficult><occluded>0</occluded><pose>Unspecified</pose><truncated>0</truncated></object><object><name>pedestrain</name><bndbox><xmax>411</xmax><xmin>401</xmin><ymax>32</ymax><ymin>5</ymin></bndbox><difficult>0</difficult><occluded>0</occluded><pose>Unspecified</pose><truncated>0</truncated></object><object><name>pedestrain</name><bndbox><xmax>389</xmax><xmin>380</xmin><ymax>32</ymax><ymin>7</ymin></bndbox><difficult>0</difficult><occluded>0</occluded><pose>Unspecified</pose><truncated>0</truncated></object><segmented>0</segmented><size><depth>3</depth><height>720</height><width>405</width></size><source><annotation>Runmin_data_00</annotation><database>vatic</database><image>vatic</image></source><owner><flickrid>vatic</flickrid><name>vatic</name></owner></annotation>