<annotation><folder>Runmin_output_00</folder><filename>000451.jpg</filename><object><name>pedestrain</name><bndbox><xmax>207</xmax><xmin>129</xmin><ymax>137</ymax><ymin>28</ymin></bndbox><difficult>0</difficult><occluded>0</occluded><pose>Unspecified</pose><truncated>0</truncated></object><object><name>pedestrain</name><bndbox><xmax>44</xmax><xmin>0</xmin><ymax>240</ymax><ymin>131</ymin></bndbox><difficult>0</difficult><occluded>1</occluded><pose>Unspecified</pose><truncated>0</truncated></object><object><name>pedestrain</name><bndbox><xmax>136</xmax><xmin>61</xmin><ymax>233</ymax><ymin>137</ymin></bndbox><difficult>0</difficult><occluded>0</occluded><pose>Unspecified</pose><truncated>0</truncated></object><segmented>0</segmented><size><depth>3</depth><height>720</height><width>405</width></size><source><annotation>Runmin_data_00</annotation><database>vatic</database><image>vatic</image></source><owner><flickrid>vatic</flickrid><name>vatic</name></owner></annotation>