<annotation><folder>Runmin_output_00</folder><filename>000676.jpg</filename><object><name>pedestrain</name><bndbox><xmax>261</xmax><xmin>227</xmin><ymax>95</ymax><ymin>13</ymin></bndbox><difficult>0</difficult><occluded>0</occluded><pose>Unspecified</pose><truncated>0</truncated></object><object><name>pedestrain</name><bndbox><xmax>291</xmax><xmin>269</xmin><ymax>81</ymax><ymin>8</ymin></bndbox><difficult>0</difficult><occluded>0</occluded><pose>Unspecified</pose><truncated>0</truncated></object><object><name>pedestrain</name><bndbox><xmax>332</xmax><xmin>296</xmin><ymax>76</ymax><ymin>17</ymin></bndbox><difficult>0</difficult><occluded>0</occluded><pose>Unspecified</pose><truncated>0</truncated></object><segmented>0</segmented><size><depth>3</depth><height>720</height><width>405</width></size><source><annotation>Runmin_data_00</annotation><database>vatic</database><image>vatic</image></source><owner><flickrid>vatic</flickrid><name>vatic</name></owner></annotation>