<annotation><folder>Runmin_output_00</folder><filename>000661.jpg</filename><object><name>pedestrain</name><bndbox><xmax>273</xmax><xmin>237</xmin><ymax>78</ymax><ymin>5</ymin></bndbox><difficult>0</difficult><occluded>0</occluded><pose>Unspecified</pose><truncated>0</truncated></object><object><name>pedestrain</name><bndbox><xmax>40</xmax><xmin>1</xmin><ymax>389</ymax><ymin>238</ymin></bndbox><difficult>0</difficult><occluded>1</occluded><pose>Unspecified</pose><truncated>0</truncated></object><object><name>pedestrain</name><bndbox><xmax>302</xmax><xmin>278</xmin><ymax>72</ymax><ymin>3</ymin></bndbox><difficult>0</difficult><occluded>0</occluded><pose>Unspecified</pose><truncated>0</truncated></object><object><name>pedestrain</name><bndbox><xmax>337</xmax><xmin>303</xmin><ymax>67</ymax><ymin>5</ymin></bndbox><difficult>0</difficult><occluded>0</occluded><pose>Unspecified</pose><truncated>0</truncated></object><segmented>0</segmented><size><depth>3</depth><height>720</height><width>405</width></size><source><annotation>Runmin_data_00</annotation><database>vatic</database><image>vatic</image></source><owner><flickrid>vatic</flickrid><name>vatic</name></owner></annotation>