<annotation><folder>Runmin_output_00</folder><filename>000616.jpg</filename><object><name>pedestrain</name><bndbox><xmax>290</xmax><xmin>261</xmin><ymax>52</ymax><ymin>2</ymin></bndbox><difficult>0</difficult><occluded>1</occluded><pose>Unspecified</pose><truncated>0</truncated></object><object><name>pedestrain</name><bndbox><xmax>177</xmax><xmin>116</xmin><ymax>253</ymax><ymin>150</ymin></bndbox><difficult>0</difficult><occluded>0</occluded><pose>Unspecified</pose><truncated>0</truncated></object><object><name>pedestrain</name><bndbox><xmax>320</xmax><xmin>295</xmin><ymax>43</ymax><ymin>1</ymin></bndbox><difficult>0</difficult><occluded>1</occluded><pose>Unspecified</pose><truncated>0</truncated></object><object><name>pedestrain</name><bndbox><xmax>342</xmax><xmin>318</xmin><ymax>40</ymax><ymin>0</ymin></bndbox><difficult>0</difficult><occluded>1</occluded><pose>Unspecified</pose><truncated>0</truncated></object><segmented>0</segmented><size><depth>3</depth><height>720</height><width>405</width></size><source><annotation>Runmin_data_00</annotation><database>vatic</database><image>vatic</image></source><owner><flickrid>vatic</flickrid><name>vatic</name></owner></annotation>