<annotation><folder>Runmin_output_00</folder><filename>000721.jpg</filename><object><name>pedestrain</name><bndbox><xmax>218</xmax><xmin>180</xmin><ymax>146</ymax><ymin>56</ymin></bndbox><difficult>0</difficult><occluded>0</occluded><pose>Unspecified</pose><truncated>0</truncated></object><object><name>pedestrain</name><bndbox><xmax>274</xmax><xmin>239</xmin><ymax>131</ymax><ymin>43</ymin></bndbox><difficult>0</difficult><occluded>0</occluded><pose>Unspecified</pose><truncated>0</truncated></object><object><name>pedestrain</name><bndbox><xmax>299</xmax><xmin>269</xmin><ymax>130</ymax><ymin>55</ymin></bndbox><difficult>0</difficult><occluded>0</occluded><pose>Unspecified</pose><truncated>0</truncated></object><object><name>pedestrain</name><bndbox><xmax>333</xmax><xmin>302</xmin><ymax>112</ymax><ymin>19</ymin></bndbox><difficult>0</difficult><occluded>0</occluded><pose>Unspecified</pose><truncated>0</truncated></object><segmented>0</segmented><size><depth>3</depth><height>720</height><width>405</width></size><source><annotation>Runmin_data_00</annotation><database>vatic</database><image>vatic</image></source><owner><flickrid>vatic</flickrid><name>vatic</name></owner></annotation>