<annotation><folder>Runmin_output_00</folder><filename>000961.jpg</filename><object><name>pedestrain</name><bndbox><xmax>327</xmax><xmin>285</xmin><ymax>176</ymax><ymin>77</ymin></bndbox><difficult>0</difficult><occluded>0</occluded><pose>Unspecified</pose><truncated>0</truncated></object><object><name>pedestrain</name><bndbox><xmax>187</xmax><xmin>119</xmin><ymax>364</ymax><ymin>246</ymin></bndbox><difficult>0</difficult><occluded>0</occluded><pose>Unspecified</pose><truncated>0</truncated></object><segmented>0</segmented><size><depth>3</depth><height>720</height><width>405</width></size><source><annotation>Runmin_data_00</annotation><database>vatic</database><image>vatic</image></source><owner><flickrid>vatic</flickrid><name>vatic</name></owner></annotation>