<annotation><folder>Runmin_output_00</folder><filename>000916.jpg</filename><object><name>pedestrain</name><bndbox><xmax>366</xmax><xmin>329</xmin><ymax>115</ymax><ymin>32</ymin></bndbox><difficult>0</difficult><occluded>0</occluded><pose>Unspecified</pose><truncated>0</truncated></object><object><name>pedestrain</name><bndbox><xmax>265</xmax><xmin>211</xmin><ymax>217</ymax><ymin>118</ymin></bndbox><difficult>0</difficult><occluded>0</occluded><pose>Unspecified</pose><truncated>0</truncated></object><segmented>0</segmented><size><depth>3</depth><height>720</height><width>405</width></size><source><annotation>Runmin_data_00</annotation><database>vatic</database><image>vatic</image></source><owner><flickrid>vatic</flickrid><name>vatic</name></owner></annotation>