<annotation><folder>Runmin_output_00</folder><filename>000931.jpg</filename><object><name>pedestrain</name><bndbox><xmax>351</xmax><xmin>319</xmin><ymax>135</ymax><ymin>45</ymin></bndbox><difficult>0</difficult><occluded>0</occluded><pose>Unspecified</pose><truncated>0</truncated></object><object><name>pedestrain</name><bndbox><xmax>252</xmax><xmin>191</xmin><ymax>257</ymax><ymin>150</ymin></bndbox><difficult>0</difficult><occluded>0</occluded><pose>Unspecified</pose><truncated>0</truncated></object><segmented>0</segmented><size><depth>3</depth><height>720</height><width>405</width></size><source><annotation>Runmin_data_00</annotation><database>vatic</database><image>vatic</image></source><owner><flickrid>vatic</flickrid><name>vatic</name></owner></annotation>