<annotation><folder>output_0028_03.txt</folder><filename>000196.jpg</filename><object><name>Pedestrian</name><bndbox><xmax>617</xmax><xmin>528</xmin><ymax>258</ymax><ymin>141</ymin></bndbox><difficult>0</difficult><occluded>0</occluded><pose>Unspecified</pose><truncated>0</truncated></object><object><name>Pedestrian</name><bndbox><xmax>470</xmax><xmin>393</xmin><ymax>398</ymax><ymin>295</ymin></bndbox><difficult>0</difficult><occluded>0</occluded><pose>Unspecified</pose><truncated>0</truncated></object><segmented>0</segmented><size><depth>3</depth><height>720</height><width>405</width></size><source><annotation>DJI_0028_03</annotation><database>vatic</database><image>vatic</image></source><owner><flickrid>vatic</flickrid><name>vatic</name></owner></annotation>