<annotation><folder>output_0028_03.txt</folder><filename>000121.jpg</filename><object><name>Pedestrian</name><bndbox><xmax>518</xmax><xmin>464</xmin><ymax>128</ymax><ymin>21</ymin></bndbox><difficult>0</difficult><occluded>0</occluded><pose>Unspecified</pose><truncated>0</truncated></object><object><name>Pedestrian</name><bndbox><xmax>558</xmax><xmin>489</xmin><ymax>272</ymax><ymin>164</ymin></bndbox><difficult>0</difficult><occluded>0</occluded><pose>Unspecified</pose><truncated>0</truncated></object><segmented>0</segmented><size><depth>3</depth><height>720</height><width>405</width></size><source><annotation>DJI_0028_03</annotation><database>vatic</database><image>vatic</image></source><owner><flickrid>vatic</flickrid><name>vatic</name></owner></annotation>