<annotation><folder>output_0028_03.txt</folder><filename>000151.jpg</filename><object><name>Pedestrian</name><bndbox><xmax>515</xmax><xmin>461</xmin><ymax>170</ymax><ymin>65</ymin></bndbox><difficult>0</difficult><occluded>0</occluded><pose>Unspecified</pose><truncated>0</truncated></object><segmented>0</segmented><size><depth>3</depth><height>720</height><width>405</width></size><source><annotation>DJI_0028_03</annotation><database>vatic</database><image>vatic</image></source><owner><flickrid>vatic</flickrid><name>vatic</name></owner></annotation>