<annotation><folder>output_0028_03.txt</folder><filename>000106.jpg</filename><object><name>Pedestrian</name><bndbox><xmax>532</xmax><xmin>472</xmin><ymax>171</ymax><ymin>61</ymin></bndbox><difficult>0</difficult><occluded>0</occluded><pose>Unspecified</pose><truncated>0</truncated></object><object><name>Pedestrian</name><bndbox><xmax>585</xmax><xmin>510</xmin><ymax>340</ymax><ymin>234</ymin></bndbox><difficult>0</difficult><occluded>0</occluded><pose>Unspecified</pose><truncated>0</truncated></object><segmented>0</segmented><size><depth>3</depth><height>720</height><width>405</width></size><source><annotation>DJI_0028_03</annotation><database>vatic</database><image>vatic</image></source><owner><flickrid>vatic</flickrid><name>vatic</name></owner></annotation>