<annotation><folder>output_0028_03.txt</folder><filename>000181.jpg</filename><object><name>Pedestrian</name><bndbox><xmax>485</xmax><xmin>434</xmin><ymax>98</ymax><ymin>0</ymin></bndbox><difficult>0</difficult><occluded>1</occluded><pose>Unspecified</pose><truncated>0</truncated></object><object><name>Pedestrian</name><bndbox><xmax>633</xmax><xmin>542</xmin><ymax>313</ymax><ymin>195</ymin></bndbox><difficult>0</difficult><occluded>0</occluded><pose>Unspecified</pose><truncated>0</truncated></object><segmented>0</segmented><size><depth>3</depth><height>720</height><width>405</width></size><source><annotation>DJI_0028_03</annotation><database>vatic</database><image>vatic</image></source><owner><flickrid>vatic</flickrid><name>vatic</name></owner></annotation>