<annotation><folder>output_0028_03.txt</folder><filename>000271.jpg</filename><object><name>Pedestrian</name><bndbox><xmax>428</xmax><xmin>376</xmin><ymax>120</ymax><ymin>15</ymin></bndbox><difficult>0</difficult><occluded>0</occluded><pose>Unspecified</pose><truncated>0</truncated></object><object><name>Pedestrian</name><bndbox><xmax>278</xmax><xmin>192</xmin><ymax>369</ymax><ymin>242</ymin></bndbox><difficult>0</difficult><occluded>0</occluded><pose>Unspecified</pose><truncated>0</truncated></object><object><name>Pedestrian</name><bndbox><xmax>186</xmax><xmin>86</xmin><ymax>381</ymax><ymin>261</ymin></bndbox><difficult>0</difficult><occluded>0</occluded><pose>Unspecified</pose><truncated>0</truncated></object><segmented>0</segmented><size><depth>3</depth><height>720</height><width>405</width></size><source><annotation>DJI_0028_03</annotation><database>vatic</database><image>vatic</image></source><owner><flickrid>vatic</flickrid><name>vatic</name></owner></annotation>