<annotation><folder>output_0028_03.txt</folder><filename>000286.jpg</filename><object><name>Pedestrian</name><bndbox><xmax>287</xmax><xmin>203</xmin><ymax>312</ymax><ymin>183</ymin></bndbox><difficult>0</difficult><occluded>0</occluded><pose>Unspecified</pose><truncated>0</truncated></object><object><name>Pedestrian</name><bndbox><xmax>201</xmax><xmin>107</xmin><ymax>337</ymax><ymin>206</ymin></bndbox><difficult>0</difficult><occluded>0</occluded><pose>Unspecified</pose><truncated>0</truncated></object><segmented>0</segmented><size><depth>3</depth><height>720</height><width>405</width></size><source><annotation>DJI_0028_03</annotation><database>vatic</database><image>vatic</image></source><owner><flickrid>vatic</flickrid><name>vatic</name></owner></annotation>