<annotation><folder>output_0028_03.txt</folder><filename>000226.jpg</filename><object><name>Pedestrian</name><bndbox><xmax>588</xmax><xmin>518</xmin><ymax>166</ymax><ymin>58</ymin></bndbox><difficult>0</difficult><occluded>0</occluded><pose>Unspecified</pose><truncated>0</truncated></object><object><name>Pedestrian</name><bndbox><xmax>444</xmax><xmin>380</xmin><ymax>261</ymax><ymin>151</ymin></bndbox><difficult>0</difficult><occluded>0</occluded><pose>Unspecified</pose><truncated>0</truncated></object><segmented>0</segmented><size><depth>3</depth><height>720</height><width>405</width></size><source><annotation>DJI_0028_03</annotation><database>vatic</database><image>vatic</image></source><owner><flickrid>vatic</flickrid><name>vatic</name></owner></annotation>