<annotation><folder>output_0028_03.txt</folder><filename>000301.jpg</filename><object><name>Pedestrian</name><bndbox><xmax>291</xmax><xmin>222</xmin><ymax>267</ymax><ymin>136</ymin></bndbox><difficult>0</difficult><occluded>0</occluded><pose>Unspecified</pose><truncated>0</truncated></object><object><name>Pedestrian</name><bndbox><xmax>217</xmax><xmin>132</xmin><ymax>274</ymax><ymin>147</ymin></bndbox><difficult>0</difficult><occluded>0</occluded><pose>Unspecified</pose><truncated>0</truncated></object><segmented>0</segmented><size><depth>3</depth><height>720</height><width>405</width></size><source><annotation>DJI_0028_03</annotation><database>vatic</database><image>vatic</image></source><owner><flickrid>vatic</flickrid><name>vatic</name></owner></annotation>