<annotation><folder>output_0028_03.txt</folder><filename>000346.jpg</filename><object><name>Pedestrian</name><bndbox><xmax>317</xmax><xmin>259</xmin><ymax>142</ymax><ymin>15</ymin></bndbox><difficult>0</difficult><occluded>0</occluded><pose>Unspecified</pose><truncated>0</truncated></object><object><name>Pedestrian</name><bndbox><xmax>256</xmax><xmin>194</xmin><ymax>146</ymax><ymin>19</ymin></bndbox><difficult>0</difficult><occluded>0</occluded><pose>Unspecified</pose><truncated>0</truncated></object><segmented>0</segmented><size><depth>3</depth><height>720</height><width>405</width></size><source><annotation>DJI_0028_03</annotation><database>vatic</database><image>vatic</image></source><owner><flickrid>vatic</flickrid><name>vatic</name></owner></annotation>