<annotation><folder>output_0028_03.txt</folder><filename>000571.jpg</filename><object><name>Pedestrian</name><bndbox><xmax>467</xmax><xmin>403</xmin><ymax>337</ymax><ymin>204</ymin></bndbox><difficult>0</difficult><occluded>0</occluded><pose>Unspecified</pose><truncated>0</truncated></object><object><name>Pedestrian</name><bndbox><xmax>402</xmax><xmin>333</xmin><ymax>317</ymax><ymin>195</ymin></bndbox><difficult>0</difficult><occluded>0</occluded><pose>Unspecified</pose><truncated>0</truncated></object><segmented>0</segmented><size><depth>3</depth><height>720</height><width>405</width></size><source><annotation>DJI_0028_03</annotation><database>vatic</database><image>vatic</image></source><owner><flickrid>vatic</flickrid><name>vatic</name></owner></annotation>