<annotation><folder>output_0028_03.txt</folder><filename>000601.jpg</filename><object><name>Pedestrian</name><bndbox><xmax>451</xmax><xmin>399</xmin><ymax>219</ymax><ymin>96</ymin></bndbox><difficult>0</difficult><occluded>0</occluded><pose>Unspecified</pose><truncated>0</truncated></object><object><name>Pedestrian</name><bndbox><xmax>398</xmax><xmin>338</xmin><ymax>219</ymax><ymin>94</ymin></bndbox><difficult>0</difficult><occluded>0</occluded><pose>Unspecified</pose><truncated>0</truncated></object><object><name>Pedestrian</name><bndbox><xmax>552</xmax><xmin>465</xmin><ymax>360</ymax><ymin>245</ymin></bndbox><difficult>0</difficult><occluded>0</occluded><pose>Unspecified</pose><truncated>0</truncated></object><segmented>0</segmented><size><depth>3</depth><height>720</height><width>405</width></size><source><annotation>DJI_0028_03</annotation><database>vatic</database><image>vatic</image></source><owner><flickrid>vatic</flickrid><name>vatic</name></owner></annotation>