<annotation><folder>output_0028_03.txt</folder><filename>000631.jpg</filename><object><name>Pedestrian</name><bndbox><xmax>437</xmax><xmin>393</xmin><ymax>126</ymax><ymin>12</ymin></bndbox><difficult>0</difficult><occluded>0</occluded><pose>Unspecified</pose><truncated>0</truncated></object><object><name>Pedestrian</name><bndbox><xmax>394</xmax><xmin>341</xmin><ymax>124</ymax><ymin>12</ymin></bndbox><difficult>0</difficult><occluded>0</occluded><pose>Unspecified</pose><truncated>0</truncated></object><object><name>Pedestrian</name><bndbox><xmax>524</xmax><xmin>454</xmin><ymax>234</ymax><ymin>113</ymin></bndbox><difficult>0</difficult><occluded>0</occluded><pose>Unspecified</pose><truncated>0</truncated></object><segmented>0</segmented><size><depth>3</depth><height>720</height><width>405</width></size><source><annotation>DJI_0028_03</annotation><database>vatic</database><image>vatic</image></source><owner><flickrid>vatic</flickrid><name>vatic</name></owner></annotation>