<annotation><folder>output_0028_03.txt</folder><filename>000721.jpg</filename><object><name>Pedestrian</name><bndbox><xmax>556</xmax><xmin>479</xmin><ymax>253</ymax><ymin>135</ymin></bndbox><difficult>0</difficult><occluded>0</occluded><pose>Unspecified</pose><truncated>0</truncated></object><object><name>Pedestrian</name><bndbox><xmax>371</xmax><xmin>301</xmin><ymax>373</ymax><ymin>249</ymin></bndbox><difficult>0</difficult><occluded>0</occluded><pose>Unspecified</pose><truncated>0</truncated></object><segmented>0</segmented><size><depth>3</depth><height>720</height><width>405</width></size><source><annotation>DJI_0028_03</annotation><database>vatic</database><image>vatic</image></source><owner><flickrid>vatic</flickrid><name>vatic</name></owner></annotation>