<annotation><folder>output_0028_02.txt</folder><filename>000196.jpg</filename><object><name>Pedestrian</name><bndbox><xmax>217</xmax><xmin>179</xmin><ymax>101</ymax><ymin>3</ymin></bndbox><difficult>0</difficult><occluded>1</occluded><pose>Unspecified</pose><truncated>0</truncated></object><object><name>Pedestrian</name><bndbox><xmax>250</xmax><xmin>202</xmin><ymax>115</ymax><ymin>5</ymin></bndbox><difficult>0</difficult><occluded>0</occluded><pose>Unspecified</pose><truncated>0</truncated></object><segmented>0</segmented><size><depth>3</depth><height>720</height><width>405</width></size><source><annotation>DJI_0028_02</annotation><database>vatic</database><image>vatic</image></source><owner><flickrid>vatic</flickrid><name>vatic</name></owner></annotation>