<annotation><folder>output_0028_02.txt</folder><filename>000166.jpg</filename><object><name>Pedestrian</name><bndbox><xmax>208</xmax><xmin>152</xmin><ymax>177</ymax><ymin>73</ymin></bndbox><difficult>0</difficult><occluded>1</occluded><pose>Unspecified</pose><truncated>0</truncated></object><object><name>Pedestrian</name><bndbox><xmax>229</xmax><xmin>171</xmin><ymax>187</ymax><ymin>79</ymin></bndbox><difficult>0</difficult><occluded>0</occluded><pose>Unspecified</pose><truncated>0</truncated></object><segmented>0</segmented><size><depth>3</depth><height>720</height><width>405</width></size><source><annotation>DJI_0028_02</annotation><database>vatic</database><image>vatic</image></source><owner><flickrid>vatic</flickrid><name>vatic</name></owner></annotation>