<annotation><folder>output_0028_02.txt</folder><filename>000121.jpg</filename><object><name>Pedestrian</name><bndbox><xmax>177</xmax><xmin>81</xmin><ymax>295</ymax><ymin>228</ymin></bndbox><difficult>0</difficult><occluded>1</occluded><pose>Unspecified</pose><truncated>0</truncated></object><object><name>Pedestrian</name><bndbox><xmax>194</xmax><xmin>109</xmin><ymax>342</ymax><ymin>250</ymin></bndbox><difficult>0</difficult><occluded>0</occluded><pose>Unspecified</pose><truncated>0</truncated></object><segmented>0</segmented><size><depth>3</depth><height>720</height><width>405</width></size><source><annotation>DJI_0028_02</annotation><database>vatic</database><image>vatic</image></source><owner><flickrid>vatic</flickrid><name>vatic</name></owner></annotation>