<annotation><folder>output_0028_02.txt</folder><filename>000151.jpg</filename><object><name>Pedestrian</name><bndbox><xmax>199</xmax><xmin>131</xmin><ymax>212</ymax><ymin>117</ymin></bndbox><difficult>0</difficult><occluded>1</occluded><pose>Unspecified</pose><truncated>0</truncated></object><object><name>Pedestrian</name><bndbox><xmax>225</xmax><xmin>158</xmin><ymax>233</ymax><ymin>129</ymin></bndbox><difficult>0</difficult><occluded>0</occluded><pose>Unspecified</pose><truncated>0</truncated></object><segmented>0</segmented><size><depth>3</depth><height>720</height><width>405</width></size><source><annotation>DJI_0028_02</annotation><database>vatic</database><image>vatic</image></source><owner><flickrid>vatic</flickrid><name>vatic</name></owner></annotation>