<annotation><folder>output_0028_02.txt</folder><filename>000136.jpg</filename><object><name>Pedestrian</name><bndbox><xmax>191</xmax><xmin>109</xmin><ymax>246</ymax><ymin>166</ymin></bndbox><difficult>0</difficult><occluded>1</occluded><pose>Unspecified</pose><truncated>0</truncated></object><object><name>Pedestrian</name><bndbox><xmax>206</xmax><xmin>135</xmin><ymax>285</ymax><ymin>182</ymin></bndbox><difficult>0</difficult><occluded>0</occluded><pose>Unspecified</pose><truncated>0</truncated></object><segmented>0</segmented><size><depth>3</depth><height>720</height><width>405</width></size><source><annotation>DJI_0028_02</annotation><database>vatic</database><image>vatic</image></source><owner><flickrid>vatic</flickrid><name>vatic</name></owner></annotation>