<annotation><folder>output_0028_02.txt</folder><filename>000286.jpg</filename><object><name>Pedestrian</name><bndbox><xmax>165</xmax><xmin>111</xmin><ymax>356</ymax><ymin>247</ymin></bndbox><difficult>0</difficult><occluded>1</occluded><pose>Unspecified</pose><truncated>0</truncated></object><object><name>Pedestrian</name><bndbox><xmax>223</xmax><xmin>145</xmin><ymax>345</ymax><ymin>242</ymin></bndbox><difficult>0</difficult><occluded>0</occluded><pose>Unspecified</pose><truncated>0</truncated></object><segmented>0</segmented><size><depth>3</depth><height>720</height><width>405</width></size><source><annotation>DJI_0028_02</annotation><database>vatic</database><image>vatic</image></source><owner><flickrid>vatic</flickrid><name>vatic</name></owner></annotation>