<annotation><folder>output_0028_02.txt</folder><filename>000346.jpg</filename><object><name>Pedestrian</name><bndbox><xmax>235</xmax><xmin>191</xmin><ymax>158</ymax><ymin>50</ymin></bndbox><difficult>0</difficult><occluded>1</occluded><pose>Unspecified</pose><truncated>0</truncated></object><object><name>Pedestrian</name><bndbox><xmax>269</xmax><xmin>221</xmin><ymax>156</ymax><ymin>40</ymin></bndbox><difficult>0</difficult><occluded>1</occluded><pose>Unspecified</pose><truncated>0</truncated></object><segmented>0</segmented><size><depth>3</depth><height>720</height><width>405</width></size><source><annotation>DJI_0028_02</annotation><database>vatic</database><image>vatic</image></source><owner><flickrid>vatic</flickrid><name>vatic</name></owner></annotation>