<annotation><folder>output_0028_02.txt</folder><filename>000316.jpg</filename><object><name>Pedestrian</name><bndbox><xmax>217</xmax><xmin>163</xmin><ymax>246</ymax><ymin>130</ymin></bndbox><difficult>0</difficult><occluded>1</occluded><pose>Unspecified</pose><truncated>0</truncated></object><object><name>Pedestrian</name><bndbox><xmax>258</xmax><xmin>189</xmin><ymax>238</ymax><ymin>123</ymin></bndbox><difficult>0</difficult><occluded>0</occluded><pose>Unspecified</pose><truncated>0</truncated></object><object><name>Pedestrian</name><bndbox><xmax>208</xmax><xmin>160</xmin><ymax>245</ymax><ymin>130</ymin></bndbox><difficult>0</difficult><occluded>1</occluded><pose>Unspecified</pose><truncated>0</truncated></object><object><name>Pedestrian</name><bndbox><xmax>251</xmax><xmin>194</xmin><ymax>247</ymax><ymin>122</ymin></bndbox><difficult>0</difficult><occluded>1</occluded><pose>Unspecified</pose><truncated>0</truncated></object><segmented>0</segmented><size><depth>3</depth><height>720</height><width>405</width></size><source><annotation>DJI_0028_02</annotation><database>vatic</database><image>vatic</image></source><owner><flickrid>vatic</flickrid><name>vatic</name></owner></annotation>