<annotation><folder>output_0028_02.txt</folder><filename>000331.jpg</filename><object><name>Pedestrian</name><bndbox><xmax>222</xmax><xmin>177</xmin><ymax>198</ymax><ymin>86</ymin></bndbox><difficult>0</difficult><occluded>1</occluded><pose>Unspecified</pose><truncated>0</truncated></object><object><name>Pedestrian</name><bndbox><xmax>260</xmax><xmin>208</xmin><ymax>200</ymax><ymin>76</ymin></bndbox><difficult>0</difficult><occluded>1</occluded><pose>Unspecified</pose><truncated>0</truncated></object><segmented>0</segmented><size><depth>3</depth><height>720</height><width>405</width></size><source><annotation>DJI_0028_02</annotation><database>vatic</database><image>vatic</image></source><owner><flickrid>vatic</flickrid><name>vatic</name></owner></annotation>