<annotation><folder>output_0028_02.txt</folder><filename>000301.jpg</filename><object><name>Pedestrian</name><bndbox><xmax>193</xmax><xmin>138</xmin><ymax>296</ymax><ymin>183</ymin></bndbox><difficult>0</difficult><occluded>1</occluded><pose>Unspecified</pose><truncated>0</truncated></object><object><name>Pedestrian</name><bndbox><xmax>241</xmax><xmin>167</xmin><ymax>289</ymax><ymin>180</ymin></bndbox><difficult>0</difficult><occluded>0</occluded><pose>Unspecified</pose><truncated>0</truncated></object><object><name>Pedestrian</name><bndbox><xmax>192</xmax><xmin>142</xmin><ymax>299</ymax><ymin>180</ymin></bndbox><difficult>0</difficult><occluded>1</occluded><pose>Unspecified</pose><truncated>0</truncated></object><object><name>Pedestrian</name><bndbox><xmax>243</xmax><xmin>180</xmin><ymax>296</ymax><ymin>176</ymin></bndbox><difficult>0</difficult><occluded>1</occluded><pose>Unspecified</pose><truncated>0</truncated></object><segmented>0</segmented><size><depth>3</depth><height>720</height><width>405</width></size><source><annotation>DJI_0028_02</annotation><database>vatic</database><image>vatic</image></source><owner><flickrid>vatic</flickrid><name>vatic</name></owner></annotation>