<annotation><folder>output_0028_02.txt</folder><filename>000436.jpg</filename><object><name>Pedestrian</name><bndbox><xmax>466</xmax><xmin>402</xmin><ymax>304</ymax><ymin>182</ymin></bndbox><difficult>0</difficult><occluded>0</occluded><pose>Unspecified</pose><truncated>0</truncated></object><object><name>Pedestrian</name><bndbox><xmax>521</xmax><xmin>457</xmin><ymax>302</ymax><ymin>195</ymin></bndbox><difficult>0</difficult><occluded>0</occluded><pose>Unspecified</pose><truncated>0</truncated></object><segmented>0</segmented><size><depth>3</depth><height>720</height><width>405</width></size><source><annotation>DJI_0028_02</annotation><database>vatic</database><image>vatic</image></source><owner><flickrid>vatic</flickrid><name>vatic</name></owner></annotation>