<annotation><folder>output_0028_02.txt</folder><filename>000421.jpg</filename><object><name>Pedestrian</name><bndbox><xmax>474</xmax><xmin>404</xmin><ymax>366</ymax><ymin>247</ymin></bndbox><difficult>0</difficult><occluded>0</occluded><pose>Unspecified</pose><truncated>0</truncated></object><object><name>Pedestrian</name><bndbox><xmax>538</xmax><xmin>465</xmin><ymax>365</ymax><ymin>270</ymin></bndbox><difficult>0</difficult><occluded>0</occluded><pose>Unspecified</pose><truncated>0</truncated></object><segmented>0</segmented><size><depth>3</depth><height>720</height><width>405</width></size><source><annotation>DJI_0028_02</annotation><database>vatic</database><image>vatic</image></source><owner><flickrid>vatic</flickrid><name>vatic</name></owner></annotation>