<annotation><folder>output_0028_02.txt</folder><filename>000601.jpg</filename><object><name>Pedestrian</name><bndbox><xmax>293</xmax><xmin>234</xmin><ymax>388</ymax><ymin>286</ymin></bndbox><difficult>0</difficult><occluded>0</occluded><pose>Unspecified</pose><truncated>0</truncated></object><object><name>Pedestrian</name><bndbox><xmax>295</xmax><xmin>232</xmin><ymax>401</ymax><ymin>280</ymin></bndbox><difficult>0</difficult><occluded>0</occluded><pose>Unspecified</pose><truncated>0</truncated></object><segmented>0</segmented><size><depth>3</depth><height>720</height><width>405</width></size><source><annotation>DJI_0028_02</annotation><database>vatic</database><image>vatic</image></source><owner><flickrid>vatic</flickrid><name>vatic</name></owner></annotation>