<annotation><folder>output_0028_02.txt</folder><filename>000616.jpg</filename><object><name>Pedestrian</name><bndbox><xmax>303</xmax><xmin>244</xmin><ymax>315</ymax><ymin>202</ymin></bndbox><difficult>0</difficult><occluded>0</occluded><pose>Unspecified</pose><truncated>0</truncated></object><object><name>Pedestrian</name><bndbox><xmax>300</xmax><xmin>244</xmin><ymax>319</ymax><ymin>205</ymin></bndbox><difficult>0</difficult><occluded>0</occluded><pose>Unspecified</pose><truncated>0</truncated></object><segmented>0</segmented><size><depth>3</depth><height>720</height><width>405</width></size><source><annotation>DJI_0028_02</annotation><database>vatic</database><image>vatic</image></source><owner><flickrid>vatic</flickrid><name>vatic</name></owner></annotation>