<annotation><folder>output_0028_02.txt</folder><filename>000631.jpg</filename><object><name>Pedestrian</name><bndbox><xmax>305</xmax><xmin>256</xmin><ymax>239</ymax><ymin>132</ymin></bndbox><difficult>0</difficult><occluded>0</occluded><pose>Unspecified</pose><truncated>0</truncated></object><object><name>Pedestrian</name><bndbox><xmax>461</xmax><xmin>391</xmin><ymax>398</ymax><ymin>305</ymin></bndbox><difficult>0</difficult><occluded>0</occluded><pose>Unspecified</pose><truncated>0</truncated></object><object><name>Pedestrian</name><bndbox><xmax>533</xmax><xmin>463</xmin><ymax>400</ymax><ymin>306</ymin></bndbox><difficult>0</difficult><occluded>0</occluded><pose>Unspecified</pose><truncated>0</truncated></object><segmented>0</segmented><size><depth>3</depth><height>720</height><width>405</width></size><source><annotation>DJI_0028_02</annotation><database>vatic</database><image>vatic</image></source><owner><flickrid>vatic</flickrid><name>vatic</name></owner></annotation>