<annotation><folder>output_0028_02.txt</folder><filename>000661.jpg</filename><object><name>Pedestrian</name><bndbox><xmax>319</xmax><xmin>269</xmin><ymax>147</ymax><ymin>33</ymin></bndbox><difficult>0</difficult><occluded>0</occluded><pose>Unspecified</pose><truncated>0</truncated></object><object><name>Pedestrian</name><bndbox><xmax>453</xmax><xmin>386</xmin><ymax>289</ymax><ymin>175</ymin></bndbox><difficult>0</difficult><occluded>0</occluded><pose>Unspecified</pose><truncated>0</truncated></object><object><name>Pedestrian</name><bndbox><xmax>512</xmax><xmin>448</xmin><ymax>288</ymax><ymin>180</ymin></bndbox><difficult>0</difficult><occluded>0</occluded><pose>Unspecified</pose><truncated>0</truncated></object><segmented>0</segmented><size><depth>3</depth><height>720</height><width>405</width></size><source><annotation>DJI_0028_02</annotation><database>vatic</database><image>vatic</image></source><owner><flickrid>vatic</flickrid><name>vatic</name></owner></annotation>