<annotation><folder>output_0028_02.txt</folder><filename>000646.jpg</filename><object><name>Pedestrian</name><bndbox><xmax>312</xmax><xmin>263</xmin><ymax>193</ymax><ymin>83</ymin></bndbox><difficult>0</difficult><occluded>0</occluded><pose>Unspecified</pose><truncated>0</truncated></object><object><name>Pedestrian</name><bndbox><xmax>457</xmax><xmin>389</xmin><ymax>343</ymax><ymin>240</ymin></bndbox><difficult>0</difficult><occluded>0</occluded><pose>Unspecified</pose><truncated>0</truncated></object><object><name>Pedestrian</name><bndbox><xmax>522</xmax><xmin>456</xmin><ymax>344</ymax><ymin>243</ymin></bndbox><difficult>0</difficult><occluded>0</occluded><pose>Unspecified</pose><truncated>0</truncated></object><segmented>0</segmented><size><depth>3</depth><height>720</height><width>405</width></size><source><annotation>DJI_0028_02</annotation><database>vatic</database><image>vatic</image></source><owner><flickrid>vatic</flickrid><name>vatic</name></owner></annotation>