<annotation><folder>output_0028_02.txt</folder><filename>000826.jpg</filename><object><name>Pedestrian</name><bndbox><xmax>323</xmax><xmin>275</xmin><ymax>113</ymax><ymin>6</ymin></bndbox><difficult>0</difficult><occluded>0</occluded><pose>Unspecified</pose><truncated>0</truncated></object><segmented>0</segmented><size><depth>3</depth><height>720</height><width>405</width></size><source><annotation>DJI_0028_02</annotation><database>vatic</database><image>vatic</image></source><owner><flickrid>vatic</flickrid><name>vatic</name></owner></annotation>