<annotation><folder>output_0028_02.txt</folder><filename>001021.jpg</filename><object><name>Pedestrian</name><bndbox><xmax>151</xmax><xmin>35</xmin><ymax>338</ymax><ymin>222</ymin></bndbox><difficult>0</difficult><occluded>0</occluded><pose>Unspecified</pose><truncated>0</truncated></object><segmented>0</segmented><size><depth>3</depth><height>720</height><width>405</width></size><source><annotation>DJI_0028_02</annotation><database>vatic</database><image>vatic</image></source><owner><flickrid>vatic</flickrid><name>vatic</name></owner></annotation>