<annotation><folder>DJI_0013_slice_02</folder><filename>000151.jpg</filename><object><name>Pedestrain</name><bndbox><xmax>145</xmax><xmin>85</xmin><ymax>103</ymax><ymin>8</ymin></bndbox><difficult>0</difficult><occluded>0</occluded><pose>Unspecified</pose><truncated>0</truncated></object><object><name>Pedestrain</name><bndbox><xmax>503</xmax><xmin>462</xmin><ymax>79</ymax><ymin>0</ymin></bndbox><difficult>0</difficult><occluded>1</occluded><pose>Unspecified</pose><truncated>0</truncated></object><segmented>0</segmented><size><depth>3</depth><height>720</height><width>405</width></size><source><annotation>DJI07</annotation><database>vatic</database><image>vatic</image></source><owner><flickrid>vatic</flickrid><name>vatic</name></owner></annotation>