<annotation><folder>DJI_0013_slice_02</folder><filename>000286.jpg</filename><object><name>Pedestrain</name><bndbox><xmax>158</xmax><xmin>67</xmin><ymax>291</ymax><ymin>175</ymin></bndbox><difficult>0</difficult><occluded>0</occluded><pose>Unspecified</pose><truncated>0</truncated></object><segmented>0</segmented><size><depth>3</depth><height>720</height><width>405</width></size><source><annotation>DJI07</annotation><database>vatic</database><image>vatic</image></source><owner><flickrid>vatic</flickrid><name>vatic</name></owner></annotation>