<annotation><folder>DJI_0013_slice_02</folder><filename>000271.jpg</filename><object><name>Pedestrain</name><bndbox><xmax>160</xmax><xmin>76</xmin><ymax>257</ymax><ymin>142</ymin></bndbox><difficult>0</difficult><occluded>0</occluded><pose>Unspecified</pose><truncated>0</truncated></object><object><name>Pedestrain</name><bndbox><xmax>718</xmax><xmin>638</xmin><ymax>288</ymax><ymin>175</ymin></bndbox><difficult>0</difficult><occluded>1</occluded><pose>Unspecified</pose><truncated>0</truncated></object><segmented>0</segmented><size><depth>3</depth><height>720</height><width>405</width></size><source><annotation>DJI07</annotation><database>vatic</database><image>vatic</image></source><owner><flickrid>vatic</flickrid><name>vatic</name></owner></annotation>