<annotation><folder>DJI_0013_slice_02</folder><filename>000256.jpg</filename><object><name>Pedestrain</name><bndbox><xmax>162</xmax><xmin>79</xmin><ymax>232</ymax><ymin>117</ymin></bndbox><difficult>0</difficult><occluded>0</occluded><pose>Unspecified</pose><truncated>0</truncated></object><object><name>Pedestrain</name><bndbox><xmax>695</xmax><xmin>610</xmin><ymax>244</ymax><ymin>131</ymin></bndbox><difficult>0</difficult><occluded>0</occluded><pose>Unspecified</pose><truncated>0</truncated></object><segmented>0</segmented><size><depth>3</depth><height>720</height><width>405</width></size><source><annotation>DJI07</annotation><database>vatic</database><image>vatic</image></source><owner><flickrid>vatic</flickrid><name>vatic</name></owner></annotation>