<annotation><folder>DJI_0013_slice_02</folder><filename>000241.jpg</filename><object><name>Pedestrain</name><bndbox><xmax>165</xmax><xmin>82</xmin><ymax>207</ymax><ymin>92</ymin></bndbox><difficult>0</difficult><occluded>0</occluded><pose>Unspecified</pose><truncated>0</truncated></object><object><name>Pedestrain</name><bndbox><xmax>658</xmax><xmin>584</xmin><ymax>216</ymax><ymin>102</ymin></bndbox><difficult>0</difficult><occluded>0</occluded><pose>Unspecified</pose><truncated>0</truncated></object><segmented>0</segmented><size><depth>3</depth><height>720</height><width>405</width></size><source><annotation>DJI07</annotation><database>vatic</database><image>vatic</image></source><owner><flickrid>vatic</flickrid><name>vatic</name></owner></annotation>