<annotation><folder>DJI_0013_slice_02</folder><filename>000316.jpg</filename><object><name>Pedestrain</name><bndbox><xmax>154</xmax><xmin>40</xmin><ymax>376</ymax><ymin>254</ymin></bndbox><difficult>0</difficult><occluded>0</occluded><pose>Unspecified</pose><truncated>0</truncated></object><object><name>Pedestrain</name><bndbox><xmax>152</xmax><xmin>56</xmin><ymax>370</ymax><ymin>244</ymin></bndbox><difficult>0</difficult><occluded>0</occluded><pose>Unspecified</pose><truncated>0</truncated></object><segmented>0</segmented><size><depth>3</depth><height>720</height><width>405</width></size><source><annotation>DJI07</annotation><database>vatic</database><image>vatic</image></source><owner><flickrid>vatic</flickrid><name>vatic</name></owner></annotation>