<annotation><folder>DJI_0013_slice_02</folder><filename>000331.jpg</filename><object><name>Pedestrain</name><bndbox><xmax>143</xmax><xmin>28</xmin><ymax>402</ymax><ymin>289</ymin></bndbox><difficult>0</difficult><occluded>0</occluded><pose>Unspecified</pose><truncated>0</truncated></object><segmented>0</segmented><size><depth>3</depth><height>720</height><width>405</width></size><source><annotation>DJI07</annotation><database>vatic</database><image>vatic</image></source><owner><flickrid>vatic</flickrid><name>vatic</name></owner></annotation>