<annotation><folder>DJI_0013_slice_02</folder><filename>000436.jpg</filename><object><name>Pedestrain</name><bndbox><xmax>129</xmax><xmin>73</xmin><ymax>87</ymax><ymin>5</ymin></bndbox><difficult>0</difficult><occluded>0</occluded><pose>Unspecified</pose><truncated>0</truncated></object><object><name>Pedestrain</name><bndbox><xmax>367</xmax><xmin>302</xmin><ymax>319</ymax><ymin>210</ymin></bndbox><difficult>0</difficult><occluded>0</occluded><pose>Unspecified</pose><truncated>0</truncated></object><object><name>Pedestrain</name><bndbox><xmax>395</xmax><xmin>345</xmin><ymax>314</ymax><ymin>201</ymin></bndbox><difficult>0</difficult><occluded>0</occluded><pose>Unspecified</pose><truncated>0</truncated></object><segmented>0</segmented><size><depth>3</depth><height>720</height><width>405</width></size><source><annotation>DJI07</annotation><database>vatic</database><image>vatic</image></source><owner><flickrid>vatic</flickrid><name>vatic</name></owner></annotation>