<annotation><folder>DJI_0013_slice_02</folder><filename>000421.jpg</filename><object><name>Pedestrain</name><bndbox><xmax>141</xmax><xmin>85</xmin><ymax>68</ymax><ymin>0</ymin></bndbox><difficult>0</difficult><occluded>1</occluded><pose>Unspecified</pose><truncated>0</truncated></object><object><name>Pedestrain</name><bndbox><xmax>396</xmax><xmin>328</xmin><ymax>356</ymax><ymin>254</ymin></bndbox><difficult>0</difficult><occluded>0</occluded><pose>Unspecified</pose><truncated>0</truncated></object><object><name>Pedestrain</name><bndbox><xmax>431</xmax><xmin>378</xmin><ymax>362</ymax><ymin>247</ymin></bndbox><difficult>0</difficult><occluded>0</occluded><pose>Unspecified</pose><truncated>0</truncated></object><segmented>0</segmented><size><depth>3</depth><height>720</height><width>405</width></size><source><annotation>DJI07</annotation><database>vatic</database><image>vatic</image></source><owner><flickrid>vatic</flickrid><name>vatic</name></owner></annotation>