<annotation><folder>output_0030_04.txt</folder><filename>000151.jpg</filename><object><name>Pedestrian</name><bndbox><xmax>280</xmax><xmin>247</xmin><ymax>133</ymax><ymin>62</ymin></bndbox><difficult>0</difficult><occluded>0</occluded><pose>Unspecified</pose><truncated>0</truncated></object><object><name>Pedestrian</name><bndbox><xmax>650</xmax><xmin>607</xmin><ymax>147</ymax><ymin>81</ymin></bndbox><difficult>0</difficult><occluded>0</occluded><pose>Unspecified</pose><truncated>0</truncated></object><segmented>0</segmented><size><depth>3</depth><height>720</height><width>405</width></size><source><annotation>DJI_0030_04</annotation><database>vatic</database><image>vatic</image></source><owner><flickrid>vatic</flickrid><name>vatic</name></owner></annotation>