<annotation><folder>output_0030_04.txt</folder><filename>000196.jpg</filename><object><name>Pedestrian</name><bndbox><xmax>194</xmax><xmin>157</xmin><ymax>126</ymax><ymin>56</ymin></bndbox><difficult>0</difficult><occluded>0</occluded><pose>Unspecified</pose><truncated>0</truncated></object><object><name>Pedestrian</name><bndbox><xmax>548</xmax><xmin>505</xmin><ymax>142</ymax><ymin>75</ymin></bndbox><difficult>0</difficult><occluded>0</occluded><pose>Unspecified</pose><truncated>0</truncated></object><object><name>Pedestrian</name><bndbox><xmax>685</xmax><xmin>636</xmin><ymax>199</ymax><ymin>119</ymin></bndbox><difficult>0</difficult><occluded>0</occluded><pose>Unspecified</pose><truncated>0</truncated></object><segmented>0</segmented><size><depth>3</depth><height>720</height><width>405</width></size><source><annotation>DJI_0030_04</annotation><database>vatic</database><image>vatic</image></source><owner><flickrid>vatic</flickrid><name>vatic</name></owner></annotation>