<annotation><folder>output_0030_04.txt</folder><filename>000136.jpg</filename><object><name>Pedestrian</name><bndbox><xmax>310</xmax><xmin>278</xmin><ymax>134</ymax><ymin>63</ymin></bndbox><difficult>0</difficult><occluded>0</occluded><pose>Unspecified</pose><truncated>0</truncated></object><object><name>Pedestrian</name><bndbox><xmax>684</xmax><xmin>641</xmin><ymax>149</ymax><ymin>83</ymin></bndbox><difficult>0</difficult><occluded>0</occluded><pose>Unspecified</pose><truncated>0</truncated></object><segmented>0</segmented><size><depth>3</depth><height>720</height><width>405</width></size><source><annotation>DJI_0030_04</annotation><database>vatic</database><image>vatic</image></source><owner><flickrid>vatic</flickrid><name>vatic</name></owner></annotation>