<annotation><folder>output_0030_04.txt</folder><filename>000181.jpg</filename><object><name>Pedestrian</name><bndbox><xmax>219</xmax><xmin>184</xmin><ymax>131</ymax><ymin>61</ymin></bndbox><difficult>0</difficult><occluded>0</occluded><pose>Unspecified</pose><truncated>0</truncated></object><object><name>Pedestrian</name><bndbox><xmax>582</xmax><xmin>539</xmin><ymax>143</ymax><ymin>76</ymin></bndbox><difficult>0</difficult><occluded>0</occluded><pose>Unspecified</pose><truncated>0</truncated></object><segmented>0</segmented><size><depth>3</depth><height>720</height><width>405</width></size><source><annotation>DJI_0030_04</annotation><database>vatic</database><image>vatic</image></source><owner><flickrid>vatic</flickrid><name>vatic</name></owner></annotation>