<annotation><folder>output_0030_04.txt</folder><filename>000256.jpg</filename><object><name>Pedestrian</name><bndbox><xmax>104</xmax><xmin>57</xmin><ymax>98</ymax><ymin>29</ymin></bndbox><difficult>0</difficult><occluded>0</occluded><pose>Unspecified</pose><truncated>0</truncated></object><object><name>Pedestrian</name><bndbox><xmax>413</xmax><xmin>370</xmin><ymax>140</ymax><ymin>73</ymin></bndbox><difficult>0</difficult><occluded>0</occluded><pose>Unspecified</pose><truncated>0</truncated></object><object><name>Pedestrian</name><bndbox><xmax>519</xmax><xmin>470</xmin><ymax>193</ymax><ymin>113</ymin></bndbox><difficult>0</difficult><occluded>0</occluded><pose>Unspecified</pose><truncated>0</truncated></object><segmented>0</segmented><size><depth>3</depth><height>720</height><width>405</width></size><source><annotation>DJI_0030_04</annotation><database>vatic</database><image>vatic</image></source><owner><flickrid>vatic</flickrid><name>vatic</name></owner></annotation>