<annotation><folder>output_0030_04.txt</folder><filename>000361.jpg</filename><object><name>Pedestrian</name><bndbox><xmax>183</xmax><xmin>140</xmin><ymax>126</ymax><ymin>59</ymin></bndbox><difficult>0</difficult><occluded>0</occluded><pose>Unspecified</pose><truncated>0</truncated></object><object><name>Pedestrian</name><bndbox><xmax>245</xmax><xmin>202</xmin><ymax>170</ymax><ymin>97</ymin></bndbox><difficult>0</difficult><occluded>0</occluded><pose>Unspecified</pose><truncated>0</truncated></object><segmented>0</segmented><size><depth>3</depth><height>720</height><width>405</width></size><source><annotation>DJI_0030_04</annotation><database>vatic</database><image>vatic</image></source><owner><flickrid>vatic</flickrid><name>vatic</name></owner></annotation>