<annotation><folder>output_0030_04.txt</folder><filename>000346.jpg</filename><object><name>Pedestrian</name><bndbox><xmax>216</xmax><xmin>173</xmin><ymax>129</ymax><ymin>62</ymin></bndbox><difficult>0</difficult><occluded>0</occluded><pose>Unspecified</pose><truncated>0</truncated></object><object><name>Pedestrian</name><bndbox><xmax>282</xmax><xmin>241</xmin><ymax>173</ymax><ymin>101</ymin></bndbox><difficult>0</difficult><occluded>0</occluded><pose>Unspecified</pose><truncated>0</truncated></object><segmented>0</segmented><size><depth>3</depth><height>720</height><width>405</width></size><source><annotation>DJI_0030_04</annotation><database>vatic</database><image>vatic</image></source><owner><flickrid>vatic</flickrid><name>vatic</name></owner></annotation>