<annotation><folder>output_0030_04.txt</folder><filename>000376.jpg</filename><object><name>Pedestrian</name><bndbox><xmax>153</xmax><xmin>110</xmin><ymax>124</ymax><ymin>57</ymin></bndbox><difficult>0</difficult><occluded>0</occluded><pose>Unspecified</pose><truncated>0</truncated></object><object><name>Pedestrian</name><bndbox><xmax>207</xmax><xmin>163</xmin><ymax>167</ymax><ymin>95</ymin></bndbox><difficult>0</difficult><occluded>0</occluded><pose>Unspecified</pose><truncated>0</truncated></object><object><name>Pedestrian</name><bndbox><xmax>702</xmax><xmin>651</xmin><ymax>194</ymax><ymin>118</ymin></bndbox><difficult>0</difficult><occluded>0</occluded><pose>Unspecified</pose><truncated>0</truncated></object><segmented>0</segmented><size><depth>3</depth><height>720</height><width>405</width></size><source><annotation>DJI_0030_04</annotation><database>vatic</database><image>vatic</image></source><owner><flickrid>vatic</flickrid><name>vatic</name></owner></annotation>