<annotation><folder>output_0030_04.txt</folder><filename>000301.jpg</filename><object><name>Pedestrian</name><bndbox><xmax>312</xmax><xmin>269</xmin><ymax>135</ymax><ymin>68</ymin></bndbox><difficult>0</difficult><occluded>0</occluded><pose>Unspecified</pose><truncated>0</truncated></object><object><name>Pedestrian</name><bndbox><xmax>395</xmax><xmin>358</xmin><ymax>184</ymax><ymin>111</ymin></bndbox><difficult>0</difficult><occluded>0</occluded><pose>Unspecified</pose><truncated>0</truncated></object><segmented>0</segmented><size><depth>3</depth><height>720</height><width>405</width></size><source><annotation>DJI_0030_04</annotation><database>vatic</database><image>vatic</image></source><owner><flickrid>vatic</flickrid><name>vatic</name></owner></annotation>