<annotation><folder>output_0030_04.txt</folder><filename>000466.jpg</filename><object><name>Pedestrian</name><bndbox><xmax>39</xmax><xmin>0</xmin><ymax>83</ymax><ymin>16</ymin></bndbox><difficult>0</difficult><occluded>1</occluded><pose>Unspecified</pose><truncated>0</truncated></object><object><name>Pedestrian</name><bndbox><xmax>62</xmax><xmin>3</xmin><ymax>127</ymax><ymin>56</ymin></bndbox><difficult>0</difficult><occluded>0</occluded><pose>Unspecified</pose><truncated>0</truncated></object><object><name>Pedestrian</name><bndbox><xmax>488</xmax><xmin>446</xmin><ymax>189</ymax><ymin>114</ymin></bndbox><difficult>0</difficult><occluded>0</occluded><pose>Unspecified</pose><truncated>0</truncated></object><object><name>Pedestrian</name><bndbox><xmax>513</xmax><xmin>480</xmin><ymax>139</ymax><ymin>71</ymin></bndbox><difficult>0</difficult><occluded>0</occluded><pose>Unspecified</pose><truncated>0</truncated></object><segmented>0</segmented><size><depth>3</depth><height>720</height><width>405</width></size><source><annotation>DJI_0030_04</annotation><database>vatic</database><image>vatic</image></source><owner><flickrid>vatic</flickrid><name>vatic</name></owner></annotation>