<annotation><folder>output_0030_04.txt</folder><filename>000451.jpg</filename><object><name>Pedestrian</name><bndbox><xmax>57</xmax><xmin>14</xmin><ymax>88</ymax><ymin>21</ymin></bndbox><difficult>0</difficult><occluded>1</occluded><pose>Unspecified</pose><truncated>0</truncated></object><object><name>Pedestrian</name><bndbox><xmax>83</xmax><xmin>24</xmin><ymax>135</ymax><ymin>64</ymin></bndbox><difficult>0</difficult><occluded>0</occluded><pose>Unspecified</pose><truncated>0</truncated></object><object><name>Pedestrian</name><bndbox><xmax>525</xmax><xmin>483</xmin><ymax>188</ymax><ymin>113</ymin></bndbox><difficult>0</difficult><occluded>0</occluded><pose>Unspecified</pose><truncated>0</truncated></object><object><name>Pedestrian</name><bndbox><xmax>551</xmax><xmin>518</xmin><ymax>140</ymax><ymin>72</ymin></bndbox><difficult>0</difficult><occluded>0</occluded><pose>Unspecified</pose><truncated>0</truncated></object><segmented>0</segmented><size><depth>3</depth><height>720</height><width>405</width></size><source><annotation>DJI_0030_04</annotation><database>vatic</database><image>vatic</image></source><owner><flickrid>vatic</flickrid><name>vatic</name></owner></annotation>