<annotation><folder>output_0030_04.txt</folder><filename>000406.jpg</filename><object><name>Pedestrian</name><bndbox><xmax>115</xmax><xmin>72</xmin><ymax>110</ymax><ymin>43</ymin></bndbox><difficult>0</difficult><occluded>1</occluded><pose>Unspecified</pose><truncated>0</truncated></object><object><name>Pedestrian</name><bndbox><xmax>147</xmax><xmin>99</xmin><ymax>160</ymax><ymin>89</ymin></bndbox><difficult>0</difficult><occluded>0</occluded><pose>Unspecified</pose><truncated>0</truncated></object><object><name>Pedestrian</name><bndbox><xmax>632</xmax><xmin>584</xmin><ymax>192</ymax><ymin>116</ymin></bndbox><difficult>0</difficult><occluded>0</occluded><pose>Unspecified</pose><truncated>0</truncated></object><object><name>Pedestrian</name><bndbox><xmax>666</xmax><xmin>630</xmin><ymax>152</ymax><ymin>80</ymin></bndbox><difficult>0</difficult><occluded>0</occluded><pose>Unspecified</pose><truncated>0</truncated></object><segmented>0</segmented><size><depth>3</depth><height>720</height><width>405</width></size><source><annotation>DJI_0030_04</annotation><database>vatic</database><image>vatic</image></source><owner><flickrid>vatic</flickrid><name>vatic</name></owner></annotation>