<annotation><folder>output_0030_04.txt</folder><filename>000556.jpg</filename><object><name>Pedestrian</name><bndbox><xmax>309</xmax><xmin>267</xmin><ymax>184</ymax><ymin>109</ymin></bndbox><difficult>0</difficult><occluded>0</occluded><pose>Unspecified</pose><truncated>0</truncated></object><object><name>Pedestrian</name><bndbox><xmax>335</xmax><xmin>302</xmin><ymax>130</ymax><ymin>62</ymin></bndbox><difficult>0</difficult><occluded>0</occluded><pose>Unspecified</pose><truncated>0</truncated></object><object><name>Pedestrian</name><bndbox><xmax>634</xmax><xmin>594</xmin><ymax>149</ymax><ymin>75</ymin></bndbox><difficult>0</difficult><occluded>0</occluded><pose>Unspecified</pose><truncated>0</truncated></object><segmented>0</segmented><size><depth>3</depth><height>720</height><width>405</width></size><source><annotation>DJI_0030_04</annotation><database>vatic</database><image>vatic</image></source><owner><flickrid>vatic</flickrid><name>vatic</name></owner></annotation>