<annotation><folder>output_0030_04.txt</folder><filename>000691.jpg</filename><object><name>Pedestrian</name><bndbox><xmax>99</xmax><xmin>52</xmin><ymax>142</ymax><ymin>67</ymin></bndbox><difficult>0</difficult><occluded>0</occluded><pose>Unspecified</pose><truncated>0</truncated></object><object><name>Pedestrian</name><bndbox><xmax>121</xmax><xmin>83</xmin><ymax>92</ymax><ymin>24</ymin></bndbox><difficult>0</difficult><occluded>0</occluded><pose>Unspecified</pose><truncated>0</truncated></object><object><name>Pedestrian</name><bndbox><xmax>328</xmax><xmin>289</xmin><ymax>138</ymax><ymin>68</ymin></bndbox><difficult>0</difficult><occluded>0</occluded><pose>Unspecified</pose><truncated>0</truncated></object><object><name>Pedestrian</name><bndbox><xmax>574</xmax><xmin>528</xmin><ymax>150</ymax><ymin>80</ymin></bndbox><difficult>0</difficult><occluded>0</occluded><pose>Unspecified</pose><truncated>0</truncated></object><segmented>0</segmented><size><depth>3</depth><height>720</height><width>405</width></size><source><annotation>DJI_0030_04</annotation><database>vatic</database><image>vatic</image></source><owner><flickrid>vatic</flickrid><name>vatic</name></owner></annotation>