<annotation><folder>output_0030_04.txt</folder><filename>000676.jpg</filename><object><name>Pedestrian</name><bndbox><xmax>116</xmax><xmin>71</xmin><ymax>149</ymax><ymin>74</ymin></bndbox><difficult>0</difficult><occluded>0</occluded><pose>Unspecified</pose><truncated>0</truncated></object><object><name>Pedestrian</name><bndbox><xmax>139</xmax><xmin>103</xmin><ymax>99</ymax><ymin>31</ymin></bndbox><difficult>0</difficult><occluded>0</occluded><pose>Unspecified</pose><truncated>0</truncated></object><object><name>Pedestrian</name><bndbox><xmax>360</xmax><xmin>321</xmin><ymax>139</ymax><ymin>69</ymin></bndbox><difficult>0</difficult><occluded>0</occluded><pose>Unspecified</pose><truncated>0</truncated></object><object><name>Pedestrian</name><bndbox><xmax>608</xmax><xmin>562</xmin><ymax>152</ymax><ymin>81</ymin></bndbox><difficult>0</difficult><occluded>0</occluded><pose>Unspecified</pose><truncated>0</truncated></object><segmented>0</segmented><size><depth>3</depth><height>720</height><width>405</width></size><source><annotation>DJI_0030_04</annotation><database>vatic</database><image>vatic</image></source><owner><flickrid>vatic</flickrid><name>vatic</name></owner></annotation>