<annotation><folder>output_0030_04.txt</folder><filename>000646.jpg</filename><object><name>Pedestrian</name><bndbox><xmax>152</xmax><xmin>108</xmin><ymax>163</ymax><ymin>88</ymin></bndbox><difficult>0</difficult><occluded>0</occluded><pose>Unspecified</pose><truncated>0</truncated></object><object><name>Pedestrian</name><bndbox><xmax>177</xmax><xmin>142</xmin><ymax>114</ymax><ymin>46</ymin></bndbox><difficult>0</difficult><occluded>0</occluded><pose>Unspecified</pose><truncated>0</truncated></object><object><name>Pedestrian</name><bndbox><xmax>426</xmax><xmin>387</xmin><ymax>142</ymax><ymin>72</ymin></bndbox><difficult>0</difficult><occluded>0</occluded><pose>Unspecified</pose><truncated>0</truncated></object><object><name>Pedestrian</name><bndbox><xmax>680</xmax><xmin>631</xmin><ymax>155</ymax><ymin>85</ymin></bndbox><difficult>0</difficult><occluded>0</occluded><pose>Unspecified</pose><truncated>0</truncated></object><segmented>0</segmented><size><depth>3</depth><height>720</height><width>405</width></size><source><annotation>DJI_0030_04</annotation><database>vatic</database><image>vatic</image></source><owner><flickrid>vatic</flickrid><name>vatic</name></owner></annotation>