<annotation><folder>output_0030_04.txt</folder><filename>000736.jpg</filename><object><name>Pedestrian</name><bndbox><xmax>65</xmax><xmin>23</xmin><ymax>70</ymax><ymin>4</ymin></bndbox><difficult>0</difficult><occluded>0</occluded><pose>Unspecified</pose><truncated>0</truncated></object><object><name>Pedestrian</name><bndbox><xmax>230</xmax><xmin>191</xmin><ymax>134</ymax><ymin>64</ymin></bndbox><difficult>0</difficult><occluded>0</occluded><pose>Unspecified</pose><truncated>0</truncated></object><object><name>Pedestrian</name><bndbox><xmax>466</xmax><xmin>426</xmin><ymax>147</ymax><ymin>78</ymin></bndbox><difficult>0</difficult><occluded>0</occluded><pose>Unspecified</pose><truncated>0</truncated></object><segmented>0</segmented><size><depth>3</depth><height>720</height><width>405</width></size><source><annotation>DJI_0030_04</annotation><database>vatic</database><image>vatic</image></source><owner><flickrid>vatic</flickrid><name>vatic</name></owner></annotation>