<annotation><folder>output_0030_04.txt</folder><filename>000781.jpg</filename><object><name>Pedestrian</name><bndbox><xmax>158</xmax><xmin>118</xmin><ymax>121</ymax><ymin>51</ymin></bndbox><difficult>0</difficult><occluded>0</occluded><pose>Unspecified</pose><truncated>0</truncated></object><object><name>Pedestrian</name><bndbox><xmax>367</xmax><xmin>329</xmin><ymax>144</ymax><ymin>75</ymin></bndbox><difficult>0</difficult><occluded>0</occluded><pose>Unspecified</pose><truncated>0</truncated></object><object><name>Pedestrian</name><bndbox><xmax>674</xmax><xmin>625</xmin><ymax>152</ymax><ymin>87</ymin></bndbox><difficult>0</difficult><occluded>0</occluded><pose>Unspecified</pose><truncated>0</truncated></object><segmented>0</segmented><size><depth>3</depth><height>720</height><width>405</width></size><source><annotation>DJI_0030_04</annotation><database>vatic</database><image>vatic</image></source><owner><flickrid>vatic</flickrid><name>vatic</name></owner></annotation>