<annotation><folder>output_0030_04.txt</folder><filename>000811.jpg</filename><object><name>Pedestrian</name><bndbox><xmax>120</xmax><xmin>78</xmin><ymax>108</ymax><ymin>37</ymin></bndbox><difficult>0</difficult><occluded>0</occluded><pose>Unspecified</pose><truncated>0</truncated></object><object><name>Pedestrian</name><bndbox><xmax>298</xmax><xmin>264</xmin><ymax>139</ymax><ymin>71</ymin></bndbox><difficult>0</difficult><occluded>0</occluded><pose>Unspecified</pose><truncated>0</truncated></object><object><name>Pedestrian</name><bndbox><xmax>614</xmax><xmin>569</xmin><ymax>150</ymax><ymin>86</ymin></bndbox><difficult>0</difficult><occluded>0</occluded><pose>Unspecified</pose><truncated>0</truncated></object><segmented>0</segmented><size><depth>3</depth><height>720</height><width>405</width></size><source><annotation>DJI_0030_04</annotation><database>vatic</database><image>vatic</image></source><owner><flickrid>vatic</flickrid><name>vatic</name></owner></annotation>