<annotation><folder>output_0030_04.txt</folder><filename>000961.jpg</filename><object><name>Pedestrian</name><bndbox><xmax>65</xmax><xmin>18</xmin><ymax>93</ymax><ymin>19</ymin></bndbox><difficult>0</difficult><occluded>0</occluded><pose>Unspecified</pose><truncated>0</truncated></object><object><name>Pedestrian</name><bndbox><xmax>316</xmax><xmin>277</xmin><ymax>132</ymax><ymin>68</ymin></bndbox><difficult>0</difficult><occluded>0</occluded><pose>Unspecified</pose><truncated>0</truncated></object><segmented>0</segmented><size><depth>3</depth><height>720</height><width>405</width></size><source><annotation>DJI_0030_04</annotation><database>vatic</database><image>vatic</image></source><owner><flickrid>vatic</flickrid><name>vatic</name></owner></annotation>