<annotation><folder>output_0030_04.txt</folder><filename>000916.jpg</filename><object><name>Pedestrian</name><bndbox><xmax>119</xmax><xmin>76</xmin><ymax>112</ymax><ymin>41</ymin></bndbox><difficult>0</difficult><occluded>0</occluded><pose>Unspecified</pose><truncated>0</truncated></object><object><name>Pedestrian</name><bndbox><xmax>403</xmax><xmin>364</xmin><ymax>142</ymax><ymin>78</ymin></bndbox><difficult>0</difficult><occluded>0</occluded><pose>Unspecified</pose><truncated>0</truncated></object><segmented>0</segmented><size><depth>3</depth><height>720</height><width>405</width></size><source><annotation>DJI_0030_04</annotation><database>vatic</database><image>vatic</image></source><owner><flickrid>vatic</flickrid><name>vatic</name></owner></annotation>