<annotation><folder>output_0030_04.txt</folder><filename>000901.jpg</filename><object><name>Pedestrian</name><bndbox><xmax>138</xmax><xmin>96</xmin><ymax>119</ymax><ymin>49</ymin></bndbox><difficult>0</difficult><occluded>0</occluded><pose>Unspecified</pose><truncated>0</truncated></object><object><name>Pedestrian</name><bndbox><xmax>432</xmax><xmin>393</xmin><ymax>145</ymax><ymin>81</ymin></bndbox><difficult>0</difficult><occluded>0</occluded><pose>Unspecified</pose><truncated>0</truncated></object><segmented>0</segmented><size><depth>3</depth><height>720</height><width>405</width></size><source><annotation>DJI_0030_04</annotation><database>vatic</database><image>vatic</image></source><owner><flickrid>vatic</flickrid><name>vatic</name></owner></annotation>