<annotation><folder>output_0030_04.txt</folder><filename>001096.jpg</filename><object><name>Pedestrian</name><bndbox><xmax>105</xmax><xmin>64</xmin><ymax>105</ymax><ymin>39</ymin></bndbox><difficult>0</difficult><occluded>0</occluded><pose>Unspecified</pose><truncated>0</truncated></object><object><name>Pedestrian</name><bndbox><xmax>372</xmax><xmin>333</xmin><ymax>172</ymax><ymin>89</ymin></bndbox><difficult>0</difficult><occluded>0</occluded><pose>Unspecified</pose><truncated>0</truncated></object><object><name>Pedestrian</name><bndbox><xmax>635</xmax><xmin>612</xmin><ymax>105</ymax><ymin>43</ymin></bndbox><difficult>0</difficult><occluded>0</occluded><pose>Unspecified</pose><truncated>0</truncated></object><object><name>Pedestrian</name><bndbox><xmax>633</xmax><xmin>581</xmin><ymax>171</ymax><ymin>96</ymin></bndbox><difficult>0</difficult><occluded>0</occluded><pose>Unspecified</pose><truncated>0</truncated></object><segmented>0</segmented><size><depth>3</depth><height>720</height><width>405</width></size><source><annotation>DJI_0030_04</annotation><database>vatic</database><image>vatic</image></source><owner><flickrid>vatic</flickrid><name>vatic</name></owner></annotation>