<annotation><folder>output_0030_04.txt</folder><filename>001006.jpg</filename><object><name>Pedestrian</name><bndbox><xmax>242</xmax><xmin>203</xmin><ymax>127</ymax><ymin>63</ymin></bndbox><difficult>0</difficult><occluded>0</occluded><pose>Unspecified</pose><truncated>0</truncated></object><object><name>Pedestrian</name><bndbox><xmax>608</xmax><xmin>559</xmin><ymax>192</ymax><ymin>107</ymin></bndbox><difficult>0</difficult><occluded>0</occluded><pose>Unspecified</pose><truncated>0</truncated></object><segmented>0</segmented><size><depth>3</depth><height>720</height><width>405</width></size><source><annotation>DJI_0030_04</annotation><database>vatic</database><image>vatic</image></source><owner><flickrid>vatic</flickrid><name>vatic</name></owner></annotation>