<annotation><folder>output_0030_04.txt</folder><filename>001021.jpg</filename><object><name>Pedestrian</name><bndbox><xmax>215</xmax><xmin>176</xmin><ymax>125</ymax><ymin>61</ymin></bndbox><difficult>0</difficult><occluded>0</occluded><pose>Unspecified</pose><truncated>0</truncated></object><object><name>Pedestrian</name><bndbox><xmax>564</xmax><xmin>520</xmin><ymax>186</ymax><ymin>102</ymin></bndbox><difficult>0</difficult><occluded>0</occluded><pose>Unspecified</pose><truncated>0</truncated></object><segmented>0</segmented><size><depth>3</depth><height>720</height><width>405</width></size><source><annotation>DJI_0030_04</annotation><database>vatic</database><image>vatic</image></source><owner><flickrid>vatic</flickrid><name>vatic</name></owner></annotation>