<annotation><folder>output_0030_04.txt</folder><filename>001066.jpg</filename><object><name>Pedestrian</name><bndbox><xmax>142</xmax><xmin>103</xmin><ymax>117</ymax><ymin>53</ymin></bndbox><difficult>0</difficult><occluded>0</occluded><pose>Unspecified</pose><truncated>0</truncated></object><object><name>Pedestrian</name><bndbox><xmax>444</xmax><xmin>405</xmin><ymax>174</ymax><ymin>91</ymin></bndbox><difficult>0</difficult><occluded>0</occluded><pose>Unspecified</pose><truncated>0</truncated></object><object><name>Pedestrian</name><bndbox><xmax>681</xmax><xmin>658</xmin><ymax>106</ymax><ymin>44</ymin></bndbox><difficult>0</difficult><occluded>0</occluded><pose>Unspecified</pose><truncated>0</truncated></object><object><name>Pedestrian</name><bndbox><xmax>673</xmax><xmin>648</xmin><ymax>95</ymax><ymin>47</ymin></bndbox><difficult>0</difficult><occluded>1</occluded><pose>Unspecified</pose><truncated>0</truncated></object><segmented>0</segmented><size><depth>3</depth><height>720</height><width>405</width></size><source><annotation>DJI_0030_04</annotation><database>vatic</database><image>vatic</image></source><owner><flickrid>vatic</flickrid><name>vatic</name></owner></annotation>