<annotation><folder>output_0030_04.txt</folder><filename>001141.jpg</filename><object><name>Pedestrian</name><bndbox><xmax>48</xmax><xmin>6</xmin><ymax>87</ymax><ymin>17</ymin></bndbox><difficult>0</difficult><occluded>0</occluded><pose>Unspecified</pose><truncated>0</truncated></object><object><name>Pedestrian</name><bndbox><xmax>263</xmax><xmin>224</xmin><ymax>170</ymax><ymin>87</ymin></bndbox><difficult>0</difficult><occluded>0</occluded><pose>Unspecified</pose><truncated>0</truncated></object><object><name>Pedestrian</name><bndbox><xmax>564</xmax><xmin>540</xmin><ymax>104</ymax><ymin>42</ymin></bndbox><difficult>0</difficult><occluded>0</occluded><pose>Unspecified</pose><truncated>0</truncated></object><object><name>Pedestrian</name><bndbox><xmax>509</xmax><xmin>464</xmin><ymax>163</ymax><ymin>88</ymin></bndbox><difficult>0</difficult><occluded>0</occluded><pose>Unspecified</pose><truncated>0</truncated></object><segmented>0</segmented><size><depth>3</depth><height>720</height><width>405</width></size><source><annotation>DJI_0030_04</annotation><database>vatic</database><image>vatic</image></source><owner><flickrid>vatic</flickrid><name>vatic</name></owner></annotation>