<annotation><folder>output_0030_04.txt</folder><filename>001261.jpg</filename><object><name>Pedestrian</name><bndbox><xmax>368</xmax><xmin>335</xmin><ymax>101</ymax><ymin>36</ymin></bndbox><difficult>0</difficult><occluded>0</occluded><pose>Unspecified</pose><truncated>0</truncated></object><object><name>Pedestrian</name><bndbox><xmax>217</xmax><xmin>175</xmin><ymax>147</ymax><ymin>74</ymin></bndbox><difficult>0</difficult><occluded>0</occluded><pose>Unspecified</pose><truncated>0</truncated></object><segmented>0</segmented><size><depth>3</depth><height>720</height><width>405</width></size><source><annotation>DJI_0030_04</annotation><database>vatic</database><image>vatic</image></source><owner><flickrid>vatic</flickrid><name>vatic</name></owner></annotation>