<annotation><folder>output_0030_04.txt</folder><filename>001246.jpg</filename><object><name>Pedestrian</name><bndbox><xmax>391</xmax><xmin>358</xmin><ymax>104</ymax><ymin>39</ymin></bndbox><difficult>0</difficult><occluded>0</occluded><pose>Unspecified</pose><truncated>0</truncated></object><object><name>Pedestrian</name><bndbox><xmax>250</xmax><xmin>212</xmin><ymax>149</ymax><ymin>75</ymin></bndbox><difficult>0</difficult><occluded>0</occluded><pose>Unspecified</pose><truncated>0</truncated></object><segmented>0</segmented><size><depth>3</depth><height>720</height><width>405</width></size><source><annotation>DJI_0030_04</annotation><database>vatic</database><image>vatic</image></source><owner><flickrid>vatic</flickrid><name>vatic</name></owner></annotation>