<annotation><folder>output_0030_04.txt</folder><filename>001276.jpg</filename><object><name>Pedestrian</name><bndbox><xmax>347</xmax><xmin>314</xmin><ymax>100</ymax><ymin>35</ymin></bndbox><difficult>0</difficult><occluded>0</occluded><pose>Unspecified</pose><truncated>0</truncated></object><object><name>Pedestrian</name><bndbox><xmax>185</xmax><xmin>137</xmin><ymax>143</ymax><ymin>71</ymin></bndbox><difficult>0</difficult><occluded>0</occluded><pose>Unspecified</pose><truncated>0</truncated></object><segmented>0</segmented><size><depth>3</depth><height>720</height><width>405</width></size><source><annotation>DJI_0030_04</annotation><database>vatic</database><image>vatic</image></source><owner><flickrid>vatic</flickrid><name>vatic</name></owner></annotation>