<annotation><folder>output_0030_04.txt</folder><filename>001336.jpg</filename><object><name>Pedestrian</name><bndbox><xmax>262</xmax><xmin>229</xmin><ymax>97</ymax><ymin>32</ymin></bndbox><difficult>0</difficult><occluded>0</occluded><pose>Unspecified</pose><truncated>0</truncated></object><object><name>Pedestrian</name><bndbox><xmax>69</xmax><xmin>18</xmin><ymax>102</ymax><ymin>30</ymin></bndbox><difficult>0</difficult><occluded>0</occluded><pose>Unspecified</pose><truncated>0</truncated></object><segmented>0</segmented><size><depth>3</depth><height>720</height><width>405</width></size><source><annotation>DJI_0030_04</annotation><database>vatic</database><image>vatic</image></source><owner><flickrid>vatic</flickrid><name>vatic</name></owner></annotation>