<annotation><folder>output_0028_04.txt</folder><filename>000076.jpg</filename><object><name>Pedestrian</name><bndbox><xmax>444</xmax><xmin>381</xmin><ymax>398</ymax><ymin>282</ymin></bndbox><difficult>0</difficult><occluded>0</occluded><pose>Unspecified</pose><truncated>0</truncated></object><object><name>Pedestrian</name><bndbox><xmax>515</xmax><xmin>452</xmin><ymax>396</ymax><ymin>280</ymin></bndbox><difficult>0</difficult><occluded>0</occluded><pose>Unspecified</pose><truncated>0</truncated></object><segmented>0</segmented><size><depth>3</depth><height>720</height><width>405</width></size><source><annotation>DJI_0028_04</annotation><database>vatic</database><image>vatic</image></source><owner><flickrid>vatic</flickrid><name>vatic</name></owner></annotation>