<annotation><folder>output_0028_04.txt</folder><filename>000121.jpg</filename><object><name>Pedestrian</name><bndbox><xmax>423</xmax><xmin>368</xmin><ymax>258</ymax><ymin>148</ymin></bndbox><difficult>0</difficult><occluded>0</occluded><pose>Unspecified</pose><truncated>0</truncated></object><object><name>Pedestrian</name><bndbox><xmax>474</xmax><xmin>426</xmin><ymax>257</ymax><ymin>150</ymin></bndbox><difficult>0</difficult><occluded>0</occluded><pose>Unspecified</pose><truncated>0</truncated></object><segmented>0</segmented><size><depth>3</depth><height>720</height><width>405</width></size><source><annotation>DJI_0028_04</annotation><database>vatic</database><image>vatic</image></source><owner><flickrid>vatic</flickrid><name>vatic</name></owner></annotation>