<annotation><folder>output_0028_04.txt</folder><filename>000181.jpg</filename><object><name>Pedestrian</name><bndbox><xmax>407</xmax><xmin>364</xmin><ymax>140</ymax><ymin>43</ymin></bndbox><difficult>0</difficult><occluded>0</occluded><pose>Unspecified</pose><truncated>0</truncated></object><object><name>Pedestrian</name><bndbox><xmax>448</xmax><xmin>411</xmin><ymax>139</ymax><ymin>44</ymin></bndbox><difficult>0</difficult><occluded>0</occluded><pose>Unspecified</pose><truncated>0</truncated></object><object><name>Pedestrian</name><bndbox><xmax>534</xmax><xmin>473</xmin><ymax>263</ymax><ymin>155</ymin></bndbox><difficult>0</difficult><occluded>0</occluded><pose>Unspecified</pose><truncated>0</truncated></object><segmented>0</segmented><size><depth>3</depth><height>720</height><width>405</width></size><source><annotation>DJI_0028_04</annotation><database>vatic</database><image>vatic</image></source><owner><flickrid>vatic</flickrid><name>vatic</name></owner></annotation>