<annotation><folder>output_0028_04.txt</folder><filename>000166.jpg</filename><object><name>Pedestrian</name><bndbox><xmax>409</xmax><xmin>363</xmin><ymax>164</ymax><ymin>64</ymin></bndbox><difficult>0</difficult><occluded>0</occluded><pose>Unspecified</pose><truncated>0</truncated></object><object><name>Pedestrian</name><bndbox><xmax>454</xmax><xmin>414</xmin><ymax>163</ymax><ymin>64</ymin></bndbox><difficult>0</difficult><occluded>0</occluded><pose>Unspecified</pose><truncated>0</truncated></object><object><name>Pedestrian</name><bndbox><xmax>561</xmax><xmin>494</xmin><ymax>320</ymax><ymin>205</ymin></bndbox><difficult>0</difficult><occluded>0</occluded><pose>Unspecified</pose><truncated>0</truncated></object><segmented>0</segmented><size><depth>3</depth><height>720</height><width>405</width></size><source><annotation>DJI_0028_04</annotation><database>vatic</database><image>vatic</image></source><owner><flickrid>vatic</flickrid><name>vatic</name></owner></annotation>