<annotation><folder>output_0028_04.txt</folder><filename>000466.jpg</filename><object><name>Pedestrian</name><bndbox><xmax>297</xmax><xmin>259</xmin><ymax>234</ymax><ymin>142</ymin></bndbox><difficult>0</difficult><occluded>0</occluded><pose>Unspecified</pose><truncated>0</truncated></object><object><name>Pedestrian</name><bndbox><xmax>269</xmax><xmin>223</xmin><ymax>249</ymax><ymin>147</ymin></bndbox><difficult>0</difficult><occluded>1</occluded><pose>Unspecified</pose><truncated>0</truncated></object><object><name>Pedestrian</name><bndbox><xmax>184</xmax><xmin>98</xmin><ymax>302</ymax><ymin>184</ymin></bndbox><difficult>0</difficult><occluded>0</occluded><pose>Unspecified</pose><truncated>0</truncated></object><object><name>Pedestrian</name><bndbox><xmax>486</xmax><xmin>418</xmin><ymax>360</ymax><ymin>246</ymin></bndbox><difficult>0</difficult><occluded>0</occluded><pose>Unspecified</pose><truncated>0</truncated></object><segmented>0</segmented><size><depth>3</depth><height>720</height><width>405</width></size><source><annotation>DJI_0028_04</annotation><database>vatic</database><image>vatic</image></source><owner><flickrid>vatic</flickrid><name>vatic</name></owner></annotation>