<annotation><folder>output_0028_04.txt</folder><filename>000451.jpg</filename><object><name>Pedestrian</name><bndbox><xmax>298</xmax><xmin>253</xmin><ymax>278</ymax><ymin>181</ymin></bndbox><difficult>0</difficult><occluded>1</occluded><pose>Unspecified</pose><truncated>0</truncated></object><object><name>Pedestrian</name><bndbox><xmax>263</xmax><xmin>214</xmin><ymax>290</ymax><ymin>182</ymin></bndbox><difficult>0</difficult><occluded>1</occluded><pose>Unspecified</pose><truncated>0</truncated></object><object><name>Pedestrian</name><bndbox><xmax>158</xmax><xmin>66</xmin><ymax>360</ymax><ymin>241</ymin></bndbox><difficult>0</difficult><occluded>0</occluded><pose>Unspecified</pose><truncated>0</truncated></object><segmented>0</segmented><size><depth>3</depth><height>720</height><width>405</width></size><source><annotation>DJI_0028_04</annotation><database>vatic</database><image>vatic</image></source><owner><flickrid>vatic</flickrid><name>vatic</name></owner></annotation>