<annotation><folder>output_0028_04.txt</folder><filename>000421.jpg</filename><object><name>Pedestrian</name><bndbox><xmax>278</xmax><xmin>222</xmin><ymax>380</ymax><ymin>269</ymin></bndbox><difficult>0</difficult><occluded>0</occluded><pose>Unspecified</pose><truncated>0</truncated></object><object><name>Pedestrian</name><bndbox><xmax>237</xmax><xmin>177</xmin><ymax>390</ymax><ymin>275</ymin></bndbox><difficult>0</difficult><occluded>1</occluded><pose>Unspecified</pose><truncated>0</truncated></object><segmented>0</segmented><size><depth>3</depth><height>720</height><width>405</width></size><source><annotation>DJI_0028_04</annotation><database>vatic</database><image>vatic</image></source><owner><flickrid>vatic</flickrid><name>vatic</name></owner></annotation>