<annotation><folder>output_0028_04.txt</folder><filename>000436.jpg</filename><object><name>Pedestrian</name><bndbox><xmax>293</xmax><xmin>241</xmin><ymax>329</ymax><ymin>225</ymin></bndbox><difficult>0</difficult><occluded>0</occluded><pose>Unspecified</pose><truncated>0</truncated></object><object><name>Pedestrian</name><bndbox><xmax>252</xmax><xmin>199</xmin><ymax>338</ymax><ymin>226</ymin></bndbox><difficult>0</difficult><occluded>1</occluded><pose>Unspecified</pose><truncated>0</truncated></object><segmented>0</segmented><size><depth>3</depth><height>720</height><width>405</width></size><source><annotation>DJI_0028_04</annotation><database>vatic</database><image>vatic</image></source><owner><flickrid>vatic</flickrid><name>vatic</name></owner></annotation>