<annotation><folder>output_0028_04.txt</folder><filename>000541.jpg</filename><object><name>Pedestrian</name><bndbox><xmax>315</xmax><xmin>282</xmin><ymax>108</ymax><ymin>23</ymin></bndbox><difficult>0</difficult><occluded>0</occluded><pose>Unspecified</pose><truncated>0</truncated></object><object><name>Pedestrian</name><bndbox><xmax>289</xmax><xmin>258</xmin><ymax>112</ymax><ymin>26</ymin></bndbox><difficult>0</difficult><occluded>1</occluded><pose>Unspecified</pose><truncated>0</truncated></object><object><name>Pedestrian</name><bndbox><xmax>230</xmax><xmin>183</xmin><ymax>103</ymax><ymin>10</ymin></bndbox><difficult>0</difficult><occluded>0</occluded><pose>Unspecified</pose><truncated>0</truncated></object><object><name>Pedestrian</name><bndbox><xmax>469</xmax><xmin>420</xmin><ymax>127</ymax><ymin>26</ymin></bndbox><difficult>0</difficult><occluded>0</occluded><pose>Unspecified</pose><truncated>0</truncated></object><object><name>Pedestrian</name><bndbox><xmax>263</xmax><xmin>215</xmin><ymax>213</ymax><ymin>101</ymin></bndbox><difficult>0</difficult><occluded>0</occluded><pose>Unspecified</pose><truncated>0</truncated></object><segmented>0</segmented><size><depth>3</depth><height>720</height><width>405</width></size><source><annotation>DJI_0028_04</annotation><database>vatic</database><image>vatic</image></source><owner><flickrid>vatic</flickrid><name>vatic</name></owner></annotation>