<annotation><folder>output_0028_04.txt</folder><filename>000511.jpg</filename><object><name>Pedestrian</name><bndbox><xmax>309</xmax><xmin>275</xmin><ymax>149</ymax><ymin>63</ymin></bndbox><difficult>0</difficult><occluded>0</occluded><pose>Unspecified</pose><truncated>0</truncated></object><object><name>Pedestrian</name><bndbox><xmax>281</xmax><xmin>244</xmin><ymax>153</ymax><ymin>64</ymin></bndbox><difficult>0</difficult><occluded>1</occluded><pose>Unspecified</pose><truncated>0</truncated></object><object><name>Pedestrian</name><bndbox><xmax>214</xmax><xmin>155</xmin><ymax>166</ymax><ymin>61</ymin></bndbox><difficult>0</difficult><occluded>0</occluded><pose>Unspecified</pose><truncated>0</truncated></object><object><name>Pedestrian</name><bndbox><xmax>480</xmax><xmin>423</xmin><ymax>199</ymax><ymin>90</ymin></bndbox><difficult>0</difficult><occluded>0</occluded><pose>Unspecified</pose><truncated>0</truncated></object><object><name>Pedestrian</name><bndbox><xmax>266</xmax><xmin>204</xmin><ymax>307</ymax><ymin>185</ymin></bndbox><difficult>0</difficult><occluded>0</occluded><pose>Unspecified</pose><truncated>0</truncated></object><segmented>0</segmented><size><depth>3</depth><height>720</height><width>405</width></size><source><annotation>DJI_0028_04</annotation><database>vatic</database><image>vatic</image></source><owner><flickrid>vatic</flickrid><name>vatic</name></owner></annotation>