<annotation><folder>output_0028_04.txt</folder><filename>000766.jpg</filename><object><name>Pedestrian</name><bndbox><xmax>467</xmax><xmin>417</xmin><ymax>113</ymax><ymin>16</ymin></bndbox><difficult>0</difficult><occluded>0</occluded><pose>Unspecified</pose><truncated>0</truncated></object><object><name>Pedestrian</name><bndbox><xmax>508</xmax><xmin>446</xmin><ymax>213</ymax><ymin>109</ymin></bndbox><difficult>0</difficult><occluded>0</occluded><pose>Unspecified</pose><truncated>0</truncated></object><segmented>0</segmented><size><depth>3</depth><height>720</height><width>405</width></size><source><annotation>DJI_0028_04</annotation><database>vatic</database><image>vatic</image></source><owner><flickrid>vatic</flickrid><name>vatic</name></owner></annotation>