<annotation><folder>output_0028_04.txt</folder><filename>000736.jpg</filename><object><name>Pedestrian</name><bndbox><xmax>463</xmax><xmin>408</xmin><ymax>166</ymax><ymin>58</ymin></bndbox><difficult>0</difficult><occluded>0</occluded><pose>Unspecified</pose><truncated>0</truncated></object><object><name>Pedestrian</name><bndbox><xmax>553</xmax><xmin>482</xmin><ymax>300</ymax><ymin>188</ymin></bndbox><difficult>0</difficult><occluded>0</occluded><pose>Unspecified</pose><truncated>0</truncated></object><segmented>0</segmented><size><depth>3</depth><height>720</height><width>405</width></size><source><annotation>DJI_0028_04</annotation><database>vatic</database><image>vatic</image></source><owner><flickrid>vatic</flickrid><name>vatic</name></owner></annotation>