<annotation><folder>output_0028_04.txt</folder><filename>000721.jpg</filename><object><name>Pedestrian</name><bndbox><xmax>461</xmax><xmin>404</xmin><ymax>193</ymax><ymin>86</ymin></bndbox><difficult>0</difficult><occluded>0</occluded><pose>Unspecified</pose><truncated>0</truncated></object><object><name>Pedestrian</name><bndbox><xmax>580</xmax><xmin>506</xmin><ymax>351</ymax><ymin>237</ymin></bndbox><difficult>0</difficult><occluded>0</occluded><pose>Unspecified</pose><truncated>0</truncated></object><segmented>0</segmented><size><depth>3</depth><height>720</height><width>405</width></size><source><annotation>DJI_0028_04</annotation><database>vatic</database><image>vatic</image></source><owner><flickrid>vatic</flickrid><name>vatic</name></owner></annotation>