<annotation><folder>output_0028_04.txt</folder><filename>000811.jpg</filename><object><name>Pedestrian</name><bndbox><xmax>457</xmax><xmin>413</xmin><ymax>125</ymax><ymin>30</ymin></bndbox><difficult>0</difficult><occluded>0</occluded><pose>Unspecified</pose><truncated>0</truncated></object><object><name>Pedestrian</name><bndbox><xmax>226</xmax><xmin>158</xmin><ymax>314</ymax><ymin>203</ymin></bndbox><difficult>0</difficult><occluded>0</occluded><pose>Unspecified</pose><truncated>0</truncated></object><segmented>0</segmented><size><depth>3</depth><height>720</height><width>405</width></size><source><annotation>DJI_0028_04</annotation><database>vatic</database><image>vatic</image></source><owner><flickrid>vatic</flickrid><name>vatic</name></owner></annotation>