<annotation><folder>output_0028_04.txt</folder><filename>000991.jpg</filename><object><name>Pedestrian</name><bndbox><xmax>506</xmax><xmin>440</xmin><ymax>370</ymax><ymin>258</ymin></bndbox><difficult>0</difficult><occluded>0</occluded><pose>Unspecified</pose><truncated>0</truncated></object><segmented>0</segmented><size><depth>3</depth><height>720</height><width>405</width></size><source><annotation>DJI_0028_04</annotation><database>vatic</database><image>vatic</image></source><owner><flickrid>vatic</flickrid><name>vatic</name></owner></annotation>