<annotation><folder>output_0028_04.txt</folder><filename>001096.jpg</filename><object><name>Pedestrian</name><bndbox><xmax>461</xmax><xmin>411</xmin><ymax>86</ymax><ymin>0</ymin></bndbox><difficult>0</difficult><occluded>1</occluded><pose>Unspecified</pose><truncated>0</truncated></object><object><name>Pedestrian</name><bndbox><xmax>571</xmax><xmin>505</xmin><ymax>292</ymax><ymin>184</ymin></bndbox><difficult>0</difficult><occluded>0</occluded><pose>Unspecified</pose><truncated>0</truncated></object><segmented>0</segmented><size><depth>3</depth><height>720</height><width>405</width></size><source><annotation>DJI_0028_04</annotation><database>vatic</database><image>vatic</image></source><owner><flickrid>vatic</flickrid><name>vatic</name></owner></annotation>