<annotation><folder>output_0028_04.txt</folder><filename>001081.jpg</filename><object><name>Pedestrian</name><bndbox><xmax>467</xmax><xmin>420</xmin><ymax>109</ymax><ymin>17</ymin></bndbox><difficult>0</difficult><occluded>0</occluded><pose>Unspecified</pose><truncated>0</truncated></object><object><name>Pedestrian</name><bndbox><xmax>587</xmax><xmin>515</xmin><ymax>351</ymax><ymin>242</ymin></bndbox><difficult>0</difficult><occluded>0</occluded><pose>Unspecified</pose><truncated>0</truncated></object><segmented>0</segmented><size><depth>3</depth><height>720</height><width>405</width></size><source><annotation>DJI_0028_04</annotation><database>vatic</database><image>vatic</image></source><owner><flickrid>vatic</flickrid><name>vatic</name></owner></annotation>