<annotation><folder>output_0028_04.txt</folder><filename>001126.jpg</filename><object><name>Pedestrian</name><bndbox><xmax>545</xmax><xmin>487</xmin><ymax>208</ymax><ymin>104</ymin></bndbox><difficult>0</difficult><occluded>0</occluded><pose>Unspecified</pose><truncated>0</truncated></object><object><name>Pedestrian</name><bndbox><xmax>169</xmax><xmin>79</xmin><ymax>360</ymax><ymin>263</ymin></bndbox><difficult>0</difficult><occluded>0</occluded><pose>Unspecified</pose><truncated>0</truncated></object><segmented>0</segmented><size><depth>3</depth><height>720</height><width>405</width></size><source><annotation>DJI_0028_04</annotation><database>vatic</database><image>vatic</image></source><owner><flickrid>vatic</flickrid><name>vatic</name></owner></annotation>