<annotation><folder>output_0028_04.txt</folder><filename>001171.jpg</filename><object><name>Pedestrian</name><bndbox><xmax>509</xmax><xmin>467</xmin><ymax>113</ymax><ymin>22</ymin></bndbox><difficult>0</difficult><occluded>0</occluded><pose>Unspecified</pose><truncated>0</truncated></object><object><name>Pedestrian</name><bndbox><xmax>211</xmax><xmin>150</xmin><ymax>239</ymax><ymin>130</ymin></bndbox><difficult>0</difficult><occluded>0</occluded><pose>Unspecified</pose><truncated>0</truncated></object><segmented>0</segmented><size><depth>3</depth><height>720</height><width>405</width></size><source><annotation>DJI_0028_04</annotation><database>vatic</database><image>vatic</image></source><owner><flickrid>vatic</flickrid><name>vatic</name></owner></annotation>