<annotation><folder>output_0028_04.txt</folder><filename>001141.jpg</filename><object><name>Pedestrian</name><bndbox><xmax>532</xmax><xmin>481</xmin><ymax>172</ymax><ymin>72</ymin></bndbox><difficult>0</difficult><occluded>0</occluded><pose>Unspecified</pose><truncated>0</truncated></object><object><name>Pedestrian</name><bndbox><xmax>185</xmax><xmin>105</xmin><ymax>319</ymax><ymin>215</ymin></bndbox><difficult>0</difficult><occluded>0</occluded><pose>Unspecified</pose><truncated>0</truncated></object><segmented>0</segmented><size><depth>3</depth><height>720</height><width>405</width></size><source><annotation>DJI_0028_04</annotation><database>vatic</database><image>vatic</image></source><owner><flickrid>vatic</flickrid><name>vatic</name></owner></annotation>