<annotation><folder>output_0028_04.txt</folder><filename>001156.jpg</filename><object><name>Pedestrian</name><bndbox><xmax>521</xmax><xmin>474</xmin><ymax>142</ymax><ymin>47</ymin></bndbox><difficult>0</difficult><occluded>0</occluded><pose>Unspecified</pose><truncated>0</truncated></object><object><name>Pedestrian</name><bndbox><xmax>198</xmax><xmin>128</xmin><ymax>279</ymax><ymin>172</ymin></bndbox><difficult>0</difficult><occluded>0</occluded><pose>Unspecified</pose><truncated>0</truncated></object><segmented>0</segmented><size><depth>3</depth><height>720</height><width>405</width></size><source><annotation>DJI_0028_04</annotation><database>vatic</database><image>vatic</image></source><owner><flickrid>vatic</flickrid><name>vatic</name></owner></annotation>