<annotation><folder>output_0028_04.txt</folder><filename>001291.jpg</filename><object><name>Pedestrian</name><bndbox><xmax>362</xmax><xmin>324</xmin><ymax>155</ymax><ymin>55</ymin></bndbox><difficult>0</difficult><occluded>0</occluded><pose>Unspecified</pose><truncated>0</truncated></object><object><name>Pedestrian</name><bndbox><xmax>317</xmax><xmin>282</xmin><ymax>155</ymax><ymin>55</ymin></bndbox><difficult>0</difficult><occluded>0</occluded><pose>Unspecified</pose><truncated>0</truncated></object><object><name>Pedestrian</name><bndbox><xmax>280</xmax><xmin>241</xmin><ymax>139</ymax><ymin>51</ymin></bndbox><difficult>0</difficult><occluded>0</occluded><pose>Unspecified</pose><truncated>0</truncated></object><segmented>0</segmented><size><depth>3</depth><height>720</height><width>405</width></size><source><annotation>DJI_0028_04</annotation><database>vatic</database><image>vatic</image></source><owner><flickrid>vatic</flickrid><name>vatic</name></owner></annotation>