<annotation><folder>output_0028_04.txt</folder><filename>001351.jpg</filename><object><name>Pedestrian</name><bndbox><xmax>319</xmax><xmin>272</xmin><ymax>242</ymax><ymin>136</ymin></bndbox><difficult>0</difficult><occluded>0</occluded><pose>Unspecified</pose><truncated>0</truncated></object><object><name>Pedestrian</name><bndbox><xmax>367</xmax><xmin>326</xmin><ymax>235</ymax><ymin>122</ymin></bndbox><difficult>0</difficult><occluded>0</occluded><pose>Unspecified</pose><truncated>0</truncated></object><object><name>Pedestrian</name><bndbox><xmax>191</xmax><xmin>122</xmin><ymax>370</ymax><ymin>251</ymin></bndbox><difficult>0</difficult><occluded>0</occluded><pose>Unspecified</pose><truncated>0</truncated></object><segmented>0</segmented><size><depth>3</depth><height>720</height><width>405</width></size><source><annotation>DJI_0028_04</annotation><database>vatic</database><image>vatic</image></source><owner><flickrid>vatic</flickrid><name>vatic</name></owner></annotation>