<annotation><folder>output_0028_04.txt</folder><filename>001381.jpg</filename><object><name>Pedestrian</name><bndbox><xmax>336</xmax><xmin>293</xmin><ymax>160</ymax><ymin>64</ymin></bndbox><difficult>0</difficult><occluded>0</occluded><pose>Unspecified</pose><truncated>0</truncated></object><object><name>Pedestrian</name><bndbox><xmax>382</xmax><xmin>343</xmin><ymax>157</ymax><ymin>54</ymin></bndbox><difficult>0</difficult><occluded>0</occluded><pose>Unspecified</pose><truncated>0</truncated></object><object><name>Pedestrian</name><bndbox><xmax>237</xmax><xmin>180</xmin><ymax>260</ymax><ymin>142</ymin></bndbox><difficult>0</difficult><occluded>0</occluded><pose>Unspecified</pose><truncated>0</truncated></object><segmented>0</segmented><size><depth>3</depth><height>720</height><width>405</width></size><source><annotation>DJI_0028_04</annotation><database>vatic</database><image>vatic</image></source><owner><flickrid>vatic</flickrid><name>vatic</name></owner></annotation>