<annotation><folder>output_0028_04.txt</folder><filename>001321.jpg</filename><object><name>Pedestrian</name><bndbox><xmax>366</xmax><xmin>330</xmin><ymax>99</ymax><ymin>10</ymin></bndbox><difficult>0</difficult><occluded>0</occluded><pose>Unspecified</pose><truncated>0</truncated></object><object><name>Pedestrian</name><bndbox><xmax>322</xmax><xmin>289</xmin><ymax>101</ymax><ymin>9</ymin></bndbox><difficult>0</difficult><occluded>0</occluded><pose>Unspecified</pose><truncated>0</truncated></object><object><name>Pedestrian</name><bndbox><xmax>287</xmax><xmin>256</xmin><ymax>86</ymax><ymin>10</ymin></bndbox><difficult>0</difficult><occluded>0</occluded><pose>Unspecified</pose><truncated>0</truncated></object><object><name>Pedestrian</name><bndbox><xmax>301</xmax><xmin>245</xmin><ymax>346</ymax><ymin>239</ymin></bndbox><difficult>0</difficult><occluded>0</occluded><pose>Unspecified</pose><truncated>0</truncated></object><object><name>Pedestrian</name><bndbox><xmax>348</xmax><xmin>302</xmin><ymax>344</ymax><ymin>229</ymin></bndbox><difficult>0</difficult><occluded>0</occluded><pose>Unspecified</pose><truncated>0</truncated></object><segmented>0</segmented><size><depth>3</depth><height>720</height><width>405</width></size><source><annotation>DJI_0028_04</annotation><database>vatic</database><image>vatic</image></source><owner><flickrid>vatic</flickrid><name>vatic</name></owner></annotation>