<annotation><folder>output_0028_04.txt</folder><filename>001546.jpg</filename><object><name>Pedestrian</name><bndbox><xmax>440</xmax><xmin>379</xmin><ymax>371</ymax><ymin>251</ymin></bndbox><difficult>0</difficult><occluded>0</occluded><pose>Unspecified</pose><truncated>0</truncated></object><object><name>Pedestrian</name><bndbox><xmax>503</xmax><xmin>448</xmin><ymax>369</ymax><ymin>248</ymin></bndbox><difficult>0</difficult><occluded>0</occluded><pose>Unspecified</pose><truncated>0</truncated></object><object><name>Pedestrian</name><bndbox><xmax>502</xmax><xmin>438</xmin><ymax>332</ymax><ymin>222</ymin></bndbox><difficult>0</difficult><occluded>0</occluded><pose>Unspecified</pose><truncated>0</truncated></object><object><name>Pedestrian</name><bndbox><xmax>283</xmax><xmin>232</xmin><ymax>232</ymax><ymin>108</ymin></bndbox><difficult>0</difficult><occluded>0</occluded><pose>Unspecified</pose><truncated>0</truncated></object><segmented>0</segmented><size><depth>3</depth><height>720</height><width>405</width></size><source><annotation>DJI_0028_04</annotation><database>vatic</database><image>vatic</image></source><owner><flickrid>vatic</flickrid><name>vatic</name></owner></annotation>