<annotation><folder>DJI_0012_slice_04</folder><filename>000016.jpg</filename><object><name>Pedestrain</name><bndbox><xmax>211</xmax><xmin>167</xmin><ymax>87</ymax><ymin>5</ymin></bndbox><difficult>0</difficult><occluded>0</occluded><pose>Unspecified</pose><truncated>0</truncated></object><object><name>Pedestrain</name><bndbox><xmax>718</xmax><xmin>602</xmin><ymax>403</ymax><ymin>302</ymin></bndbox><difficult>0</difficult><occluded>0</occluded><pose>Unspecified</pose><truncated>0</truncated></object><segmented>0</segmented><size><depth>3</depth><height>720</height><width>405</width></size><source><annotation>DJI04</annotation><database>vatic</database><image>vatic</image></source><owner><flickrid>vatic</flickrid><name>vatic</name></owner></annotation>