<annotation><folder>DJI_0012_slice_04</folder><filename>000046.jpg</filename><object><name>Pedestrain</name><bndbox><xmax>291</xmax><xmin>254</xmin><ymax>73</ymax><ymin>0</ymin></bndbox><difficult>0</difficult><occluded>1</occluded><pose>Unspecified</pose><truncated>0</truncated></object><object><name>Pedestrain</name><bndbox><xmax>618</xmax><xmin>510</xmin><ymax>381</ymax><ymin>263</ymin></bndbox><difficult>0</difficult><occluded>0</occluded><pose>Unspecified</pose><truncated>0</truncated></object><object><name>Pedestrain</name><bndbox><xmax>584</xmax><xmin>518</xmin><ymax>230</ymax><ymin>127</ymin></bndbox><difficult>0</difficult><occluded>0</occluded><pose>Unspecified</pose><truncated>0</truncated></object><segmented>0</segmented><size><depth>3</depth><height>720</height><width>405</width></size><source><annotation>DJI04</annotation><database>vatic</database><image>vatic</image></source><owner><flickrid>vatic</flickrid><name>vatic</name></owner></annotation>