<annotation><folder>DJI_0012_slice_04</folder><filename>000076.jpg</filename><object><name>Pedestrain</name><bndbox><xmax>279</xmax><xmin>233</xmin><ymax>133</ymax><ymin>36</ymin></bndbox><difficult>0</difficult><occluded>0</occluded><pose>Unspecified</pose><truncated>0</truncated></object><object><name>Pedestrain</name><bndbox><xmax>525</xmax><xmin>437</xmin><ymax>348</ymax><ymin>234</ymin></bndbox><difficult>0</difficult><occluded>0</occluded><pose>Unspecified</pose><truncated>0</truncated></object><object><name>Pedestrain</name><bndbox><xmax>626</xmax><xmin>548</xmin><ymax>280</ymax><ymin>178</ymin></bndbox><difficult>0</difficult><occluded>0</occluded><pose>Unspecified</pose><truncated>0</truncated></object><segmented>0</segmented><size><depth>3</depth><height>720</height><width>405</width></size><source><annotation>DJI04</annotation><database>vatic</database><image>vatic</image></source><owner><flickrid>vatic</flickrid><name>vatic</name></owner></annotation>