<annotation><folder>DJI_0012_slice_04</folder><filename>000136.jpg</filename><object><name>Pedestrain</name><bndbox><xmax>227</xmax><xmin>153</xmin><ymax>335</ymax><ymin>213</ymin></bndbox><difficult>0</difficult><occluded>0</occluded><pose>Unspecified</pose><truncated>0</truncated></object><object><name>Pedestrain</name><bndbox><xmax>395</xmax><xmin>341</xmin><ymax>226</ymax><ymin>116</ymin></bndbox><difficult>0</difficult><occluded>0</occluded><pose>Unspecified</pose><truncated>0</truncated></object><object><name>Pedestrain</name><bndbox><xmax>494</xmax><xmin>457</xmin><ymax>62</ymax><ymin>0</ymin></bndbox><difficult>0</difficult><occluded>1</occluded><pose>Unspecified</pose><truncated>0</truncated></object><segmented>0</segmented><size><depth>3</depth><height>720</height><width>405</width></size><source><annotation>DJI04</annotation><database>vatic</database><image>vatic</image></source><owner><flickrid>vatic</flickrid><name>vatic</name></owner></annotation>