<annotation><folder>DJI_0012_slice_04</folder><filename>000181.jpg</filename><object><name>Pedestrain</name><bndbox><xmax>376</xmax><xmin>331</xmin><ymax>139</ymax><ymin>38</ymin></bndbox><difficult>0</difficult><occluded>0</occluded><pose>Unspecified</pose><truncated>0</truncated></object><object><name>Pedestrain</name><bndbox><xmax>514</xmax><xmin>470</xmin><ymax>99</ymax><ymin>12</ymin></bndbox><difficult>0</difficult><occluded>0</occluded><pose>Unspecified</pose><truncated>0</truncated></object><object><name>Pedestrain</name><bndbox><xmax>642</xmax><xmin>557</xmin><ymax>260</ymax><ymin>152</ymin></bndbox><difficult>0</difficult><occluded>0</occluded><pose>Unspecified</pose><truncated>0</truncated></object><object><name>Pedestrain</name><bndbox><xmax>707</xmax><xmin>603</xmin><ymax>395</ymax><ymin>314</ymin></bndbox><difficult>0</difficult><occluded>0</occluded><pose>Unspecified</pose><truncated>0</truncated></object><object><name>Pedestrain</name><bndbox><xmax>693</xmax><xmin>610</xmin><ymax>315</ymax><ymin>231</ymin></bndbox><difficult>0</difficult><occluded>1</occluded><pose>Unspecified</pose><truncated>0</truncated></object><segmented>0</segmented><size><depth>3</depth><height>720</height><width>405</width></size><source><annotation>DJI04</annotation><database>vatic</database><image>vatic</image></source><owner><flickrid>vatic</flickrid><name>vatic</name></owner></annotation>