<annotation><folder>DJI_0012_slice_04</folder><filename>000256.jpg</filename><object><name>Pedestrain</name><bndbox><xmax>183</xmax><xmin>103</xmin><ymax>249</ymax><ymin>143</ymin></bndbox><difficult>0</difficult><occluded>0</occluded><pose>Unspecified</pose><truncated>0</truncated></object><object><name>Pedestrain</name><bndbox><xmax>520</xmax><xmin>477</xmin><ymax>114</ymax><ymin>24</ymin></bndbox><difficult>0</difficult><occluded>0</occluded><pose>Unspecified</pose><truncated>0</truncated></object><object><name>Pedestrain</name><bndbox><xmax>444</xmax><xmin>392</xmin><ymax>307</ymax><ymin>213</ymin></bndbox><difficult>0</difficult><occluded>0</occluded><pose>Unspecified</pose><truncated>0</truncated></object><object><name>Pedestrain</name><bndbox><xmax>478</xmax><xmin>429</xmin><ymax>230</ymax><ymin>140</ymin></bndbox><difficult>0</difficult><occluded>0</occluded><pose>Unspecified</pose><truncated>0</truncated></object><segmented>0</segmented><size><depth>3</depth><height>720</height><width>405</width></size><source><annotation>DJI04</annotation><database>vatic</database><image>vatic</image></source><owner><flickrid>vatic</flickrid><name>vatic</name></owner></annotation>