<annotation><folder>DJI_0012_slice_04</folder><filename>000286.jpg</filename><object><name>Pedestrain</name><bndbox><xmax>101</xmax><xmin>9</xmin><ymax>389</ymax><ymin>272</ymin></bndbox><difficult>0</difficult><occluded>0</occluded><pose>Unspecified</pose><truncated>0</truncated></object><object><name>Pedestrain</name><bndbox><xmax>517</xmax><xmin>474</xmin><ymax>110</ymax><ymin>20</ymin></bndbox><difficult>0</difficult><occluded>0</occluded><pose>Unspecified</pose><truncated>0</truncated></object><object><name>Pedestrain</name><bndbox><xmax>554</xmax><xmin>504</xmin><ymax>90</ymax><ymin>9</ymin></bndbox><difficult>0</difficult><occluded>1</occluded><pose>Unspecified</pose><truncated>0</truncated></object><object><name>Pedestrain</name><bndbox><xmax>432</xmax><xmin>381</xmin><ymax>290</ymax><ymin>196</ymin></bndbox><difficult>0</difficult><occluded>0</occluded><pose>Unspecified</pose><truncated>0</truncated></object><object><name>Pedestrain</name><bndbox><xmax>459</xmax><xmin>410</xmin><ymax>205</ymax><ymin>115</ymin></bndbox><difficult>0</difficult><occluded>0</occluded><pose>Unspecified</pose><truncated>0</truncated></object><segmented>0</segmented><size><depth>3</depth><height>720</height><width>405</width></size><source><annotation>DJI04</annotation><database>vatic</database><image>vatic</image></source><owner><flickrid>vatic</flickrid><name>vatic</name></owner></annotation>