<annotation><folder>DJI_0012_slice_04</folder><filename>000331.jpg</filename><object><name>Pedestrain</name><bndbox><xmax>442</xmax><xmin>398</xmin><ymax>186</ymax><ymin>92</ymin></bndbox><difficult>0</difficult><occluded>0</occluded><pose>Unspecified</pose><truncated>0</truncated></object><object><name>Pedestrain</name><bndbox><xmax>508</xmax><xmin>472</xmin><ymax>98</ymax><ymin>12</ymin></bndbox><difficult>0</difficult><occluded>0</occluded><pose>Unspecified</pose><truncated>0</truncated></object><segmented>0</segmented><size><depth>3</depth><height>720</height><width>405</width></size><source><annotation>DJI04</annotation><database>vatic</database><image>vatic</image></source><owner><flickrid>vatic</flickrid><name>vatic</name></owner></annotation>