<annotation><folder>DJI_0012_slice_04</folder><filename>000451.jpg</filename><object><name>Pedestrain</name><bndbox><xmax>361</xmax><xmin>326</xmin><ymax>120</ymax><ymin>33</ymin></bndbox><difficult>0</difficult><occluded>0</occluded><pose>Unspecified</pose><truncated>0</truncated></object><object><name>Pedestrain</name><bndbox><xmax>509</xmax><xmin>471</xmin><ymax>126</ymax><ymin>25</ymin></bndbox><difficult>0</difficult><occluded>0</occluded><pose>Unspecified</pose><truncated>0</truncated></object><object><name>Pedestrain</name><bndbox><xmax>562</xmax><xmin>461</xmin><ymax>312</ymax><ymin>205</ymin></bndbox><difficult>0</difficult><occluded>0</occluded><pose>Unspecified</pose><truncated>0</truncated></object><object><name>Pedestrain</name><bndbox><xmax>669</xmax><xmin>586</xmin><ymax>284</ymax><ymin>168</ymin></bndbox><difficult>0</difficult><occluded>0</occluded><pose>Unspecified</pose><truncated>0</truncated></object><object><name>Pedestrain</name><bndbox><xmax>240</xmax><xmin>170</xmin><ymax>273</ymax><ymin>162</ymin></bndbox><difficult>0</difficult><occluded>0</occluded><pose>Unspecified</pose><truncated>0</truncated></object><object><name>Pedestrain</name><bndbox><xmax>235</xmax><xmin>196</xmin><ymax>140</ymax><ymin>57</ymin></bndbox><difficult>0</difficult><occluded>0</occluded><pose>Unspecified</pose><truncated>0</truncated></object><object><name>Pedestrain</name><bndbox><xmax>222</xmax><xmin>189</xmin><ymax>78</ymax><ymin>22</ymin></bndbox><difficult>0</difficult><occluded>1</occluded><pose>Unspecified</pose><truncated>0</truncated></object><object><name>Pedestrain</name><bndbox><xmax>124</xmax><xmin>19</xmin><ymax>359</ymax><ymin>244</ymin></bndbox><difficult>0</difficult><occluded>0</occluded><pose>Unspecified</pose><truncated>0</truncated></object><segmented>0</segmented><size><depth>3</depth><height>720</height><width>405</width></size><source><annotation>DJI04</annotation><database>vatic</database><image>vatic</image></source><owner><flickrid>vatic</flickrid><name>vatic</name></owner></annotation>