<annotation><folder>DJI_0012_slice_04</folder><filename>000631.jpg</filename><object><name>Pedestrain</name><bndbox><xmax>223</xmax><xmin>166</xmin><ymax>140</ymax><ymin>43</ymin></bndbox><difficult>0</difficult><occluded>0</occluded><pose>Unspecified</pose><truncated>0</truncated></object><object><name>Pedestrain</name><bndbox><xmax>595</xmax><xmin>517</xmin><ymax>207</ymax><ymin>98</ymin></bndbox><difficult>0</difficult><occluded>0</occluded><pose>Unspecified</pose><truncated>0</truncated></object><object><name>Pedestrain</name><bndbox><xmax>290</xmax><xmin>250</xmin><ymax>127</ymax><ymin>34</ymin></bndbox><difficult>0</difficult><occluded>0</occluded><pose>Unspecified</pose><truncated>0</truncated></object><object><name>Pedestrain</name><bndbox><xmax>328</xmax><xmin>290</xmin><ymax>119</ymax><ymin>35</ymin></bndbox><difficult>0</difficult><occluded>0</occluded><pose>Unspecified</pose><truncated>0</truncated></object><object><name>Pedestrain</name><bndbox><xmax>717</xmax><xmin>614</xmin><ymax>381</ymax><ymin>274</ymin></bndbox><difficult>0</difficult><occluded>1</occluded><pose>Unspecified</pose><truncated>0</truncated></object><segmented>0</segmented><size><depth>3</depth><height>720</height><width>405</width></size><source><annotation>DJI04</annotation><database>vatic</database><image>vatic</image></source><owner><flickrid>vatic</flickrid><name>vatic</name></owner></annotation>