<annotation><folder>DJI_0012_slice_04</folder><filename>000811.jpg</filename><object><name>Pedestrain</name><bndbox><xmax>634</xmax><xmin>560</xmin><ymax>275</ymax><ymin>162</ymin></bndbox><difficult>0</difficult><occluded>0</occluded><pose>Unspecified</pose><truncated>0</truncated></object><object><name>Pedestrain</name><bndbox><xmax>392</xmax><xmin>357</xmin><ymax>147</ymax><ymin>50</ymin></bndbox><difficult>0</difficult><occluded>0</occluded><pose>Unspecified</pose><truncated>0</truncated></object><object><name>Pedestrain</name><bndbox><xmax>431</xmax><xmin>384</xmin><ymax>145</ymax><ymin>44</ymin></bndbox><difficult>0</difficult><occluded>0</occluded><pose>Unspecified</pose><truncated>0</truncated></object><segmented>0</segmented><size><depth>3</depth><height>720</height><width>405</width></size><source><annotation>DJI04</annotation><database>vatic</database><image>vatic</image></source><owner><flickrid>vatic</flickrid><name>vatic</name></owner></annotation>