<annotation><folder>DJI_0012_slice_04</folder><filename>000886.jpg</filename><object><name>Pedestrain</name><bndbox><xmax>526</xmax><xmin>475</xmin><ymax>104</ymax><ymin>15</ymin></bndbox><difficult>0</difficult><occluded>1</occluded><pose>Unspecified</pose><truncated>0</truncated></object><object><name>Pedestrain</name><bndbox><xmax>666</xmax><xmin>560</xmin><ymax>345</ymax><ymin>230</ymin></bndbox><difficult>0</difficult><occluded>0</occluded><pose>Unspecified</pose><truncated>0</truncated></object><segmented>0</segmented><size><depth>3</depth><height>720</height><width>405</width></size><source><annotation>DJI04</annotation><database>vatic</database><image>vatic</image></source><owner><flickrid>vatic</flickrid><name>vatic</name></owner></annotation>