<annotation><folder>DJI_0012_slice_04</folder><filename>000931.jpg</filename><object><name>Pedestrain</name><bndbox><xmax>492</xmax><xmin>422</xmin><ymax>233</ymax><ymin>128</ymin></bndbox><difficult>0</difficult><occluded>0</occluded><pose>Unspecified</pose><truncated>0</truncated></object><object><name>Pedestrain</name><bndbox><xmax>618</xmax><xmin>534</xmin><ymax>296</ymax><ymin>187</ymin></bndbox><difficult>0</difficult><occluded>0</occluded><pose>Unspecified</pose><truncated>0</truncated></object><segmented>0</segmented><size><depth>3</depth><height>720</height><width>405</width></size><source><annotation>DJI04</annotation><database>vatic</database><image>vatic</image></source><owner><flickrid>vatic</flickrid><name>vatic</name></owner></annotation>