<annotation><folder>DJI_0012_slice_04</folder><filename>000916.jpg</filename><object><name>Pedestrain</name><bndbox><xmax>506</xmax><xmin>458</xmin><ymax>72</ymax><ymin>0</ymin></bndbox><difficult>0</difficult><occluded>1</occluded><pose>Unspecified</pose><truncated>0</truncated></object><object><name>Pedestrain</name><bndbox><xmax>535</xmax><xmin>465</xmin><ymax>267</ymax><ymin>161</ymin></bndbox><difficult>0</difficult><occluded>0</occluded><pose>Unspecified</pose><truncated>0</truncated></object><object><name>Pedestrain</name><bndbox><xmax>539</xmax><xmin>455</xmin><ymax>271</ymax><ymin>159</ymin></bndbox><difficult>0</difficult><occluded>0</occluded><pose>Unspecified</pose><truncated>0</truncated></object><object><name>Pedestrain</name><bndbox><xmax>666</xmax><xmin>564</xmin><ymax>344</ymax><ymin>233</ymin></bndbox><difficult>0</difficult><occluded>0</occluded><pose>Unspecified</pose><truncated>0</truncated></object><segmented>0</segmented><size><depth>3</depth><height>720</height><width>405</width></size><source><annotation>DJI04</annotation><database>vatic</database><image>vatic</image></source><owner><flickrid>vatic</flickrid><name>vatic</name></owner></annotation>