<annotation><folder>DJI_0012_slice_04</folder><filename>000901.jpg</filename><object><name>Pedestrain</name><bndbox><xmax>516</xmax><xmin>466</xmin><ymax>93</ymax><ymin>4</ymin></bndbox><difficult>0</difficult><occluded>0</occluded><pose>Unspecified</pose><truncated>0</truncated></object><object><name>Pedestrain</name><bndbox><xmax>598</xmax><xmin>504</xmin><ymax>309</ymax><ymin>196</ymin></bndbox><difficult>0</difficult><occluded>0</occluded><pose>Unspecified</pose><truncated>0</truncated></object><object><name>Pedestrain</name><bndbox><xmax>596</xmax><xmin>490</xmin><ymax>308</ymax><ymin>195</ymin></bndbox><difficult>0</difficult><occluded>0</occluded><pose>Unspecified</pose><truncated>0</truncated></object><object><name>Pedestrain</name><bndbox><xmax>719</xmax><xmin>605</xmin><ymax>388</ymax><ymin>276</ymin></bndbox><difficult>0</difficult><occluded>0</occluded><pose>Unspecified</pose><truncated>0</truncated></object><segmented>0</segmented><size><depth>3</depth><height>720</height><width>405</width></size><source><annotation>DJI04</annotation><database>vatic</database><image>vatic</image></source><owner><flickrid>vatic</flickrid><name>vatic</name></owner></annotation>