<annotation><folder>DJI_0012_slice_04</folder><filename>001096.jpg</filename><object><name>Pedestrain</name><bndbox><xmax>475</xmax><xmin>438</xmin><ymax>119</ymax><ymin>32</ymin></bndbox><difficult>0</difficult><occluded>0</occluded><pose>Unspecified</pose><truncated>0</truncated></object><object><name>Pedestrain</name><bndbox><xmax>208</xmax><xmin>156</xmin><ymax>159</ymax><ymin>64</ymin></bndbox><difficult>0</difficult><occluded>0</occluded><pose>Unspecified</pose><truncated>0</truncated></object><segmented>0</segmented><size><depth>3</depth><height>720</height><width>405</width></size><source><annotation>DJI04</annotation><database>vatic</database><image>vatic</image></source><owner><flickrid>vatic</flickrid><name>vatic</name></owner></annotation>