<annotation><folder>DJI_0012_slice_04</folder><filename>001021.jpg</filename><object><name>Pedestrain</name><bndbox><xmax>452</xmax><xmin>410</xmin><ymax>95</ymax><ymin>11</ymin></bndbox><difficult>0</difficult><occluded>0</occluded><pose>Unspecified</pose><truncated>0</truncated></object><object><name>Pedestrain</name><bndbox><xmax>650</xmax><xmin>574</xmin><ymax>298</ymax><ymin>194</ymin></bndbox><difficult>0</difficult><occluded>0</occluded><pose>Unspecified</pose><truncated>0</truncated></object><segmented>0</segmented><size><depth>3</depth><height>720</height><width>405</width></size><source><annotation>DJI04</annotation><database>vatic</database><image>vatic</image></source><owner><flickrid>vatic</flickrid><name>vatic</name></owner></annotation>