<annotation><folder>DJI_0012_slice_04</folder><filename>001036.jpg</filename><object><name>Pedestrain</name><bndbox><xmax>599</xmax><xmin>540</xmin><ymax>251</ymax><ymin>149</ymin></bndbox><difficult>0</difficult><occluded>0</occluded><pose>Unspecified</pose><truncated>0</truncated></object><segmented>0</segmented><size><depth>3</depth><height>720</height><width>405</width></size><source><annotation>DJI04</annotation><database>vatic</database><image>vatic</image></source><owner><flickrid>vatic</flickrid><name>vatic</name></owner></annotation>