<annotation><folder>DJI_0012_slice_04</folder><filename>001006.jpg</filename><object><name>Pedestrain</name><bndbox><xmax>415</xmax><xmin>372</xmin><ymax>87</ymax><ymin>0</ymin></bndbox><difficult>0</difficult><occluded>1</occluded><pose>Unspecified</pose><truncated>0</truncated></object><object><name>Pedestrain</name><bndbox><xmax>473</xmax><xmin>427</xmin><ymax>117</ymax><ymin>31</ymin></bndbox><difficult>0</difficult><occluded>0</occluded><pose>Unspecified</pose><truncated>0</truncated></object><object><name>Pedestrain</name><bndbox><xmax>701</xmax><xmin>609</xmin><ymax>346</ymax><ymin>238</ymin></bndbox><difficult>0</difficult><occluded>0</occluded><pose>Unspecified</pose><truncated>0</truncated></object><segmented>0</segmented><size><depth>3</depth><height>720</height><width>405</width></size><source><annotation>DJI04</annotation><database>vatic</database><image>vatic</image></source><owner><flickrid>vatic</flickrid><name>vatic</name></owner></annotation>