<annotation><folder>DJI_0012_slice_04</folder><filename>001081.jpg</filename><object><name>Pedestrain</name><bndbox><xmax>497</xmax><xmin>460</xmin><ymax>142</ymax><ymin>55</ymin></bndbox><difficult>0</difficult><occluded>1</occluded><pose>Unspecified</pose><truncated>0</truncated></object><object><name>Pedestrain</name><bndbox><xmax>213</xmax><xmin>167</xmin><ymax>128</ymax><ymin>39</ymin></bndbox><difficult>0</difficult><occluded>0</occluded><pose>Unspecified</pose><truncated>0</truncated></object><segmented>0</segmented><size><depth>3</depth><height>720</height><width>405</width></size><source><annotation>DJI04</annotation><database>vatic</database><image>vatic</image></source><owner><flickrid>vatic</flickrid><name>vatic</name></owner></annotation>