<annotation><folder>DJI_0012_slice_04</folder><filename>001156.jpg</filename><object><name>Pedestrain</name><bndbox><xmax>115</xmax><xmin>14</xmin><ymax>330</ymax><ymin>224</ymin></bndbox><difficult>0</difficult><occluded>0</occluded><pose>Unspecified</pose><truncated>0</truncated></object><object><name>Pedestrain</name><bndbox><xmax>549</xmax><xmin>445</xmin><ymax>400</ymax><ymin>286</ymin></bndbox><difficult>0</difficult><occluded>0</occluded><pose>Unspecified</pose><truncated>0</truncated></object><segmented>0</segmented><size><depth>3</depth><height>720</height><width>405</width></size><source><annotation>DJI04</annotation><database>vatic</database><image>vatic</image></source><owner><flickrid>vatic</flickrid><name>vatic</name></owner></annotation>