<annotation><folder>DJI_0012_slice_04</folder><filename>001141.jpg</filename><object><name>Pedestrain</name><bndbox><xmax>167</xmax><xmin>79</xmin><ymax>286</ymax><ymin>178</ymin></bndbox><difficult>0</difficult><occluded>0</occluded><pose>Unspecified</pose><truncated>0</truncated></object><segmented>0</segmented><size><depth>3</depth><height>720</height><width>405</width></size><source><annotation>DJI04</annotation><database>vatic</database><image>vatic</image></source><owner><flickrid>vatic</flickrid><name>vatic</name></owner></annotation>