<annotation><folder>DJI_0012_slice_04</folder><filename>001276.jpg</filename><object><name>Pedestrain</name><bndbox><xmax>429</xmax><xmin>384</xmin><ymax>70</ymax><ymin>0</ymin></bndbox><difficult>0</difficult><occluded>1</occluded><pose>Unspecified</pose><truncated>0</truncated></object><object><name>Pedestrain</name><bndbox><xmax>225</xmax><xmin>181</xmin><ymax>88</ymax><ymin>11</ymin></bndbox><difficult>0</difficult><occluded>0</occluded><pose>Unspecified</pose><truncated>0</truncated></object><object><name>Pedestrain</name><bndbox><xmax>511</xmax><xmin>445</xmin><ymax>318</ymax><ymin>214</ymin></bndbox><difficult>0</difficult><occluded>0</occluded><pose>Unspecified</pose><truncated>0</truncated></object><segmented>0</segmented><size><depth>3</depth><height>720</height><width>405</width></size><source><annotation>DJI04</annotation><database>vatic</database><image>vatic</image></source><owner><flickrid>vatic</flickrid><name>vatic</name></owner></annotation>