<annotation><folder>DJI_0012_slice_04</folder><filename>001231.jpg</filename><object><name>Pedestrain</name><bndbox><xmax>445</xmax><xmin>390</xmin><ymax>151</ymax><ymin>44</ymin></bndbox><difficult>0</difficult><occluded>0</occluded><pose>Unspecified</pose><truncated>0</truncated></object><object><name>Pedestrain</name><bndbox><xmax>696</xmax><xmin>588</xmin><ymax>403</ymax><ymin>326</ymin></bndbox><difficult>0</difficult><occluded>1</occluded><pose>Unspecified</pose><truncated>0</truncated></object><segmented>0</segmented><size><depth>3</depth><height>720</height><width>405</width></size><source><annotation>DJI04</annotation><database>vatic</database><image>vatic</image></source><owner><flickrid>vatic</flickrid><name>vatic</name></owner></annotation>