<annotation><folder>DJI_0012_slice_04</folder><filename>001246.jpg</filename><object><name>Pedestrain</name><bndbox><xmax>437</xmax><xmin>384</xmin><ymax>120</ymax><ymin>14</ymin></bndbox><difficult>0</difficult><occluded>0</occluded><pose>Unspecified</pose><truncated>0</truncated></object><object><name>Pedestrain</name><bndbox><xmax>616</xmax><xmin>526</xmin><ymax>399</ymax><ymin>293</ymin></bndbox><difficult>0</difficult><occluded>0</occluded><pose>Unspecified</pose><truncated>0</truncated></object><segmented>0</segmented><size><depth>3</depth><height>720</height><width>405</width></size><source><annotation>DJI04</annotation><database>vatic</database><image>vatic</image></source><owner><flickrid>vatic</flickrid><name>vatic</name></owner></annotation>