<annotation><folder>DJI_0012_slice_04</folder><filename>001396.jpg</filename><object><name>Pedestrain</name><bndbox><xmax>110</xmax><xmin>18</xmin><ymax>387</ymax><ymin>283</ymin></bndbox><difficult>0</difficult><occluded>0</occluded><pose>Unspecified</pose><truncated>0</truncated></object><object><name>Pedestrain</name><bndbox><xmax>658</xmax><xmin>558</xmin><ymax>360</ymax><ymin>237</ymin></bndbox><difficult>0</difficult><occluded>0</occluded><pose>Unspecified</pose><truncated>0</truncated></object><segmented>0</segmented><size><depth>3</depth><height>720</height><width>405</width></size><source><annotation>DJI04</annotation><database>vatic</database><image>vatic</image></source><owner><flickrid>vatic</flickrid><name>vatic</name></owner></annotation>