<annotation><folder>DJI_0012_slice_04</folder><filename>001306.jpg</filename><object><name>Pedestrain</name><bndbox><xmax>215</xmax><xmin>169</xmin><ymax>129</ymax><ymin>49</ymin></bndbox><difficult>0</difficult><occluded>0</occluded><pose>Unspecified</pose><truncated>0</truncated></object><object><name>Pedestrain</name><bndbox><xmax>431</xmax><xmin>381</xmin><ymax>229</ymax><ymin>136</ymin></bndbox><difficult>0</difficult><occluded>0</occluded><pose>Unspecified</pose><truncated>0</truncated></object><segmented>0</segmented><size><depth>3</depth><height>720</height><width>405</width></size><source><annotation>DJI04</annotation><database>vatic</database><image>vatic</image></source><owner><flickrid>vatic</flickrid><name>vatic</name></owner></annotation>