<annotation><folder>DJI_0012_slice_04</folder><filename>001381.jpg</filename><object><name>Pedestrain</name><bndbox><xmax>152</xmax><xmin>65</xmin><ymax>334</ymax><ymin>225</ymin></bndbox><difficult>0</difficult><occluded>0</occluded><pose>Unspecified</pose><truncated>0</truncated></object><object><name>Pedestrain</name><bndbox><xmax>715</xmax><xmin>591</xmin><ymax>393</ymax><ymin>268</ymin></bndbox><difficult>0</difficult><occluded>1</occluded><pose>Unspecified</pose><truncated>0</truncated></object><segmented>0</segmented><size><depth>3</depth><height>720</height><width>405</width></size><source><annotation>DJI04</annotation><database>vatic</database><image>vatic</image></source><owner><flickrid>vatic</flickrid><name>vatic</name></owner></annotation>