<annotation><folder>DJI_0012_slice_04</folder><filename>001471.jpg</filename><object><name>Pedestrain</name><bndbox><xmax>683</xmax><xmin>585</xmin><ymax>338</ymax><ymin>238</ymin></bndbox><difficult>0</difficult><occluded>0</occluded><pose>Unspecified</pose><truncated>0</truncated></object><object><name>Pedestrain</name><bndbox><xmax>533</xmax><xmin>466</xmin><ymax>294</ymax><ymin>179</ymin></bndbox><difficult>0</difficult><occluded>0</occluded><pose>Unspecified</pose><truncated>0</truncated></object><segmented>0</segmented><size><depth>3</depth><height>720</height><width>405</width></size><source><annotation>DJI04</annotation><database>vatic</database><image>vatic</image></source><owner><flickrid>vatic</flickrid><name>vatic</name></owner></annotation>