<annotation><folder>DJI_0012_slice_04</folder><filename>001456.jpg</filename><object><name>Pedestrain</name><bndbox><xmax>718</xmax><xmin>613</xmin><ymax>368</ymax><ymin>267</ymin></bndbox><difficult>0</difficult><occluded>0</occluded><pose>Unspecified</pose><truncated>0</truncated></object><object><name>Pedestrain</name><bndbox><xmax>579</xmax><xmin>502</xmin><ymax>313</ymax><ymin>200</ymin></bndbox><difficult>0</difficult><occluded>0</occluded><pose>Unspecified</pose><truncated>0</truncated></object><segmented>0</segmented><size><depth>3</depth><height>720</height><width>405</width></size><source><annotation>DJI04</annotation><database>vatic</database><image>vatic</image></source><owner><flickrid>vatic</flickrid><name>vatic</name></owner></annotation>