<annotation><folder>output_data_07</folder><filename>000001.jpg</filename><object><name>pedestrain</name><bndbox><xmax>214</xmax><xmin>162</xmin><ymax>212</ymax><ymin>106</ymin></bndbox><difficult>0</difficult><occluded>0</occluded><pose>Unspecified</pose><truncated>0</truncated></object><object><name>pedestrain</name><bndbox><xmax>350</xmax><xmin>326</xmin><ymax>80</ymax><ymin>11</ymin></bndbox><difficult>0</difficult><occluded>0</occluded><pose>Unspecified</pose><truncated>0</truncated></object><object><name>pedestrain</name><bndbox><xmax>155</xmax><xmin>116</xmin><ymax>76</ymax><ymin>6</ymin></bndbox><difficult>0</difficult><occluded>0</occluded><pose>Unspecified</pose><truncated>0</truncated></object><object><name>pedestrain</name><bndbox><xmax>183</xmax><xmin>140</xmin><ymax>79</ymax><ymin>2</ymin></bndbox><difficult>0</difficult><occluded>0</occluded><pose>Unspecified</pose><truncated>0</truncated></object><segmented>0</segmented><size><depth>3</depth><height>720</height><width>405</width></size><source><annotation>data_08</annotation><database>vatic</database><image>vatic</image></source><owner><flickrid>vatic</flickrid><name>vatic</name></owner></annotation>