<annotation><folder>output_0030_05.txt</folder><filename>000196.jpg</filename><object><name>Pedestrian</name><bndbox><xmax>277</xmax><xmin>238</xmin><ymax>173</ymax><ymin>100</ymin></bndbox><difficult>0</difficult><occluded>1</occluded><pose>Unspecified</pose><truncated>0</truncated></object><object><name>Pedestrian</name><bndbox><xmax>276</xmax><xmin>237</xmin><ymax>189</ymax><ymin>109</ymin></bndbox><difficult>0</difficult><occluded>0</occluded><pose>Unspecified</pose><truncated>0</truncated></object><object><name>Pedestrian</name><bndbox><xmax>472</xmax><xmin>423</xmin><ymax>192</ymax><ymin>110</ymin></bndbox><difficult>0</difficult><occluded>0</occluded><pose>Unspecified</pose><truncated>0</truncated></object><segmented>0</segmented><size><depth>3</depth><height>720</height><width>405</width></size><source><annotation>DJI_0030_05</annotation><database>vatic</database><image>vatic</image></source><owner><flickrid>vatic</flickrid><name>vatic</name></owner></annotation>