<annotation><folder>output_0030_05.txt</folder><filename>000106.jpg</filename><object><name>Pedestrian</name><bndbox><xmax>480</xmax><xmin>432</xmin><ymax>186</ymax><ymin>112</ymin></bndbox><difficult>0</difficult><occluded>1</occluded><pose>Unspecified</pose><truncated>0</truncated></object><object><name>Pedestrian</name><bndbox><xmax>488</xmax><xmin>439</xmin><ymax>199</ymax><ymin>118</ymin></bndbox><difficult>0</difficult><occluded>0</occluded><pose>Unspecified</pose><truncated>0</truncated></object><segmented>0</segmented><size><depth>3</depth><height>720</height><width>405</width></size><source><annotation>DJI_0030_05</annotation><database>vatic</database><image>vatic</image></source><owner><flickrid>vatic</flickrid><name>vatic</name></owner></annotation>