<annotation><folder>output_0030_05.txt</folder><filename>000286.jpg</filename><object><name>Pedestrian</name><bndbox><xmax>116</xmax><xmin>70</xmin><ymax>146</ymax><ymin>74</ymin></bndbox><difficult>0</difficult><occluded>1</occluded><pose>Unspecified</pose><truncated>0</truncated></object><object><name>Pedestrian</name><bndbox><xmax>99</xmax><xmin>59</xmin><ymax>156</ymax><ymin>77</ymin></bndbox><difficult>0</difficult><occluded>0</occluded><pose>Unspecified</pose><truncated>0</truncated></object><object><name>Pedestrian</name><bndbox><xmax>226</xmax><xmin>185</xmin><ymax>171</ymax><ymin>89</ymin></bndbox><difficult>0</difficult><occluded>0</occluded><pose>Unspecified</pose><truncated>0</truncated></object><segmented>0</segmented><size><depth>3</depth><height>720</height><width>405</width></size><source><annotation>DJI_0030_05</annotation><database>vatic</database><image>vatic</image></source><owner><flickrid>vatic</flickrid><name>vatic</name></owner></annotation>