<annotation><folder>output_0030_05.txt</folder><filename>000301.jpg</filename><object><name>Pedestrian</name><bndbox><xmax>97</xmax><xmin>47</xmin><ymax>139</ymax><ymin>67</ymin></bndbox><difficult>0</difficult><occluded>1</occluded><pose>Unspecified</pose><truncated>0</truncated></object><object><name>Pedestrian</name><bndbox><xmax>81</xmax><xmin>37</xmin><ymax>150</ymax><ymin>70</ymin></bndbox><difficult>0</difficult><occluded>0</occluded><pose>Unspecified</pose><truncated>0</truncated></object><object><name>Pedestrian</name><bndbox><xmax>199</xmax><xmin>155</xmin><ymax>164</ymax><ymin>83</ymin></bndbox><difficult>0</difficult><occluded>0</occluded><pose>Unspecified</pose><truncated>0</truncated></object><segmented>0</segmented><size><depth>3</depth><height>720</height><width>405</width></size><source><annotation>DJI_0030_05</annotation><database>vatic</database><image>vatic</image></source><owner><flickrid>vatic</flickrid><name>vatic</name></owner></annotation>