<annotation><folder>output_0030_05.txt</folder><filename>000331.jpg</filename><object><name>Pedestrian</name><bndbox><xmax>59</xmax><xmin>6</xmin><ymax>127</ymax><ymin>55</ymin></bndbox><difficult>0</difficult><occluded>1</occluded><pose>Unspecified</pose><truncated>0</truncated></object><object><name>Pedestrian</name><bndbox><xmax>49</xmax><xmin>0</xmin><ymax>138</ymax><ymin>57</ymin></bndbox><difficult>0</difficult><occluded>1</occluded><pose>Unspecified</pose><truncated>0</truncated></object><object><name>Pedestrian</name><bndbox><xmax>147</xmax><xmin>98</xmin><ymax>151</ymax><ymin>69</ymin></bndbox><difficult>0</difficult><occluded>0</occluded><pose>Unspecified</pose><truncated>0</truncated></object><segmented>0</segmented><size><depth>3</depth><height>720</height><width>405</width></size><source><annotation>DJI_0030_05</annotation><database>vatic</database><image>vatic</image></source><owner><flickrid>vatic</flickrid><name>vatic</name></owner></annotation>