<annotation><folder>output_0030_05.txt</folder><filename>000391.jpg</filename><object><name>Pedestrian</name><bndbox><xmax>76</xmax><xmin>21</xmin><ymax>113</ymax><ymin>32</ymin></bndbox><difficult>0</difficult><occluded>0</occluded><pose>Unspecified</pose><truncated>0</truncated></object><object><name>Pedestrian</name><bndbox><xmax>658</xmax><xmin>584</xmin><ymax>400</ymax><ymin>284</ymin></bndbox><difficult>0</difficult><occluded>0</occluded><pose>Unspecified</pose><truncated>0</truncated></object><segmented>0</segmented><size><depth>3</depth><height>720</height><width>405</width></size><source><annotation>DJI_0030_05</annotation><database>vatic</database><image>vatic</image></source><owner><flickrid>vatic</flickrid><name>vatic</name></owner></annotation>