<annotation><folder>output_0030_05.txt</folder><filename>000406.jpg</filename><object><name>Pedestrian</name><bndbox><xmax>59</xmax><xmin>6</xmin><ymax>105</ymax><ymin>25</ymin></bndbox><difficult>0</difficult><occluded>0</occluded><pose>Unspecified</pose><truncated>0</truncated></object><object><name>Pedestrian</name><bndbox><xmax>635</xmax><xmin>569</xmin><ymax>353</ymax><ymin>241</ymin></bndbox><difficult>0</difficult><occluded>0</occluded><pose>Unspecified</pose><truncated>0</truncated></object><segmented>0</segmented><size><depth>3</depth><height>720</height><width>405</width></size><source><annotation>DJI_0030_05</annotation><database>vatic</database><image>vatic</image></source><owner><flickrid>vatic</flickrid><name>vatic</name></owner></annotation>