<annotation><folder>output_0030_05.txt</folder><filename>001036.jpg</filename><object><name>Pedestrian</name><bndbox><xmax>154</xmax><xmin>109</xmin><ymax>160</ymax><ymin>78</ymin></bndbox><difficult>0</difficult><occluded>0</occluded><pose>Unspecified</pose><truncated>0</truncated></object><segmented>0</segmented><size><depth>3</depth><height>720</height><width>405</width></size><source><annotation>DJI_0030_05</annotation><database>vatic</database><image>vatic</image></source><owner><flickrid>vatic</flickrid><name>vatic</name></owner></annotation>