<annotation><folder>output_0030_05.txt</folder><filename>001276.jpg</filename><object><name>Pedestrian</name><bndbox><xmax>419</xmax><xmin>385</xmin><ymax>145</ymax><ymin>76</ymin></bndbox><difficult>0</difficult><occluded>0</occluded><pose>Unspecified</pose><truncated>0</truncated></object><object><name>Pedestrian</name><bndbox><xmax>553</xmax><xmin>498</xmin><ymax>243</ymax><ymin>156</ymin></bndbox><difficult>0</difficult><occluded>0</occluded><pose>Unspecified</pose><truncated>0</truncated></object><segmented>0</segmented><size><depth>3</depth><height>720</height><width>405</width></size><source><annotation>DJI_0030_05</annotation><database>vatic</database><image>vatic</image></source><owner><flickrid>vatic</flickrid><name>vatic</name></owner></annotation>