<annotation><folder>output_0030_05.txt</folder><filename>001291.jpg</filename><object><name>Pedestrian</name><bndbox><xmax>386</xmax><xmin>353</xmin><ymax>144</ymax><ymin>75</ymin></bndbox><difficult>0</difficult><occluded>0</occluded><pose>Unspecified</pose><truncated>0</truncated></object><object><name>Pedestrian</name><bndbox><xmax>506</xmax><xmin>456</xmin><ymax>240</ymax><ymin>154</ymin></bndbox><difficult>0</difficult><occluded>0</occluded><pose>Unspecified</pose><truncated>0</truncated></object><object><name>Pedestrian</name><bndbox><xmax>663</xmax><xmin>580</xmin><ymax>402</ymax><ymin>308</ymin></bndbox><difficult>0</difficult><occluded>1</occluded><pose>Unspecified</pose><truncated>0</truncated></object><segmented>0</segmented><size><depth>3</depth><height>720</height><width>405</width></size><source><annotation>DJI_0030_05</annotation><database>vatic</database><image>vatic</image></source><owner><flickrid>vatic</flickrid><name>vatic</name></owner></annotation>