<annotation><folder>output_0030_05.txt</folder><filename>001306.jpg</filename><object><name>Pedestrian</name><bndbox><xmax>352</xmax><xmin>319</xmin><ymax>143</ymax><ymin>74</ymin></bndbox><difficult>0</difficult><occluded>0</occluded><pose>Unspecified</pose><truncated>0</truncated></object><object><name>Pedestrian</name><bndbox><xmax>463</xmax><xmin>418</xmin><ymax>236</ymax><ymin>150</ymin></bndbox><difficult>0</difficult><occluded>0</occluded><pose>Unspecified</pose><truncated>0</truncated></object><object><name>Pedestrian</name><bndbox><xmax>566</xmax><xmin>482</xmin><ymax>398</ymax><ymin>291</ymin></bndbox><difficult>0</difficult><occluded>0</occluded><pose>Unspecified</pose><truncated>0</truncated></object><segmented>0</segmented><size><depth>3</depth><height>720</height><width>405</width></size><source><annotation>DJI_0030_05</annotation><database>vatic</database><image>vatic</image></source><owner><flickrid>vatic</flickrid><name>vatic</name></owner></annotation>