<annotation><folder>output_0030_05.txt</folder><filename>001381.jpg</filename><object><name>Pedestrian</name><bndbox><xmax>189</xmax><xmin>147</xmin><ymax>133</ymax><ymin>66</ymin></bndbox><difficult>0</difficult><occluded>0</occluded><pose>Unspecified</pose><truncated>0</truncated></object><object><name>Pedestrian</name><bndbox><xmax>257</xmax><xmin>201</xmin><ymax>234</ymax><ymin>145</ymin></bndbox><difficult>0</difficult><occluded>0</occluded><pose>Unspecified</pose><truncated>0</truncated></object><object><name>Pedestrian</name><bndbox><xmax>176</xmax><xmin>99</xmin><ymax>332</ymax><ymin>224</ymin></bndbox><difficult>0</difficult><occluded>0</occluded><pose>Unspecified</pose><truncated>0</truncated></object><object><name>Pedestrian</name><bndbox><xmax>626</xmax><xmin>575</xmin><ymax>185</ymax><ymin>105</ymin></bndbox><difficult>0</difficult><occluded>0</occluded><pose>Unspecified</pose><truncated>0</truncated></object><segmented>0</segmented><size><depth>3</depth><height>720</height><width>405</width></size><source><annotation>DJI_0030_05</annotation><database>vatic</database><image>vatic</image></source><owner><flickrid>vatic</flickrid><name>vatic</name></owner></annotation>