<annotation><folder>output_0030_05.txt</folder><filename>001351.jpg</filename><object><name>Pedestrian</name><bndbox><xmax>253</xmax><xmin>217</xmin><ymax>140</ymax><ymin>72</ymin></bndbox><difficult>0</difficult><occluded>0</occluded><pose>Unspecified</pose><truncated>0</truncated></object><object><name>Pedestrian</name><bndbox><xmax>338</xmax><xmin>290</xmin><ymax>234</ymax><ymin>144</ymin></bndbox><difficult>0</difficult><occluded>0</occluded><pose>Unspecified</pose><truncated>0</truncated></object><object><name>Pedestrian</name><bndbox><xmax>311</xmax><xmin>246</xmin><ymax>358</ymax><ymin>244</ymin></bndbox><difficult>0</difficult><occluded>0</occluded><pose>Unspecified</pose><truncated>0</truncated></object><object><name>Pedestrian</name><bndbox><xmax>713</xmax><xmin>656</xmin><ymax>194</ymax><ymin>111</ymin></bndbox><difficult>0</difficult><occluded>0</occluded><pose>Unspecified</pose><truncated>0</truncated></object><segmented>0</segmented><size><depth>3</depth><height>720</height><width>405</width></size><source><annotation>DJI_0030_05</annotation><database>vatic</database><image>vatic</image></source><owner><flickrid>vatic</flickrid><name>vatic</name></owner></annotation>