<annotation><folder>output_0030_05.txt</folder><filename>001366.jpg</filename><object><name>Pedestrian</name><bndbox><xmax>221</xmax><xmin>182</xmin><ymax>137</ymax><ymin>69</ymin></bndbox><difficult>0</difficult><occluded>0</occluded><pose>Unspecified</pose><truncated>0</truncated></object><object><name>Pedestrian</name><bndbox><xmax>298</xmax><xmin>245</xmin><ymax>234</ymax><ymin>144</ymin></bndbox><difficult>0</difficult><occluded>0</occluded><pose>Unspecified</pose><truncated>0</truncated></object><object><name>Pedestrian</name><bndbox><xmax>243</xmax><xmin>172</xmin><ymax>345</ymax><ymin>234</ymin></bndbox><difficult>0</difficult><occluded>0</occluded><pose>Unspecified</pose><truncated>0</truncated></object><object><name>Pedestrian</name><bndbox><xmax>669</xmax><xmin>615</xmin><ymax>190</ymax><ymin>108</ymin></bndbox><difficult>0</difficult><occluded>0</occluded><pose>Unspecified</pose><truncated>0</truncated></object><segmented>0</segmented><size><depth>3</depth><height>720</height><width>405</width></size><source><annotation>DJI_0030_05</annotation><database>vatic</database><image>vatic</image></source><owner><flickrid>vatic</flickrid><name>vatic</name></owner></annotation>