<annotation><folder>output_0030_05.txt</folder><filename>001336.jpg</filename><object><name>Pedestrian</name><bndbox><xmax>286</xmax><xmin>251</xmin><ymax>141</ymax><ymin>73</ymin></bndbox><difficult>0</difficult><occluded>0</occluded><pose>Unspecified</pose><truncated>0</truncated></object><object><name>Pedestrian</name><bndbox><xmax>380</xmax><xmin>332</xmin><ymax>234</ymax><ymin>146</ymin></bndbox><difficult>0</difficult><occluded>0</occluded><pose>Unspecified</pose><truncated>0</truncated></object><object><name>Pedestrian</name><bndbox><xmax>395</xmax><xmin>324</xmin><ymax>371</ymax><ymin>259</ymin></bndbox><difficult>0</difficult><occluded>0</occluded><pose>Unspecified</pose><truncated>0</truncated></object><segmented>0</segmented><size><depth>3</depth><height>720</height><width>405</width></size><source><annotation>DJI_0030_05</annotation><database>vatic</database><image>vatic</image></source><owner><flickrid>vatic</flickrid><name>vatic</name></owner></annotation>