<annotation><folder>output_0030_05.txt</folder><filename>001471.jpg</filename><object><name>Pedestrian</name><bndbox><xmax>384</xmax><xmin>345</xmin><ymax>170</ymax><ymin>98</ymin></bndbox><difficult>0</difficult><occluded>0</occluded><pose>Unspecified</pose><truncated>0</truncated></object><object><name>Pedestrian</name><bndbox><xmax>568</xmax><xmin>525</xmin><ymax>142</ymax><ymin>79</ymin></bndbox><difficult>0</difficult><occluded>0</occluded><pose>Unspecified</pose><truncated>0</truncated></object><segmented>0</segmented><size><depth>3</depth><height>720</height><width>405</width></size><source><annotation>DJI_0030_05</annotation><database>vatic</database><image>vatic</image></source><owner><flickrid>vatic</flickrid><name>vatic</name></owner></annotation>