<annotation><folder>output_0030_05.txt</folder><filename>001486.jpg</filename><object><name>Pedestrian</name><bndbox><xmax>346</xmax><xmin>307</xmin><ymax>169</ymax><ymin>96</ymin></bndbox><difficult>0</difficult><occluded>0</occluded><pose>Unspecified</pose><truncated>0</truncated></object><object><name>Pedestrian</name><bndbox><xmax>535</xmax><xmin>495</xmin><ymax>140</ymax><ymin>76</ymin></bndbox><difficult>0</difficult><occluded>0</occluded><pose>Unspecified</pose><truncated>0</truncated></object><segmented>0</segmented><size><depth>3</depth><height>720</height><width>405</width></size><source><annotation>DJI_0030_05</annotation><database>vatic</database><image>vatic</image></source><owner><flickrid>vatic</flickrid><name>vatic</name></owner></annotation>