<annotation><folder>output_0030_05.txt</folder><filename>001426.jpg</filename><object><name>Pedestrian</name><bndbox><xmax>83</xmax><xmin>35</xmin><ymax>108</ymax><ymin>38</ymin></bndbox><difficult>0</difficult><occluded>0</occluded><pose>Unspecified</pose><truncated>0</truncated></object><object><name>Pedestrian</name><bndbox><xmax>135</xmax><xmin>70</xmin><ymax>227</ymax><ymin>140</ymin></bndbox><difficult>0</difficult><occluded>0</occluded><pose>Unspecified</pose><truncated>0</truncated></object><object><name>Pedestrian</name><bndbox><xmax>501</xmax><xmin>457</xmin><ymax>176</ymax><ymin>102</ymin></bndbox><difficult>0</difficult><occluded>0</occluded><pose>Unspecified</pose><truncated>0</truncated></object><object><name>Pedestrian</name><bndbox><xmax>665</xmax><xmin>619</xmin><ymax>152</ymax><ymin>87</ymin></bndbox><difficult>0</difficult><occluded>0</occluded><pose>Unspecified</pose><truncated>0</truncated></object><segmented>0</segmented><size><depth>3</depth><height>720</height><width>405</width></size><source><annotation>DJI_0030_05</annotation><database>vatic</database><image>vatic</image></source><owner><flickrid>vatic</flickrid><name>vatic</name></owner></annotation>