<annotation><folder>output_0030_05.txt</folder><filename>001636.jpg</filename><object><name>Pedestrian</name><bndbox><xmax>279</xmax><xmin>244</xmin><ymax>125</ymax><ymin>62</ymin></bndbox><difficult>0</difficult><occluded>0</occluded><pose>Unspecified</pose><truncated>0</truncated></object><object><name>Pedestrian</name><bndbox><xmax>695</xmax><xmin>638</xmin><ymax>210</ymax><ymin>125</ymin></bndbox><difficult>0</difficult><occluded>0</occluded><pose>Unspecified</pose><truncated>0</truncated></object><segmented>0</segmented><size><depth>3</depth><height>720</height><width>405</width></size><source><annotation>DJI_0030_05</annotation><database>vatic</database><image>vatic</image></source><owner><flickrid>vatic</flickrid><name>vatic</name></owner></annotation>