<annotation><folder>output_0030_05.txt</folder><filename>001756.jpg</filename><object><name>Pedestrian</name><bndbox><xmax>124</xmax><xmin>83</xmin><ymax>112</ymax><ymin>48</ymin></bndbox><difficult>0</difficult><occluded>0</occluded><pose>Unspecified</pose><truncated>0</truncated></object><object><name>Pedestrian</name><bndbox><xmax>404</xmax><xmin>351</xmin><ymax>213</ymax><ymin>129</ymin></bndbox><difficult>0</difficult><occluded>1</occluded><pose>Unspecified</pose><truncated>0</truncated></object><object><name>Pedestrian</name><bndbox><xmax>403</xmax><xmin>349</xmin><ymax>236</ymax><ymin>143</ymin></bndbox><difficult>0</difficult><occluded>0</occluded><pose>Unspecified</pose><truncated>0</truncated></object><object><name>Pedestrian</name><bndbox><xmax>510</xmax><xmin>439</xmin><ymax>301</ymax><ymin>202</ymin></bndbox><difficult>0</difficult><occluded>0</occluded><pose>Unspecified</pose><truncated>0</truncated></object><segmented>0</segmented><size><depth>3</depth><height>720</height><width>405</width></size><source><annotation>DJI_0030_05</annotation><database>vatic</database><image>vatic</image></source><owner><flickrid>vatic</flickrid><name>vatic</name></owner></annotation>