<annotation><folder>output_0030_05.txt</folder><filename>001891.jpg</filename><object><name>Pedestrian</name><bndbox><xmax>85</xmax><xmin>16</xmin><ymax>209</ymax><ymin>118</ymin></bndbox><difficult>0</difficult><occluded>1</occluded><pose>Unspecified</pose><truncated>0</truncated></object><object><name>Pedestrian</name><bndbox><xmax>67</xmax><xmin>2</xmin><ymax>224</ymax><ymin>129</ymin></bndbox><difficult>0</difficult><occluded>0</occluded><pose>Unspecified</pose><truncated>0</truncated></object><object><name>Pedestrian</name><bndbox><xmax>695</xmax><xmin>623</xmin><ymax>227</ymax><ymin>133</ymin></bndbox><difficult>0</difficult><occluded>0</occluded><pose>Unspecified</pose><truncated>0</truncated></object><segmented>0</segmented><size><depth>3</depth><height>720</height><width>405</width></size><source><annotation>DJI_0030_05</annotation><database>vatic</database><image>vatic</image></source><owner><flickrid>vatic</flickrid><name>vatic</name></owner></annotation>