<annotation><folder>output_0030_05.txt</folder><filename>001846.jpg</filename><object><name>Pedestrian</name><bndbox><xmax>169</xmax><xmin>116</xmin><ymax>212</ymax><ymin>128</ymin></bndbox><difficult>0</difficult><occluded>1</occluded><pose>Unspecified</pose><truncated>0</truncated></object><object><name>Pedestrian</name><bndbox><xmax>156</xmax><xmin>106</xmin><ymax>234</ymax><ymin>141</ymin></bndbox><difficult>0</difficult><occluded>0</occluded><pose>Unspecified</pose><truncated>0</truncated></object><object><name>Pedestrian</name><bndbox><xmax>197</xmax><xmin>126</xmin><ymax>314</ymax><ymin>211</ymin></bndbox><difficult>0</difficult><occluded>0</occluded><pose>Unspecified</pose><truncated>0</truncated></object><segmented>0</segmented><size><depth>3</depth><height>720</height><width>405</width></size><source><annotation>DJI_0030_05</annotation><database>vatic</database><image>vatic</image></source><owner><flickrid>vatic</flickrid><name>vatic</name></owner></annotation>