<annotation><folder>output_0030_05.txt</folder><filename>001861.jpg</filename><object><name>Pedestrian</name><bndbox><xmax>130</xmax><xmin>77</xmin><ymax>209</ymax><ymin>125</ymin></bndbox><difficult>0</difficult><occluded>1</occluded><pose>Unspecified</pose><truncated>0</truncated></object><object><name>Pedestrian</name><bndbox><xmax>126</xmax><xmin>61</xmin><ymax>235</ymax><ymin>143</ymin></bndbox><difficult>0</difficult><occluded>0</occluded><pose>Unspecified</pose><truncated>0</truncated></object><object><name>Pedestrian</name><bndbox><xmax>143</xmax><xmin>64</xmin><ymax>316</ymax><ymin>214</ymin></bndbox><difficult>0</difficult><occluded>0</occluded><pose>Unspecified</pose><truncated>0</truncated></object><segmented>0</segmented><size><depth>3</depth><height>720</height><width>405</width></size><source><annotation>DJI_0030_05</annotation><database>vatic</database><image>vatic</image></source><owner><flickrid>vatic</flickrid><name>vatic</name></owner></annotation>