<annotation><folder>output_0030_05.txt</folder><filename>001981.jpg</filename><object><name>Pedestrian</name><bndbox><xmax>384</xmax><xmin>319</xmin><ymax>225</ymax><ymin>133</ymin></bndbox><difficult>0</difficult><occluded>0</occluded><pose>Unspecified</pose><truncated>0</truncated></object><object><name>Pedestrian</name><bndbox><xmax>689</xmax><xmin>650</xmin><ymax>157</ymax><ymin>91</ymin></bndbox><difficult>0</difficult><occluded>0</occluded><pose>Unspecified</pose><truncated>0</truncated></object><segmented>0</segmented><size><depth>3</depth><height>720</height><width>405</width></size><source><annotation>DJI_0030_05</annotation><database>vatic</database><image>vatic</image></source><owner><flickrid>vatic</flickrid><name>vatic</name></owner></annotation>