<annotation><folder>output_0030_05.txt</folder><filename>001906.jpg</filename><object><name>Pedestrian</name><bndbox><xmax>50</xmax><xmin>1</xmin><ymax>193</ymax><ymin>102</ymin></bndbox><difficult>0</difficult><occluded>1</occluded><pose>Unspecified</pose><truncated>0</truncated></object><object><name>Pedestrian</name><bndbox><xmax>50</xmax><xmin>0</xmin><ymax>217</ymax><ymin>123</ymin></bndbox><difficult>0</difficult><occluded>1</occluded><pose>Unspecified</pose><truncated>0</truncated></object><object><name>Pedestrian</name><bndbox><xmax>646</xmax><xmin>589</xmin><ymax>228</ymax><ymin>135</ymin></bndbox><difficult>0</difficult><occluded>0</occluded><pose>Unspecified</pose><truncated>0</truncated></object><segmented>0</segmented><size><depth>3</depth><height>720</height><width>405</width></size><source><annotation>DJI_0030_05</annotation><database>vatic</database><image>vatic</image></source><owner><flickrid>vatic</flickrid><name>vatic</name></owner></annotation>