<annotation><folder>output_0030_05.txt</folder><filename>002011.jpg</filename><object><name>Pedestrian</name><bndbox><xmax>284</xmax><xmin>217</xmin><ymax>220</ymax><ymin>129</ymin></bndbox><difficult>0</difficult><occluded>0</occluded><pose>Unspecified</pose><truncated>0</truncated></object><object><name>Pedestrian</name><bndbox><xmax>635</xmax><xmin>593</xmin><ymax>159</ymax><ymin>93</ymin></bndbox><difficult>0</difficult><occluded>0</occluded><pose>Unspecified</pose><truncated>0</truncated></object><segmented>0</segmented><size><depth>3</depth><height>720</height><width>405</width></size><source><annotation>DJI_0030_05</annotation><database>vatic</database><image>vatic</image></source><owner><flickrid>vatic</flickrid><name>vatic</name></owner></annotation>