<annotation><folder>output_0030_05.txt</folder><filename>002086.jpg</filename><object><name>Pedestrian</name><bndbox><xmax>67</xmax><xmin>3</xmin><ymax>191</ymax><ymin>93</ymin></bndbox><difficult>0</difficult><occluded>0</occluded><pose>Unspecified</pose><truncated>0</truncated></object><object><name>Pedestrian</name><bndbox><xmax>485</xmax><xmin>448</xmin><ymax>170</ymax><ymin>99</ymin></bndbox><difficult>0</difficult><occluded>0</occluded><pose>Unspecified</pose><truncated>0</truncated></object><object><name>Pedestrian</name><bndbox><xmax>680</xmax><xmin>623</xmin><ymax>228</ymax><ymin>132</ymin></bndbox><difficult>0</difficult><occluded>0</occluded><pose>Unspecified</pose><truncated>0</truncated></object><segmented>0</segmented><size><depth>3</depth><height>720</height><width>405</width></size><source><annotation>DJI_0030_05</annotation><database>vatic</database><image>vatic</image></source><owner><flickrid>vatic</flickrid><name>vatic</name></owner></annotation>