<annotation><folder>output_0030_05.txt</folder><filename>002041.jpg</filename><object><name>Pedestrian</name><bndbox><xmax>181</xmax><xmin>115</xmin><ymax>214</ymax><ymin>120</ymin></bndbox><difficult>0</difficult><occluded>0</occluded><pose>Unspecified</pose><truncated>0</truncated></object><object><name>Pedestrian</name><bndbox><xmax>578</xmax><xmin>536</xmin><ymax>162</ymax><ymin>96</ymin></bndbox><difficult>0</difficult><occluded>0</occluded><pose>Unspecified</pose><truncated>0</truncated></object><segmented>0</segmented><size><depth>3</depth><height>720</height><width>405</width></size><source><annotation>DJI_0030_05</annotation><database>vatic</database><image>vatic</image></source><owner><flickrid>vatic</flickrid><name>vatic</name></owner></annotation>