<annotation><folder>output_0030_05.txt</folder><filename>002071.jpg</filename><object><name>Pedestrian</name><bndbox><xmax>96</xmax><xmin>32</xmin><ymax>198</ymax><ymin>105</ymin></bndbox><difficult>0</difficult><occluded>0</occluded><pose>Unspecified</pose><truncated>0</truncated></object><object><name>Pedestrian</name><bndbox><xmax>518</xmax><xmin>479</xmin><ymax>166</ymax><ymin>99</ymin></bndbox><difficult>0</difficult><occluded>0</occluded><pose>Unspecified</pose><truncated>0</truncated></object><segmented>0</segmented><size><depth>3</depth><height>720</height><width>405</width></size><source><annotation>DJI_0030_05</annotation><database>vatic</database><image>vatic</image></source><owner><flickrid>vatic</flickrid><name>vatic</name></owner></annotation>