<annotation><folder>output_0030_05.txt</folder><filename>002116.jpg</filename><object><name>Pedestrian</name><bndbox><xmax>424</xmax><xmin>387</xmin><ymax>172</ymax><ymin>100</ymin></bndbox><difficult>0</difficult><occluded>0</occluded><pose>Unspecified</pose><truncated>0</truncated></object><object><name>Pedestrian</name><bndbox><xmax>574</xmax><xmin>517</xmin><ymax>231</ymax><ymin>135</ymin></bndbox><difficult>0</difficult><occluded>0</occluded><pose>Unspecified</pose><truncated>0</truncated></object><segmented>0</segmented><size><depth>3</depth><height>720</height><width>405</width></size><source><annotation>DJI_0030_05</annotation><database>vatic</database><image>vatic</image></source><owner><flickrid>vatic</flickrid><name>vatic</name></owner></annotation>