<annotation><folder>output_0030_05.txt</folder><filename>002161.jpg</filename><object><name>Pedestrian</name><bndbox><xmax>330</xmax><xmin>293</xmin><ymax>173</ymax><ymin>101</ymin></bndbox><difficult>0</difficult><occluded>0</occluded><pose>Unspecified</pose><truncated>0</truncated></object><object><name>Pedestrian</name><bndbox><xmax>421</xmax><xmin>365</xmin><ymax>239</ymax><ymin>141</ymin></bndbox><difficult>0</difficult><occluded>0</occluded><pose>Unspecified</pose><truncated>0</truncated></object><segmented>0</segmented><size><depth>3</depth><height>720</height><width>405</width></size><source><annotation>DJI_0030_05</annotation><database>vatic</database><image>vatic</image></source><owner><flickrid>vatic</flickrid><name>vatic</name></owner></annotation>