<annotation><folder>output_0030_05.txt</folder><filename>002101.jpg</filename><object><name>Pedestrian</name><bndbox><xmax>455</xmax><xmin>418</xmin><ymax>171</ymax><ymin>99</ymin></bndbox><difficult>0</difficult><occluded>0</occluded><pose>Unspecified</pose><truncated>0</truncated></object><object><name>Pedestrian</name><bndbox><xmax>626</xmax><xmin>569</xmin><ymax>229</ymax><ymin>133</ymin></bndbox><difficult>0</difficult><occluded>0</occluded><pose>Unspecified</pose><truncated>0</truncated></object><segmented>0</segmented><size><depth>3</depth><height>720</height><width>405</width></size><source><annotation>DJI_0030_05</annotation><database>vatic</database><image>vatic</image></source><owner><flickrid>vatic</flickrid><name>vatic</name></owner></annotation>