<annotation><folder>output_0030_05.txt</folder><filename>002221.jpg</filename><object><name>Pedestrian</name><bndbox><xmax>201</xmax><xmin>159</xmin><ymax>171</ymax><ymin>99</ymin></bndbox><difficult>0</difficult><occluded>1</occluded><pose>Unspecified</pose><truncated>0</truncated></object><object><name>Pedestrian</name><bndbox><xmax>212</xmax><xmin>152</xmin><ymax>247</ymax><ymin>152</ymin></bndbox><difficult>0</difficult><occluded>0</occluded><pose>Unspecified</pose><truncated>0</truncated></object><segmented>0</segmented><size><depth>3</depth><height>720</height><width>405</width></size><source><annotation>DJI_0030_05</annotation><database>vatic</database><image>vatic</image></source><owner><flickrid>vatic</flickrid><name>vatic</name></owner></annotation>