<annotation><folder>output_0030_05.txt</folder><filename>002251.jpg</filename><object><name>Pedestrian</name><bndbox><xmax>135</xmax><xmin>86</xmin><ymax>165</ymax><ymin>94</ymin></bndbox><difficult>0</difficult><occluded>1</occluded><pose>Unspecified</pose><truncated>0</truncated></object><object><name>Pedestrian</name><bndbox><xmax>102</xmax><xmin>36</xmin><ymax>247</ymax><ymin>153</ymin></bndbox><difficult>0</difficult><occluded>0</occluded><pose>Unspecified</pose><truncated>0</truncated></object><segmented>0</segmented><size><depth>3</depth><height>720</height><width>405</width></size><source><annotation>DJI_0030_05</annotation><database>vatic</database><image>vatic</image></source><owner><flickrid>vatic</flickrid><name>vatic</name></owner></annotation>