<annotation><folder>output_0030_05.txt</folder><filename>002236.jpg</filename><object><name>Pedestrian</name><bndbox><xmax>167</xmax><xmin>121</xmin><ymax>168</ymax><ymin>97</ymin></bndbox><difficult>0</difficult><occluded>1</occluded><pose>Unspecified</pose><truncated>0</truncated></object><object><name>Pedestrian</name><bndbox><xmax>155</xmax><xmin>93</xmin><ymax>247</ymax><ymin>153</ymin></bndbox><difficult>0</difficult><occluded>0</occluded><pose>Unspecified</pose><truncated>0</truncated></object><segmented>0</segmented><size><depth>3</depth><height>720</height><width>405</width></size><source><annotation>DJI_0030_05</annotation><database>vatic</database><image>vatic</image></source><owner><flickrid>vatic</flickrid><name>vatic</name></owner></annotation>