<annotation><folder>output_0030_05.txt</folder><filename>002206.jpg</filename><object><name>Pedestrian</name><bndbox><xmax>234</xmax><xmin>196</xmin><ymax>174</ymax><ymin>102</ymin></bndbox><difficult>0</difficult><occluded>1</occluded><pose>Unspecified</pose><truncated>0</truncated></object><object><name>Pedestrian</name><bndbox><xmax>268</xmax><xmin>210</xmin><ymax>247</ymax><ymin>151</ymin></bndbox><difficult>0</difficult><occluded>0</occluded><pose>Unspecified</pose><truncated>0</truncated></object><segmented>0</segmented><size><depth>3</depth><height>720</height><width>405</width></size><source><annotation>DJI_0030_05</annotation><database>vatic</database><image>vatic</image></source><owner><flickrid>vatic</flickrid><name>vatic</name></owner></annotation>