<annotation><folder>output_0030_05.txt</folder><filename>002371.jpg</filename><object><name>Pedestrian</name><bndbox><xmax>659</xmax><xmin>605</xmin><ymax>200</ymax><ymin>115</ymin></bndbox><difficult>0</difficult><occluded>0</occluded><pose>Unspecified</pose><truncated>0</truncated></object><object><name>Pedestrian</name><bndbox><xmax>701</xmax><xmin>651</xmin><ymax>225</ymax><ymin>137</ymin></bndbox><difficult>0</difficult><occluded>0</occluded><pose>Unspecified</pose><truncated>0</truncated></object><segmented>0</segmented><size><depth>3</depth><height>720</height><width>405</width></size><source><annotation>DJI_0030_05</annotation><database>vatic</database><image>vatic</image></source><owner><flickrid>vatic</flickrid><name>vatic</name></owner></annotation>