<annotation><folder>output_0030_05.txt</folder><filename>002431.jpg</filename><object><name>Pedestrian</name><bndbox><xmax>512</xmax><xmin>460</xmin><ymax>197</ymax><ymin>114</ymin></bndbox><difficult>0</difficult><occluded>0</occluded><pose>Unspecified</pose><truncated>0</truncated></object><object><name>Pedestrian</name><bndbox><xmax>557</xmax><xmin>511</xmin><ymax>223</ymax><ymin>138</ymin></bndbox><difficult>0</difficult><occluded>1</occluded><pose>Unspecified</pose><truncated>0</truncated></object><object><name>Pedestrian</name><bndbox><xmax>579</xmax><xmin>523</xmin><ymax>258</ymax><ymin>168</ymin></bndbox><difficult>0</difficult><occluded>0</occluded><pose>Unspecified</pose><truncated>0</truncated></object><segmented>0</segmented><size><depth>3</depth><height>720</height><width>405</width></size><source><annotation>DJI_0030_05</annotation><database>vatic</database><image>vatic</image></source><owner><flickrid>vatic</flickrid><name>vatic</name></owner></annotation>