<annotation><folder>output_0030_05.txt</folder><filename>002491.jpg</filename><object><name>Pedestrian</name><bndbox><xmax>366</xmax><xmin>319</xmin><ymax>192</ymax><ymin>113</ymin></bndbox><difficult>0</difficult><occluded>0</occluded><pose>Unspecified</pose><truncated>0</truncated></object><object><name>Pedestrian</name><bndbox><xmax>408</xmax><xmin>367</xmin><ymax>219</ymax><ymin>130</ymin></bndbox><difficult>0</difficult><occluded>1</occluded><pose>Unspecified</pose><truncated>0</truncated></object><object><name>Pedestrian</name><bndbox><xmax>419</xmax><xmin>364</xmin><ymax>257</ymax><ymin>171</ymin></bndbox><difficult>0</difficult><occluded>0</occluded><pose>Unspecified</pose><truncated>0</truncated></object><segmented>0</segmented><size><depth>3</depth><height>720</height><width>405</width></size><source><annotation>DJI_0030_05</annotation><database>vatic</database><image>vatic</image></source><owner><flickrid>vatic</flickrid><name>vatic</name></owner></annotation>