<annotation><folder>output_0030_05.txt</folder><filename>002416.jpg</filename><object><name>Pedestrian</name><bndbox><xmax>548</xmax><xmin>495</xmin><ymax>198</ymax><ymin>114</ymin></bndbox><difficult>0</difficult><occluded>0</occluded><pose>Unspecified</pose><truncated>0</truncated></object><object><name>Pedestrian</name><bndbox><xmax>594</xmax><xmin>546</xmin><ymax>223</ymax><ymin>140</ymin></bndbox><difficult>0</difficult><occluded>1</occluded><pose>Unspecified</pose><truncated>0</truncated></object><object><name>Pedestrian</name><bndbox><xmax>619</xmax><xmin>563</xmin><ymax>258</ymax><ymin>167</ymin></bndbox><difficult>0</difficult><occluded>0</occluded><pose>Unspecified</pose><truncated>0</truncated></object><segmented>0</segmented><size><depth>3</depth><height>720</height><width>405</width></size><source><annotation>DJI_0030_05</annotation><database>vatic</database><image>vatic</image></source><owner><flickrid>vatic</flickrid><name>vatic</name></owner></annotation>