<annotation><folder>output_0030_05.txt</folder><filename>002401.jpg</filename><object><name>Pedestrian</name><bndbox><xmax>584</xmax><xmin>530</xmin><ymax>199</ymax><ymin>114</ymin></bndbox><difficult>0</difficult><occluded>0</occluded><pose>Unspecified</pose><truncated>0</truncated></object><object><name>Pedestrian</name><bndbox><xmax>631</xmax><xmin>582</xmin><ymax>224</ymax><ymin>142</ymin></bndbox><difficult>0</difficult><occluded>1</occluded><pose>Unspecified</pose><truncated>0</truncated></object><object><name>Pedestrian</name><bndbox><xmax>659</xmax><xmin>603</xmin><ymax>258</ymax><ymin>166</ymin></bndbox><difficult>0</difficult><occluded>0</occluded><pose>Unspecified</pose><truncated>0</truncated></object><segmented>0</segmented><size><depth>3</depth><height>720</height><width>405</width></size><source><annotation>DJI_0030_05</annotation><database>vatic</database><image>vatic</image></source><owner><flickrid>vatic</flickrid><name>vatic</name></owner></annotation>