<annotation><folder>output_0030_05.txt</folder><filename>002461.jpg</filename><object><name>Pedestrian</name><bndbox><xmax>439</xmax><xmin>389</xmin><ymax>194</ymax><ymin>113</ymin></bndbox><difficult>0</difficult><occluded>0</occluded><pose>Unspecified</pose><truncated>0</truncated></object><object><name>Pedestrian</name><bndbox><xmax>482</xmax><xmin>439</xmin><ymax>221</ymax><ymin>134</ymin></bndbox><difficult>0</difficult><occluded>1</occluded><pose>Unspecified</pose><truncated>0</truncated></object><object><name>Pedestrian</name><bndbox><xmax>499</xmax><xmin>444</xmin><ymax>257</ymax><ymin>169</ymin></bndbox><difficult>0</difficult><occluded>0</occluded><pose>Unspecified</pose><truncated>0</truncated></object><segmented>0</segmented><size><depth>3</depth><height>720</height><width>405</width></size><source><annotation>DJI_0030_05</annotation><database>vatic</database><image>vatic</image></source><owner><flickrid>vatic</flickrid><name>vatic</name></owner></annotation>