<annotation><folder>output_0030_05.txt</folder><filename>002581.jpg</filename><object><name>Pedestrian</name><bndbox><xmax>164</xmax><xmin>115</xmin><ymax>191</ymax><ymin>107</ymin></bndbox><difficult>0</difficult><occluded>1</occluded><pose>Unspecified</pose><truncated>0</truncated></object><object><name>Pedestrian</name><bndbox><xmax>188</xmax><xmin>135</xmin><ymax>212</ymax><ymin>124</ymin></bndbox><difficult>0</difficult><occluded>1</occluded><pose>Unspecified</pose><truncated>0</truncated></object><object><name>Pedestrian</name><bndbox><xmax>181</xmax><xmin>124</xmin><ymax>263</ymax><ymin>170</ymin></bndbox><difficult>0</difficult><occluded>0</occluded><pose>Unspecified</pose><truncated>0</truncated></object><segmented>0</segmented><size><depth>3</depth><height>720</height><width>405</width></size><source><annotation>DJI_0030_05</annotation><database>vatic</database><image>vatic</image></source><owner><flickrid>vatic</flickrid><name>vatic</name></owner></annotation>