<annotation><folder>output_0030_05.txt</folder><filename>002596.jpg</filename><object><name>Pedestrian</name><bndbox><xmax>142</xmax><xmin>87</xmin><ymax>185</ymax><ymin>101</ymin></bndbox><difficult>0</difficult><occluded>1</occluded><pose>Unspecified</pose><truncated>0</truncated></object><object><name>Pedestrian</name><bndbox><xmax>153</xmax><xmin>98</xmin><ymax>208</ymax><ymin>120</ymin></bndbox><difficult>0</difficult><occluded>1</occluded><pose>Unspecified</pose><truncated>0</truncated></object><object><name>Pedestrian</name><bndbox><xmax>139</xmax><xmin>80</xmin><ymax>255</ymax><ymin>163</ymin></bndbox><difficult>0</difficult><occluded>0</occluded><pose>Unspecified</pose><truncated>0</truncated></object><segmented>0</segmented><size><depth>3</depth><height>720</height><width>405</width></size><source><annotation>DJI_0030_05</annotation><database>vatic</database><image>vatic</image></source><owner><flickrid>vatic</flickrid><name>vatic</name></owner></annotation>