<annotation><folder>output_0030_05.txt</folder><filename>002506.jpg</filename><object><name>Pedestrian</name><bndbox><xmax>330</xmax><xmin>284</xmin><ymax>195</ymax><ymin>112</ymin></bndbox><difficult>0</difficult><occluded>0</occluded><pose>Unspecified</pose><truncated>0</truncated></object><object><name>Pedestrian</name><bndbox><xmax>371</xmax><xmin>331</xmin><ymax>218</ymax><ymin>128</ymin></bndbox><difficult>0</difficult><occluded>1</occluded><pose>Unspecified</pose><truncated>0</truncated></object><object><name>Pedestrian</name><bndbox><xmax>384</xmax><xmin>328</xmin><ymax>259</ymax><ymin>173</ymin></bndbox><difficult>0</difficult><occluded>0</occluded><pose>Unspecified</pose><truncated>0</truncated></object><segmented>0</segmented><size><depth>3</depth><height>720</height><width>405</width></size><source><annotation>DJI_0030_05</annotation><database>vatic</database><image>vatic</image></source><owner><flickrid>vatic</flickrid><name>vatic</name></owner></annotation>