<annotation><folder>output_0030_05.txt</folder><filename>002536.jpg</filename><object><name>Pedestrian</name><bndbox><xmax>259</xmax><xmin>214</xmin><ymax>199</ymax><ymin>112</ymin></bndbox><difficult>0</difficult><occluded>0</occluded><pose>Unspecified</pose><truncated>0</truncated></object><object><name>Pedestrian</name><bndbox><xmax>297</xmax><xmin>255</xmin><ymax>217</ymax><ymin>127</ymin></bndbox><difficult>0</difficult><occluded>1</occluded><pose>Unspecified</pose><truncated>0</truncated></object><object><name>Pedestrian</name><bndbox><xmax>307</xmax><xmin>251</xmin><ymax>265</ymax><ymin>175</ymin></bndbox><difficult>0</difficult><occluded>0</occluded><pose>Unspecified</pose><truncated>0</truncated></object><segmented>0</segmented><size><depth>3</depth><height>720</height><width>405</width></size><source><annotation>DJI_0030_05</annotation><database>vatic</database><image>vatic</image></source><owner><flickrid>vatic</flickrid><name>vatic</name></owner></annotation>