<annotation><folder>output_0030_05.txt</folder><filename>002566.jpg</filename><object><name>Pedestrian</name><bndbox><xmax>189</xmax><xmin>144</xmin><ymax>196</ymax><ymin>112</ymin></bndbox><difficult>0</difficult><occluded>0</occluded><pose>Unspecified</pose><truncated>0</truncated></object><object><name>Pedestrian</name><bndbox><xmax>224</xmax><xmin>173</xmin><ymax>216</ymax><ymin>127</ymin></bndbox><difficult>0</difficult><occluded>1</occluded><pose>Unspecified</pose><truncated>0</truncated></object><object><name>Pedestrian</name><bndbox><xmax>223</xmax><xmin>167</xmin><ymax>269</ymax><ymin>176</ymin></bndbox><difficult>0</difficult><occluded>0</occluded><pose>Unspecified</pose><truncated>0</truncated></object><segmented>0</segmented><size><depth>3</depth><height>720</height><width>405</width></size><source><annotation>DJI_0030_05</annotation><database>vatic</database><image>vatic</image></source><owner><flickrid>vatic</flickrid><name>vatic</name></owner></annotation>