<annotation><folder>output_0030_05.txt</folder><filename>002641.jpg</filename><object><name>Pedestrian</name><bndbox><xmax>72</xmax><xmin>10</xmin><ymax>168</ymax><ymin>79</ymin></bndbox><difficult>0</difficult><occluded>1</occluded><pose>Unspecified</pose><truncated>0</truncated></object><object><name>Pedestrian</name><bndbox><xmax>61</xmax><xmin>6</xmin><ymax>194</ymax><ymin>106</ymin></bndbox><difficult>0</difficult><occluded>1</occluded><pose>Unspecified</pose><truncated>0</truncated></object><segmented>0</segmented><size><depth>3</depth><height>720</height><width>405</width></size><source><annotation>DJI_0030_05</annotation><database>vatic</database><image>vatic</image></source><owner><flickrid>vatic</flickrid><name>vatic</name></owner></annotation>