<annotation><folder>output_0030_05.txt</folder><filename>002656.jpg</filename><object><name>Pedestrian</name><bndbox><xmax>55</xmax><xmin>0</xmin><ymax>164</ymax><ymin>73</ymin></bndbox><difficult>0</difficult><occluded>1</occluded><pose>Unspecified</pose><truncated>0</truncated></object><object><name>Pedestrian</name><bndbox><xmax>47</xmax><xmin>0</xmin><ymax>187</ymax><ymin>96</ymin></bndbox><difficult>0</difficult><occluded>1</occluded><pose>Unspecified</pose><truncated>0</truncated></object><segmented>0</segmented><size><depth>3</depth><height>720</height><width>405</width></size><source><annotation>DJI_0030_05</annotation><database>vatic</database><image>vatic</image></source><owner><flickrid>vatic</flickrid><name>vatic</name></owner></annotation>