<annotation><folder>output_0030_05.txt</folder><filename>002611.jpg</filename><object><name>Pedestrian</name><bndbox><xmax>120</xmax><xmin>60</xmin><ymax>179</ymax><ymin>96</ymin></bndbox><difficult>0</difficult><occluded>1</occluded><pose>Unspecified</pose><truncated>0</truncated></object><object><name>Pedestrian</name><bndbox><xmax>117</xmax><xmin>61</xmin><ymax>204</ymax><ymin>116</ymin></bndbox><difficult>0</difficult><occluded>1</occluded><pose>Unspecified</pose><truncated>0</truncated></object><object><name>Pedestrian</name><bndbox><xmax>97</xmax><xmin>37</xmin><ymax>247</ymax><ymin>155</ymin></bndbox><difficult>0</difficult><occluded>0</occluded><pose>Unspecified</pose><truncated>0</truncated></object><segmented>0</segmented><size><depth>3</depth><height>720</height><width>405</width></size><source><annotation>DJI_0030_05</annotation><database>vatic</database><image>vatic</image></source><owner><flickrid>vatic</flickrid><name>vatic</name></owner></annotation>