<annotation><folder>output_0030_02.txt</folder><filename>000451.jpg</filename><object><name>not-a-real-object</name><bndbox><xmax>10</xmax><xmin>20</xmin><ymax>30</ymax><ymin>40</ymin></bndbox><difficult>1</difficult><occluded>1</occluded><pose>Unspecified</pose><truncated>0</truncated></object><segmented>0</segmented><size><depth>3</depth><height>720</height><width>405</width></size><source><annotation>DJI_0030_02</annotation><database>vatic</database><image>vatic</image></source><owner><flickrid>vatic</flickrid><name>vatic</name></owner></annotation>