<annotation><folder>DJI_0012_slice_02</folder><filename>000226.jpg</filename><object><name>Pedestrain</name><bndbox><xmax>199</xmax><xmin>159</xmin><ymax>58</ymax><ymin>0</ymin></bndbox><difficult>0</difficult><occluded>1</occluded><pose>Unspecified</pose><truncated>0</truncated></object><object><name>Pedestrain</name><bndbox><xmax>647</xmax><xmin>557</xmin><ymax>385</ymax><ymin>295</ymin></bndbox><difficult>0</difficult><occluded>0</occluded><pose>Unspecified</pose><truncated>0</truncated></object><segmented>0</segmented><size><depth>3</depth><height>720</height><width>405</width></size><source><annotation>DJI02</annotation><database>vatic</database><image>vatic</image></source><owner><flickrid>vatic</flickrid><name>vatic</name></owner></annotation>