<annotation><folder>DJI_0012_slice_02</folder><filename>000256.jpg</filename><object><name>Pedestrain</name><bndbox><xmax>199</xmax><xmin>159</xmin><ymax>58</ymax><ymin>0</ymin></bndbox><difficult>0</difficult><occluded>1</occluded><pose>Unspecified</pose><truncated>0</truncated></object><object><name>Pedestrain</name><bndbox><xmax>527</xmax><xmin>461</xmin><ymax>321</ymax><ymin>225</ymin></bndbox><difficult>0</difficult><occluded>0</occluded><pose>Unspecified</pose><truncated>0</truncated></object><object><name>Pedestrain</name><bndbox><xmax>171</xmax><xmin>87</xmin><ymax>285</ymax><ymin>189</ymin></bndbox><difficult>0</difficult><occluded>0</occluded><pose>Unspecified</pose><truncated>0</truncated></object><object><name>Pedestrain</name><bndbox><xmax>682</xmax><xmin>585</xmin><ymax>389</ymax><ymin>287</ymin></bndbox><difficult>0</difficult><occluded>0</occluded><pose>Unspecified</pose><truncated>0</truncated></object><segmented>0</segmented><size><depth>3</depth><height>720</height><width>405</width></size><source><annotation>DJI02</annotation><database>vatic</database><image>vatic</image></source><owner><flickrid>vatic</flickrid><name>vatic</name></owner></annotation>