<annotation><folder>DJI_0012_slice_02</folder><filename>000391.jpg</filename><object><name>Pedestrain</name><bndbox><xmax>188</xmax><xmin>146</xmin><ymax>61</ymax><ymin>0</ymin></bndbox><difficult>0</difficult><occluded>1</occluded><pose>Unspecified</pose><truncated>0</truncated></object><object><name>Pedestrain</name><bndbox><xmax>386</xmax><xmin>349</xmin><ymax>82</ymax><ymin>4</ymin></bndbox><difficult>0</difficult><occluded>0</occluded><pose>Unspecified</pose><truncated>0</truncated></object><object><name>Pedestrain</name><bndbox><xmax>455</xmax><xmin>414</xmin><ymax>129</ymax><ymin>40</ymin></bndbox><difficult>0</difficult><occluded>0</occluded><pose>Unspecified</pose><truncated>0</truncated></object><object><name>Pedestrain</name><bndbox><xmax>637</xmax><xmin>538</xmin><ymax>377</ymax><ymin>283</ymin></bndbox><difficult>0</difficult><occluded>0</occluded><pose>Unspecified</pose><truncated>0</truncated></object><segmented>0</segmented><size><depth>3</depth><height>720</height><width>405</width></size><source><annotation>DJI02</annotation><database>vatic</database><image>vatic</image></source><owner><flickrid>vatic</flickrid><name>vatic</name></owner></annotation>