<annotation><folder>DJI_0012_slice_02</folder><filename>000451.jpg</filename><object><name>Pedestrain</name><bndbox><xmax>354</xmax><xmin>300</xmin><ymax>351</ymax><ymin>235</ymin></bndbox><difficult>0</difficult><occluded>0</occluded><pose>Unspecified</pose><truncated>0</truncated></object><object><name>Pedestrain</name><bndbox><xmax>429</xmax><xmin>376</xmin><ymax>256</ymax><ymin>164</ymin></bndbox><difficult>0</difficult><occluded>0</occluded><pose>Unspecified</pose><truncated>0</truncated></object><object><name>Pedestrain</name><bndbox><xmax>643</xmax><xmin>553</xmin><ymax>361</ymax><ymin>257</ymin></bndbox><difficult>0</difficult><occluded>0</occluded><pose>Unspecified</pose><truncated>0</truncated></object><segmented>0</segmented><size><depth>3</depth><height>720</height><width>405</width></size><source><annotation>DJI02</annotation><database>vatic</database><image>vatic</image></source><owner><flickrid>vatic</flickrid><name>vatic</name></owner></annotation>