<annotation><folder>DJI_0012_slice_02</folder><filename>000421.jpg</filename><object><name>Pedestrain</name><bndbox><xmax>186</xmax><xmin>145</xmin><ymax>50</ymax><ymin>0</ymin></bndbox><difficult>0</difficult><occluded>1</occluded><pose>Unspecified</pose><truncated>0</truncated></object><object><name>Pedestrain</name><bndbox><xmax>434</xmax><xmin>393</xmin><ymax>97</ymax><ymin>8</ymin></bndbox><difficult>0</difficult><occluded>0</occluded><pose>Unspecified</pose><truncated>0</truncated></object><object><name>Pedestrain</name><bndbox><xmax>520</xmax><xmin>440</xmin><ymax>323</ymax><ymin>229</ymin></bndbox><difficult>0</difficult><occluded>0</occluded><pose>Unspecified</pose><truncated>0</truncated></object><segmented>0</segmented><size><depth>3</depth><height>720</height><width>405</width></size><source><annotation>DJI02</annotation><database>vatic</database><image>vatic</image></source><owner><flickrid>vatic</flickrid><name>vatic</name></owner></annotation>