<annotation><folder>DJI_0012_slice_02</folder><filename>000436.jpg</filename><object><name>Pedestrain</name><bndbox><xmax>348</xmax><xmin>296</xmin><ymax>403</ymax><ymin>299</ymin></bndbox><difficult>0</difficult><occluded>1</occluded><pose>Unspecified</pose><truncated>0</truncated></object><object><name>Pedestrain</name><bndbox><xmax>471</xmax><xmin>407</xmin><ymax>289</ymax><ymin>196</ymin></bndbox><difficult>0</difficult><occluded>0</occluded><pose>Unspecified</pose><truncated>0</truncated></object><object><name>Pedestrain</name><bndbox><xmax>705</xmax><xmin>605</xmin><ymax>389</ymax><ymin>284</ymin></bndbox><difficult>0</difficult><occluded>0</occluded><pose>Unspecified</pose><truncated>0</truncated></object><segmented>0</segmented><size><depth>3</depth><height>720</height><width>405</width></size><source><annotation>DJI02</annotation><database>vatic</database><image>vatic</image></source><owner><flickrid>vatic</flickrid><name>vatic</name></owner></annotation>