<annotation><folder>DJI_0012_slice_02</folder><filename>000511.jpg</filename><object><name>Pedestrain</name><bndbox><xmax>342</xmax><xmin>294</xmin><ymax>168</ymax><ymin>73</ymin></bndbox><difficult>0</difficult><occluded>0</occluded><pose>Unspecified</pose><truncated>0</truncated></object><object><name>Pedestrain</name><bndbox><xmax>432</xmax><xmin>372</xmin><ymax>232</ymax><ymin>126</ymin></bndbox><difficult>0</difficult><occluded>0</occluded><pose>Unspecified</pose><truncated>0</truncated></object><object><name>Pedestrain</name><bndbox><xmax>530</xmax><xmin>463</xmin><ymax>291</ymax><ymin>178</ymin></bndbox><difficult>0</difficult><occluded>0</occluded><pose>Unspecified</pose><truncated>0</truncated></object><segmented>0</segmented><size><depth>3</depth><height>720</height><width>405</width></size><source><annotation>DJI02</annotation><database>vatic</database><image>vatic</image></source><owner><flickrid>vatic</flickrid><name>vatic</name></owner></annotation>