<annotation><folder>DJI_0012_slice_02</folder><filename>000541.jpg</filename><object><name>Pedestrain</name><bndbox><xmax>339</xmax><xmin>306</xmin><ymax>126</ymax><ymin>33</ymin></bndbox><difficult>0</difficult><occluded>0</occluded><pose>Unspecified</pose><truncated>0</truncated></object><object><name>Pedestrain</name><bndbox><xmax>399</xmax><xmin>345</xmin><ymax>180</ymax><ymin>77</ymin></bndbox><difficult>0</difficult><occluded>0</occluded><pose>Unspecified</pose><truncated>0</truncated></object><object><name>Pedestrain</name><bndbox><xmax>626</xmax><xmin>538</xmin><ymax>330</ymax><ymin>223</ymin></bndbox><difficult>0</difficult><occluded>0</occluded><pose>Unspecified</pose><truncated>0</truncated></object><object><name>Pedestrain</name><bndbox><xmax>476</xmax><xmin>421</xmin><ymax>207</ymax><ymin>94</ymin></bndbox><difficult>0</difficult><occluded>0</occluded><pose>Unspecified</pose><truncated>0</truncated></object><segmented>0</segmented><size><depth>3</depth><height>720</height><width>405</width></size><source><annotation>DJI02</annotation><database>vatic</database><image>vatic</image></source><owner><flickrid>vatic</flickrid><name>vatic</name></owner></annotation>