<annotation><folder>DJI_0012_slice_02</folder><filename>000571.jpg</filename><object><name>Pedestrain</name><bndbox><xmax>328</xmax><xmin>297</xmin><ymax>90</ymax><ymin>0</ymin></bndbox><difficult>0</difficult><occluded>0</occluded><pose>Unspecified</pose><truncated>0</truncated></object><object><name>Pedestrain</name><bndbox><xmax>646</xmax><xmin>541</xmin><ymax>362</ymax><ymin>265</ymin></bndbox><difficult>0</difficult><occluded>0</occluded><pose>Unspecified</pose><truncated>0</truncated></object><object><name>Pedestrain</name><bndbox><xmax>394</xmax><xmin>349</xmin><ymax>125</ymax><ymin>35</ymin></bndbox><difficult>0</difficult><occluded>0</occluded><pose>Unspecified</pose><truncated>0</truncated></object><object><name>Pedestrain</name><bndbox><xmax>515</xmax><xmin>451</xmin><ymax>259</ymax><ymin>153</ymin></bndbox><difficult>0</difficult><occluded>0</occluded><pose>Unspecified</pose><truncated>0</truncated></object><object><name>Pedestrain</name><bndbox><xmax>442</xmax><xmin>397</xmin><ymax>144</ymax><ymin>45</ymin></bndbox><difficult>0</difficult><occluded>0</occluded><pose>Unspecified</pose><truncated>0</truncated></object><segmented>0</segmented><size><depth>3</depth><height>720</height><width>405</width></size><source><annotation>DJI02</annotation><database>vatic</database><image>vatic</image></source><owner><flickrid>vatic</flickrid><name>vatic</name></owner></annotation>