<annotation><folder>DJI_0012_slice_02</folder><filename>000661.jpg</filename><object><name>Pedestrain</name><bndbox><xmax>348</xmax><xmin>295</xmin><ymax>177</ymax><ymin>79</ymin></bndbox><difficult>0</difficult><occluded>0</occluded><pose>Unspecified</pose><truncated>0</truncated></object><object><name>Pedestrain</name><bndbox><xmax>438</xmax><xmin>381</xmin><ymax>363</ymax><ymin>255</ymin></bndbox><difficult>0</difficult><occluded>0</occluded><pose>Unspecified</pose><truncated>0</truncated></object><object><name>Pedestrain</name><bndbox><xmax>208</xmax><xmin>143</xmin><ymax>266</ymax><ymin>158</ymin></bndbox><difficult>0</difficult><occluded>0</occluded><pose>Unspecified</pose><truncated>0</truncated></object><object><name>Pedestrain</name><bndbox><xmax>402</xmax><xmin>363</xmin><ymax>99</ymax><ymin>14</ymin></bndbox><difficult>0</difficult><occluded>0</occluded><pose>Unspecified</pose><truncated>0</truncated></object><object><name>Pedestrain</name><bndbox><xmax>673</xmax><xmin>592</xmin><ymax>308</ymax><ymin>196</ymin></bndbox><difficult>0</difficult><occluded>0</occluded><pose>Unspecified</pose><truncated>0</truncated></object><segmented>0</segmented><size><depth>3</depth><height>720</height><width>405</width></size><source><annotation>DJI02</annotation><database>vatic</database><image>vatic</image></source><owner><flickrid>vatic</flickrid><name>vatic</name></owner></annotation>