<annotation><folder>DJI_0012_slice_02</folder><filename>000631.jpg</filename><object><name>Pedestrain</name><bndbox><xmax>422</xmax><xmin>360</xmin><ymax>240</ymax><ymin>141</ymin></bndbox><difficult>0</difficult><occluded>0</occluded><pose>Unspecified</pose><truncated>0</truncated></object><object><name>Pedestrain</name><bndbox><xmax>212</xmax><xmin>159</xmin><ymax>182</ymax><ymin>82</ymin></bndbox><difficult>0</difficult><occluded>0</occluded><pose>Unspecified</pose><truncated>0</truncated></object><object><name>Pedestrain</name><bndbox><xmax>426</xmax><xmin>383</xmin><ymax>143</ymax><ymin>50</ymin></bndbox><difficult>0</difficult><occluded>0</occluded><pose>Unspecified</pose><truncated>0</truncated></object><segmented>0</segmented><size><depth>3</depth><height>720</height><width>405</width></size><source><annotation>DJI02</annotation><database>vatic</database><image>vatic</image></source><owner><flickrid>vatic</flickrid><name>vatic</name></owner></annotation>