<annotation><folder>DJI_0012_slice_02</folder><filename>000706.jpg</filename><object><name>Pedestrain</name><bndbox><xmax>257</xmax><xmin>205</xmin><ymax>117</ymax><ymin>25</ymin></bndbox><difficult>0</difficult><occluded>0</occluded><pose>Unspecified</pose><truncated>0</truncated></object><object><name>Pedestrain</name><bndbox><xmax>427</xmax><xmin>375</xmin><ymax>262</ymax><ymin>155</ymin></bndbox><difficult>0</difficult><occluded>0</occluded><pose>Unspecified</pose><truncated>0</truncated></object><object><name>Pedestrain</name><bndbox><xmax>658</xmax><xmin>569</xmin><ymax>287</ymax><ymin>179</ymin></bndbox><difficult>0</difficult><occluded>0</occluded><pose>Unspecified</pose><truncated>0</truncated></object><object><name>Pedestrain</name><bndbox><xmax>170</xmax><xmin>98</xmin><ymax>265</ymax><ymin>149</ymin></bndbox><difficult>0</difficult><occluded>0</occluded><pose>Unspecified</pose><truncated>0</truncated></object><segmented>0</segmented><size><depth>3</depth><height>720</height><width>405</width></size><source><annotation>DJI02</annotation><database>vatic</database><image>vatic</image></source><owner><flickrid>vatic</flickrid><name>vatic</name></owner></annotation>