<annotation><folder>DJI_0012_slice_02</folder><filename>000766.jpg</filename><object><name>Pedestrain</name><bndbox><xmax>119</xmax><xmin>67</xmin><ymax>91</ymax><ymin>0</ymin></bndbox><difficult>0</difficult><occluded>0</occluded><pose>Unspecified</pose><truncated>0</truncated></object><object><name>Pedestrain</name><bndbox><xmax>409</xmax><xmin>365</xmin><ymax>162</ymax><ymin>69</ymin></bndbox><difficult>0</difficult><occluded>0</occluded><pose>Unspecified</pose><truncated>0</truncated></object><object><name>Pedestrain</name><bndbox><xmax>214</xmax><xmin>169</xmin><ymax>118</ymax><ymin>19</ymin></bndbox><difficult>0</difficult><occluded>0</occluded><pose>Unspecified</pose><truncated>0</truncated></object><object><name>Pedestrain</name><bndbox><xmax>483</xmax><xmin>436</xmin><ymax>85</ymax><ymin>2</ymin></bndbox><difficult>0</difficult><occluded>0</occluded><pose>Unspecified</pose><truncated>0</truncated></object><segmented>0</segmented><size><depth>3</depth><height>720</height><width>405</width></size><source><annotation>DJI02</annotation><database>vatic</database><image>vatic</image></source><owner><flickrid>vatic</flickrid><name>vatic</name></owner></annotation>