<annotation><folder>DJI_0012_slice_02</folder><filename>000721.jpg</filename><object><name>Pedestrain</name><bndbox><xmax>223</xmax><xmin>171</xmin><ymax>109</ymax><ymin>17</ymin></bndbox><difficult>0</difficult><occluded>0</occluded><pose>Unspecified</pose><truncated>0</truncated></object><object><name>Pedestrain</name><bndbox><xmax>422</xmax><xmin>372</xmin><ymax>234</ymax><ymin>132</ymin></bndbox><difficult>0</difficult><occluded>0</occluded><pose>Unspecified</pose><truncated>0</truncated></object><object><name>Pedestrain</name><bndbox><xmax>606</xmax><xmin>534</xmin><ymax>242</ymax><ymin>134</ymin></bndbox><difficult>0</difficult><occluded>0</occluded><pose>Unspecified</pose><truncated>0</truncated></object><object><name>Pedestrain</name><bndbox><xmax>189</xmax><xmin>125</xmin><ymax>220</ymax><ymin>108</ymin></bndbox><difficult>0</difficult><occluded>0</occluded><pose>Unspecified</pose><truncated>0</truncated></object><segmented>0</segmented><size><depth>3</depth><height>720</height><width>405</width></size><source><annotation>DJI02</annotation><database>vatic</database><image>vatic</image></source><owner><flickrid>vatic</flickrid><name>vatic</name></owner></annotation>