<annotation><folder>DJI_0012_slice_02</folder><filename>000826.jpg</filename><object><name>Pedestrain</name><bndbox><xmax>409</xmax><xmin>372</xmin><ymax>108</ymax><ymin>16</ymin></bndbox><difficult>0</difficult><occluded>0</occluded><pose>Unspecified</pose><truncated>0</truncated></object><segmented>0</segmented><size><depth>3</depth><height>720</height><width>405</width></size><source><annotation>DJI02</annotation><database>vatic</database><image>vatic</image></source><owner><flickrid>vatic</flickrid><name>vatic</name></owner></annotation>