<annotation><folder>DJI_0012_slice_02</folder><filename>000901.jpg</filename><object><name>Pedestrain</name><bndbox><xmax>610</xmax><xmin>533</xmin><ymax>402</ymax><ymin>318</ymin></bndbox><difficult>0</difficult><occluded>0</occluded><pose>Unspecified</pose><truncated>0</truncated></object><object><name>Pedestrain</name><bndbox><xmax>608</xmax><xmin>536</xmin><ymax>404</ymax><ymin>323</ymin></bndbox><difficult>0</difficult><occluded>1</occluded><pose>Unspecified</pose><truncated>0</truncated></object><segmented>0</segmented><size><depth>3</depth><height>720</height><width>405</width></size><source><annotation>DJI02</annotation><database>vatic</database><image>vatic</image></source><owner><flickrid>vatic</flickrid><name>vatic</name></owner></annotation>