<annotation><folder>Runmin_output_02</folder><filename>000196.jpg</filename><object><name>pedestrain</name><bndbox><xmax>304</xmax><xmin>275</xmin><ymax>39</ymax><ymin>0</ymin></bndbox><difficult>0</difficult><occluded>1</occluded><pose>Unspecified</pose><truncated>0</truncated></object><segmented>0</segmented><size><depth>3</depth><height>720</height><width>405</width></size><source><annotation>Runmin_data_02</annotation><database>vatic</database><image>vatic</image></source><owner><flickrid>vatic</flickrid><name>vatic</name></owner></annotation>