<annotation><folder>Runmin_output_02</folder><filename>000406.jpg</filename><object><name>pedestrain</name><bndbox><xmax>70</xmax><xmin>0</xmin><ymax>325</ymax><ymin>220</ymin></bndbox><difficult>0</difficult><occluded>1</occluded><pose>Unspecified</pose><truncated>0</truncated></object><segmented>0</segmented><size><depth>3</depth><height>720</height><width>405</width></size><source><annotation>Runmin_data_02</annotation><database>vatic</database><image>vatic</image></source><owner><flickrid>vatic</flickrid><name>vatic</name></owner></annotation>