<annotation><folder>Runmin_output_02</folder><filename>000916.jpg</filename><object><name>pedestrain</name><bndbox><xmax>232</xmax><xmin>206</xmin><ymax>26</ymax><ymin>1</ymin></bndbox><difficult>0</difficult><occluded>1</occluded><pose>Unspecified</pose><truncated>0</truncated></object><object><name>pedestrain</name><bndbox><xmax>208</xmax><xmin>172</xmin><ymax>121</ymax><ymin>43</ymin></bndbox><difficult>0</difficult><occluded>0</occluded><pose>Unspecified</pose><truncated>0</truncated></object><segmented>0</segmented><size><depth>3</depth><height>720</height><width>405</width></size><source><annotation>Runmin_data_02</annotation><database>vatic</database><image>vatic</image></source><owner><flickrid>vatic</flickrid><name>vatic</name></owner></annotation>