<annotation><folder>Runmin_output_02</folder><filename>000901.jpg</filename><object><name>pedestrain</name><bndbox><xmax>259</xmax><xmin>232</xmin><ymax>19</ymax><ymin>0</ymin></bndbox><difficult>0</difficult><occluded>1</occluded><pose>Unspecified</pose><truncated>0</truncated></object><object><name>pedestrain</name><bndbox><xmax>226</xmax><xmin>192</xmin><ymax>99</ymax><ymin>25</ymin></bndbox><difficult>0</difficult><occluded>0</occluded><pose>Unspecified</pose><truncated>0</truncated></object><segmented>0</segmented><size><depth>3</depth><height>720</height><width>405</width></size><source><annotation>Runmin_data_02</annotation><database>vatic</database><image>vatic</image></source><owner><flickrid>vatic</flickrid><name>vatic</name></owner></annotation>