<annotation><folder>Runmin_output_02</folder><filename>000991.jpg</filename><object><name>pedestrain</name><bndbox><xmax>144</xmax><xmin>119</xmin><ymax>14</ymax><ymin>0</ymin></bndbox><difficult>0</difficult><occluded>1</occluded><pose>Unspecified</pose><truncated>0</truncated></object><object><name>pedestrain</name><bndbox><xmax>92</xmax><xmin>13</xmin><ymax>298</ymax><ymin>189</ymin></bndbox><difficult>0</difficult><occluded>0</occluded><pose>Unspecified</pose><truncated>0</truncated></object><segmented>0</segmented><size><depth>3</depth><height>720</height><width>405</width></size><source><annotation>Runmin_data_02</annotation><database>vatic</database><image>vatic</image></source><owner><flickrid>vatic</flickrid><name>vatic</name></owner></annotation>