<annotation><folder>Runmin_output_02</folder><filename>000961.jpg</filename><object><name>pedestrain</name><bndbox><xmax>169</xmax><xmin>143</xmin><ymax>17</ymax><ymin>0</ymin></bndbox><difficult>0</difficult><occluded>1</occluded><pose>Unspecified</pose><truncated>0</truncated></object><object><name>pedestrain</name><bndbox><xmax>149</xmax><xmin>97</xmin><ymax>209</ymax><ymin>112</ymin></bndbox><difficult>0</difficult><occluded>0</occluded><pose>Unspecified</pose><truncated>0</truncated></object><segmented>0</segmented><size><depth>3</depth><height>720</height><width>405</width></size><source><annotation>Runmin_data_02</annotation><database>vatic</database><image>vatic</image></source><owner><flickrid>vatic</flickrid><name>vatic</name></owner></annotation>