<annotation><folder>DJI_0012_slice_05</folder><filename>000061.jpg</filename><object><name>Pedestrain</name><bndbox><xmax>603</xmax><xmin>513</xmin><ymax>316</ymax><ymin>212</ymin></bndbox><difficult>0</difficult><occluded>0</occluded><pose>Unspecified</pose><truncated>0</truncated></object><object><name>Pedestrain</name><bndbox><xmax>510</xmax><xmin>428</xmin><ymax>403</ymax><ymin>316</ymin></bndbox><difficult>0</difficult><occluded>0</occluded><pose>Unspecified</pose><truncated>0</truncated></object><segmented>0</segmented><size><depth>3</depth><height>720</height><width>405</width></size><source><annotation>DJI05</annotation><database>vatic</database><image>vatic</image></source><owner><flickrid>vatic</flickrid><name>vatic</name></owner></annotation>