<annotation><folder>DJI_0012_slice_05</folder><filename>000076.jpg</filename><object><name>Pedestrain</name><bndbox><xmax>568</xmax><xmin>483</xmin><ymax>307</ymax><ymin>204</ymin></bndbox><difficult>0</difficult><occluded>0</occluded><pose>Unspecified</pose><truncated>0</truncated></object><object><name>Pedestrain</name><bndbox><xmax>493</xmax><xmin>420</xmin><ymax>403</ymax><ymin>301</ymin></bndbox><difficult>0</difficult><occluded>0</occluded><pose>Unspecified</pose><truncated>0</truncated></object><segmented>0</segmented><size><depth>3</depth><height>720</height><width>405</width></size><source><annotation>DJI05</annotation><database>vatic</database><image>vatic</image></source><owner><flickrid>vatic</flickrid><name>vatic</name></owner></annotation>