<annotation><folder>DJI_0012_slice_05</folder><filename>000046.jpg</filename><object><name>Pedestrain</name><bndbox><xmax>134</xmax><xmin>31</xmin><ymax>385</ymax><ymin>262</ymin></bndbox><difficult>0</difficult><occluded>0</occluded><pose>Unspecified</pose><truncated>0</truncated></object><object><name>Pedestrain</name><bndbox><xmax>642</xmax><xmin>544</xmin><ymax>328</ymax><ymin>223</ymin></bndbox><difficult>0</difficult><occluded>0</occluded><pose>Unspecified</pose><truncated>0</truncated></object><segmented>0</segmented><size><depth>3</depth><height>720</height><width>405</width></size><source><annotation>DJI05</annotation><database>vatic</database><image>vatic</image></source><owner><flickrid>vatic</flickrid><name>vatic</name></owner></annotation>