<annotation><folder>DJI_0012_slice_05</folder><filename>000031.jpg</filename><object><name>Pedestrain</name><bndbox><xmax>162</xmax><xmin>68</xmin><ymax>334</ymax><ymin>211</ymin></bndbox><difficult>0</difficult><occluded>0</occluded><pose>Unspecified</pose><truncated>0</truncated></object><object><name>Pedestrain</name><bndbox><xmax>688</xmax><xmin>581</xmin><ymax>355</ymax><ymin>245</ymin></bndbox><difficult>0</difficult><occluded>0</occluded><pose>Unspecified</pose><truncated>0</truncated></object><segmented>0</segmented><size><depth>3</depth><height>720</height><width>405</width></size><source><annotation>DJI05</annotation><database>vatic</database><image>vatic</image></source><owner><flickrid>vatic</flickrid><name>vatic</name></owner></annotation>