<annotation><folder>DJI_0012_slice_05</folder><filename>000181.jpg</filename><object><name>Pedestrain</name><bndbox><xmax>553</xmax><xmin>474</xmin><ymax>314</ymax><ymin>213</ymin></bndbox><difficult>0</difficult><occluded>0</occluded><pose>Unspecified</pose><truncated>0</truncated></object><object><name>Pedestrain</name><bndbox><xmax>479</xmax><xmin>417</xmin><ymax>401</ymax><ymin>302</ymin></bndbox><difficult>0</difficult><occluded>0</occluded><pose>Unspecified</pose><truncated>0</truncated></object><object><name>Pedestrain</name><bndbox><xmax>221</xmax><xmin>170</xmin><ymax>113</ymax><ymin>22</ymin></bndbox><difficult>0</difficult><occluded>0</occluded><pose>Unspecified</pose><truncated>0</truncated></object><segmented>0</segmented><size><depth>3</depth><height>720</height><width>405</width></size><source><annotation>DJI05</annotation><database>vatic</database><image>vatic</image></source><owner><flickrid>vatic</flickrid><name>vatic</name></owner></annotation>