<annotation><folder>DJI_0012_slice_05</folder><filename>000106.jpg</filename><object><name>Pedestrain</name><bndbox><xmax>552</xmax><xmin>476</xmin><ymax>297</ymax><ymin>195</ymin></bndbox><difficult>0</difficult><occluded>0</occluded><pose>Unspecified</pose><truncated>0</truncated></object><object><name>Pedestrain</name><bndbox><xmax>476</xmax><xmin>417</xmin><ymax>402</ymax><ymin>302</ymin></bndbox><difficult>0</difficult><occluded>0</occluded><pose>Unspecified</pose><truncated>0</truncated></object><segmented>0</segmented><size><depth>3</depth><height>720</height><width>405</width></size><source><annotation>DJI05</annotation><database>vatic</database><image>vatic</image></source><owner><flickrid>vatic</flickrid><name>vatic</name></owner></annotation>