<annotation><folder>DJI_0012_slice_05</folder><filename>000286.jpg</filename><object><name>Pedestrain</name><bndbox><xmax>551</xmax><xmin>476</xmin><ymax>325</ymax><ymin>219</ymin></bndbox><difficult>0</difficult><occluded>0</occluded><pose>Unspecified</pose><truncated>0</truncated></object><object><name>Pedestrain</name><bndbox><xmax>506</xmax><xmin>415</xmin><ymax>360</ymax><ymin>250</ymin></bndbox><difficult>0</difficult><occluded>0</occluded><pose>Unspecified</pose><truncated>0</truncated></object><object><name>Pedestrain</name><bndbox><xmax>152</xmax><xmin>73</xmin><ymax>305</ymax><ymin>192</ymin></bndbox><difficult>0</difficult><occluded>0</occluded><pose>Unspecified</pose><truncated>0</truncated></object><object><name>Pedestrain</name><bndbox><xmax>471</xmax><xmin>414</xmin><ymax>226</ymax><ymin>125</ymin></bndbox><difficult>0</difficult><occluded>0</occluded><pose>Unspecified</pose><truncated>0</truncated></object><segmented>0</segmented><size><depth>3</depth><height>720</height><width>405</width></size><source><annotation>DJI05</annotation><database>vatic</database><image>vatic</image></source><owner><flickrid>vatic</flickrid><name>vatic</name></owner></annotation>