<annotation><folder>DJI_0012_slice_05</folder><filename>000226.jpg</filename><object><name>Pedestrain</name><bndbox><xmax>553</xmax><xmin>477</xmin><ymax>347</ymax><ymin>245</ymin></bndbox><difficult>0</difficult><occluded>0</occluded><pose>Unspecified</pose><truncated>0</truncated></object><object><name>Pedestrain</name><bndbox><xmax>483</xmax><xmin>417</xmin><ymax>403</ymax><ymin>305</ymin></bndbox><difficult>0</difficult><occluded>0</occluded><pose>Unspecified</pose><truncated>0</truncated></object><object><name>Pedestrain</name><bndbox><xmax>193</xmax><xmin>139</xmin><ymax>187</ymax><ymin>89</ymin></bndbox><difficult>0</difficult><occluded>0</occluded><pose>Unspecified</pose><truncated>0</truncated></object><object><name>Pedestrain</name><bndbox><xmax>701</xmax><xmin>591</xmin><ymax>334</ymax><ymin>220</ymin></bndbox><difficult>0</difficult><occluded>0</occluded><pose>Unspecified</pose><truncated>0</truncated></object><object><name>Pedestrain</name><bndbox><xmax>627</xmax><xmin>554</xmin><ymax>267</ymax><ymin>152</ymin></bndbox><difficult>0</difficult><occluded>0</occluded><pose>Unspecified</pose><truncated>0</truncated></object><segmented>0</segmented><size><depth>3</depth><height>720</height><width>405</width></size><source><annotation>DJI05</annotation><database>vatic</database><image>vatic</image></source><owner><flickrid>vatic</flickrid><name>vatic</name></owner></annotation>