<annotation><folder>DJI_0012_slice_05</folder><filename>000271.jpg</filename><object><name>Pedestrain</name><bndbox><xmax>556</xmax><xmin>480</xmin><ymax>343</ymax><ymin>238</ymin></bndbox><difficult>0</difficult><occluded>0</occluded><pose>Unspecified</pose><truncated>0</truncated></object><object><name>Pedestrain</name><bndbox><xmax>505</xmax><xmin>415</xmin><ymax>380</ymax><ymin>267</ymin></bndbox><difficult>0</difficult><occluded>0</occluded><pose>Unspecified</pose><truncated>0</truncated></object><object><name>Pedestrain</name><bndbox><xmax>172</xmax><xmin>101</xmin><ymax>268</ymax><ymin>157</ymin></bndbox><difficult>0</difficult><occluded>0</occluded><pose>Unspecified</pose><truncated>0</truncated></object><object><name>Pedestrain</name><bndbox><xmax>516</xmax><xmin>438</xmin><ymax>263</ymax><ymin>158</ymin></bndbox><difficult>0</difficult><occluded>0</occluded><pose>Unspecified</pose><truncated>0</truncated></object><segmented>0</segmented><size><depth>3</depth><height>720</height><width>405</width></size><source><annotation>DJI05</annotation><database>vatic</database><image>vatic</image></source><owner><flickrid>vatic</flickrid><name>vatic</name></owner></annotation>