<annotation><folder>DJI_0012_slice_05</folder><filename>000256.jpg</filename><object><name>Pedestrain</name><bndbox><xmax>553</xmax><xmin>474</xmin><ymax>345</ymax><ymin>242</ymin></bndbox><difficult>0</difficult><occluded>0</occluded><pose>Unspecified</pose><truncated>0</truncated></object><object><name>Pedestrain</name><bndbox><xmax>483</xmax><xmin>417</xmin><ymax>403</ymax><ymin>299</ymin></bndbox><difficult>0</difficult><occluded>0</occluded><pose>Unspecified</pose><truncated>0</truncated></object><object><name>Pedestrain</name><bndbox><xmax>181</xmax><xmin>116</xmin><ymax>233</ymax><ymin>127</ymin></bndbox><difficult>0</difficult><occluded>0</occluded><pose>Unspecified</pose><truncated>0</truncated></object><object><name>Pedestrain</name><bndbox><xmax>572</xmax><xmin>502</xmin><ymax>292</ymax><ymin>187</ymin></bndbox><difficult>0</difficult><occluded>1</occluded><pose>Unspecified</pose><truncated>0</truncated></object><object><name>Pedestrain</name><bndbox><xmax>715</xmax><xmin>611</xmin><ymax>318</ymax><ymin>208</ymin></bndbox><difficult>0</difficult><occluded>0</occluded><pose>Unspecified</pose><truncated>0</truncated></object><segmented>0</segmented><size><depth>3</depth><height>720</height><width>405</width></size><source><annotation>DJI05</annotation><database>vatic</database><image>vatic</image></source><owner><flickrid>vatic</flickrid><name>vatic</name></owner></annotation>