<annotation><folder>DJI_0012_slice_05</folder><filename>000361.jpg</filename><object><name>Pedestrain</name><bndbox><xmax>397</xmax><xmin>354</xmin><ymax>88</ymax><ymin>1</ymin></bndbox><difficult>0</difficult><occluded>0</occluded><pose>Unspecified</pose><truncated>0</truncated></object><object><name>Pedestrain</name><bndbox><xmax>396</xmax><xmin>349</xmin><ymax>200</ymax><ymin>95</ymin></bndbox><difficult>0</difficult><occluded>0</occluded><pose>Unspecified</pose><truncated>0</truncated></object><segmented>0</segmented><size><depth>3</depth><height>720</height><width>405</width></size><source><annotation>DJI05</annotation><database>vatic</database><image>vatic</image></source><owner><flickrid>vatic</flickrid><name>vatic</name></owner></annotation>