<annotation><folder>DJI_0012_slice_05</folder><filename>000301.jpg</filename><object><name>Pedestrain</name><bndbox><xmax>538</xmax><xmin>464</xmin><ymax>310</ymax><ymin>197</ymin></bndbox><difficult>0</difficult><occluded>0</occluded><pose>Unspecified</pose><truncated>0</truncated></object><object><name>Pedestrain</name><bndbox><xmax>487</xmax><xmin>409</xmin><ymax>339</ymax><ymin>220</ymin></bndbox><difficult>0</difficult><occluded>0</occluded><pose>Unspecified</pose><truncated>0</truncated></object><object><name>Pedestrain</name><bndbox><xmax>140</xmax><xmin>43</xmin><ymax>355</ymax><ymin>235</ymin></bndbox><difficult>0</difficult><occluded>0</occluded><pose>Unspecified</pose><truncated>0</truncated></object><object><name>Pedestrain</name><bndbox><xmax>444</xmax><xmin>389</xmin><ymax>190</ymax><ymin>94</ymin></bndbox><difficult>0</difficult><occluded>0</occluded><pose>Unspecified</pose><truncated>0</truncated></object><object><name>Pedestrain</name><bndbox><xmax>141</xmax><xmin>46</xmin><ymax>358</ymax><ymin>237</ymin></bndbox><difficult>0</difficult><occluded>0</occluded><pose>Unspecified</pose><truncated>0</truncated></object><object><name>Pedestrain</name><bndbox><xmax>438</xmax><xmin>392</xmin><ymax>199</ymax><ymin>90</ymin></bndbox><difficult>0</difficult><occluded>0</occluded><pose>Unspecified</pose><truncated>0</truncated></object><object><name>Pedestrain</name><bndbox><xmax>491</xmax><xmin>412</xmin><ymax>332</ymax><ymin>220</ymin></bndbox><difficult>0</difficult><occluded>0</occluded><pose>Unspecified</pose><truncated>0</truncated></object><object><name>Pedestrain</name><bndbox><xmax>610</xmax><xmin>547</xmin><ymax>243</ymax><ymin>151</ymin></bndbox><difficult>0</difficult><occluded>0</occluded><pose>Unspecified</pose><truncated>0</truncated></object><segmented>0</segmented><size><depth>3</depth><height>720</height><width>405</width></size><source><annotation>DJI05</annotation><database>vatic</database><image>vatic</image></source><owner><flickrid>vatic</flickrid><name>vatic</name></owner></annotation>