<annotation><folder>DJI_0012_slice_05</folder><filename>000406.jpg</filename><object><name>Pedestrain</name><bndbox><xmax>385</xmax><xmin>344</xmin><ymax>94</ymax><ymin>31</ymin></bndbox><difficult>0</difficult><occluded>1</occluded><pose>Unspecified</pose><truncated>0</truncated></object><segmented>0</segmented><size><depth>3</depth><height>720</height><width>405</width></size><source><annotation>DJI05</annotation><database>vatic</database><image>vatic</image></source><owner><flickrid>vatic</flickrid><name>vatic</name></owner></annotation>