<annotation><folder>DJI_0012_slice_05</folder><filename>000661.jpg</filename><object><name>Pedestrain</name><bndbox><xmax>632</xmax><xmin>553</xmin><ymax>301</ymax><ymin>193</ymin></bndbox><difficult>0</difficult><occluded>0</occluded><pose>Unspecified</pose><truncated>0</truncated></object><object><name>Pedestrain</name><bndbox><xmax>686</xmax><xmin>591</xmin><ymax>307</ymax><ymin>187</ymin></bndbox><difficult>0</difficult><occluded>0</occluded><pose>Unspecified</pose><truncated>0</truncated></object><segmented>0</segmented><size><depth>3</depth><height>720</height><width>405</width></size><source><annotation>DJI05</annotation><database>vatic</database><image>vatic</image></source><owner><flickrid>vatic</flickrid><name>vatic</name></owner></annotation>