<annotation><folder>DJI_0012_slice_05</folder><filename>000616.jpg</filename><object><name>Pedestrain</name><bndbox><xmax>567</xmax><xmin>515</xmin><ymax>182</ymax><ymin>86</ymin></bndbox><difficult>0</difficult><occluded>1</occluded><pose>Unspecified</pose><truncated>0</truncated></object><object><name>Pedestrain</name><bndbox><xmax>569</xmax><xmin>513</xmin><ymax>184</ymax><ymin>91</ymin></bndbox><difficult>0</difficult><occluded>1</occluded><pose>Unspecified</pose><truncated>0</truncated></object><segmented>0</segmented><size><depth>3</depth><height>720</height><width>405</width></size><source><annotation>DJI05</annotation><database>vatic</database><image>vatic</image></source><owner><flickrid>vatic</flickrid><name>vatic</name></owner></annotation>