<annotation><folder>DJI_0012_slice_05</folder><filename>000676.jpg</filename><object><name>Pedestrain</name><bndbox><xmax>672</xmax><xmin>571</xmin><ymax>344</ymax><ymin>237</ymin></bndbox><difficult>0</difficult><occluded>0</occluded><pose>Unspecified</pose><truncated>0</truncated></object><object><name>Pedestrain</name><bndbox><xmax>715</xmax><xmin>639</xmin><ymax>323</ymax><ymin>204</ymin></bndbox><difficult>0</difficult><occluded>1</occluded><pose>Unspecified</pose><truncated>0</truncated></object><object><name>Pedestrain</name><bndbox><xmax>633</xmax><xmin>556</xmin><ymax>257</ymax><ymin>150</ymin></bndbox><difficult>0</difficult><occluded>0</occluded><pose>Unspecified</pose><truncated>0</truncated></object><segmented>0</segmented><size><depth>3</depth><height>720</height><width>405</width></size><source><annotation>DJI05</annotation><database>vatic</database><image>vatic</image></source><owner><flickrid>vatic</flickrid><name>vatic</name></owner></annotation>