<annotation><folder>DJI_0012_slice_05</folder><filename>000721.jpg</filename><object><name>Pedestrain</name><bndbox><xmax>582</xmax><xmin>520</xmin><ymax>210</ymax><ymin>98</ymin></bndbox><difficult>0</difficult><occluded>0</occluded><pose>Unspecified</pose><truncated>0</truncated></object><segmented>0</segmented><size><depth>3</depth><height>720</height><width>405</width></size><source><annotation>DJI05</annotation><database>vatic</database><image>vatic</image></source><owner><flickrid>vatic</flickrid><name>vatic</name></owner></annotation>