<annotation><folder>DJI_0012_slice_05</folder><filename>000781.jpg</filename><object><name>Pedestrain</name><bndbox><xmax>477</xmax><xmin>433</xmin><ymax>110</ymax><ymin>11</ymin></bndbox><difficult>0</difficult><occluded>0</occluded><pose>Unspecified</pose><truncated>0</truncated></object><object><name>Pedestrain</name><bndbox><xmax>443</xmax><xmin>407</xmin><ymax>89</ymax><ymin>8</ymin></bndbox><difficult>0</difficult><occluded>0</occluded><pose>Unspecified</pose><truncated>0</truncated></object><object><name>Pedestrain</name><bndbox><xmax>393</xmax><xmin>360</xmin><ymax>86</ymax><ymin>9</ymin></bndbox><difficult>0</difficult><occluded>0</occluded><pose>Unspecified</pose><truncated>0</truncated></object><object><name>Pedestrain</name><bndbox><xmax>417</xmax><xmin>385</xmin><ymax>82</ymax><ymin>9</ymin></bndbox><difficult>0</difficult><occluded>0</occluded><pose>Unspecified</pose><truncated>0</truncated></object><segmented>0</segmented><size><depth>3</depth><height>720</height><width>405</width></size><source><annotation>DJI05</annotation><database>vatic</database><image>vatic</image></source><owner><flickrid>vatic</flickrid><name>vatic</name></owner></annotation>