<annotation><folder>DJI_0012_slice_05</folder><filename>000706.jpg</filename><object><name>Pedestrain</name><bndbox><xmax>626</xmax><xmin>539</xmin><ymax>249</ymax><ymin>130</ymin></bndbox><difficult>0</difficult><occluded>0</occluded><pose>Unspecified</pose><truncated>0</truncated></object><segmented>0</segmented><size><depth>3</depth><height>720</height><width>405</width></size><source><annotation>DJI05</annotation><database>vatic</database><image>vatic</image></source><owner><flickrid>vatic</flickrid><name>vatic</name></owner></annotation>