<annotation><folder>DJI_0012_slice_05</folder><filename>000826.jpg</filename><object><name>Pedestrain</name><bndbox><xmax>595</xmax><xmin>498</xmin><ymax>374</ymax><ymin>257</ymin></bndbox><difficult>0</difficult><occluded>0</occluded><pose>Unspecified</pose><truncated>0</truncated></object><object><name>Pedestrain</name><bndbox><xmax>523</xmax><xmin>474</xmin><ymax>91</ymax><ymin>17</ymin></bndbox><difficult>0</difficult><occluded>0</occluded><pose>Unspecified</pose><truncated>0</truncated></object><object><name>Pedestrain</name><bndbox><xmax>410</xmax><xmin>367</xmin><ymax>168</ymax><ymin>71</ymin></bndbox><difficult>0</difficult><occluded>0</occluded><pose>Unspecified</pose><truncated>0</truncated></object><object><name>Pedestrain</name><bndbox><xmax>437</xmax><xmin>397</xmin><ymax>169</ymax><ymin>73</ymin></bndbox><difficult>0</difficult><occluded>0</occluded><pose>Unspecified</pose><truncated>0</truncated></object><segmented>0</segmented><size><depth>3</depth><height>720</height><width>405</width></size><source><annotation>DJI05</annotation><database>vatic</database><image>vatic</image></source><owner><flickrid>vatic</flickrid><name>vatic</name></owner></annotation>