<annotation><folder>DJI_0012_slice_05</folder><filename>000856.jpg</filename><object><name>Pedestrain</name><bndbox><xmax>481</xmax><xmin>410</xmin><ymax>322</ymax><ymin>213</ymin></bndbox><difficult>0</difficult><occluded>0</occluded><pose>Unspecified</pose><truncated>0</truncated></object><object><name>Pedestrain</name><bndbox><xmax>700</xmax><xmin>611</xmin><ymax>310</ymax><ymin>199</ymin></bndbox><difficult>0</difficult><occluded>0</occluded><pose>Unspecified</pose><truncated>0</truncated></object><object><name>Pedestrain</name><bndbox><xmax>432</xmax><xmin>389</xmin><ymax>232</ymax><ymin>135</ymin></bndbox><difficult>0</difficult><occluded>0</occluded><pose>Unspecified</pose><truncated>0</truncated></object><object><name>Pedestrain</name><bndbox><xmax>465</xmax><xmin>425</xmin><ymax>224</ymax><ymin>128</ymin></bndbox><difficult>0</difficult><occluded>0</occluded><pose>Unspecified</pose><truncated>0</truncated></object><segmented>0</segmented><size><depth>3</depth><height>720</height><width>405</width></size><source><annotation>DJI05</annotation><database>vatic</database><image>vatic</image></source><owner><flickrid>vatic</flickrid><name>vatic</name></owner></annotation>