<annotation><folder>DJI_0012_slice_05</folder><filename>000871.jpg</filename><object><name>Pedestrain</name><bndbox><xmax>433</xmax><xmin>363</xmin><ymax>291</ymax><ymin>187</ymin></bndbox><difficult>0</difficult><occluded>0</occluded><pose>Unspecified</pose><truncated>0</truncated></object><object><name>Pedestrain</name><bndbox><xmax>660</xmax><xmin>583</xmin><ymax>270</ymax><ymin>166</ymin></bndbox><difficult>0</difficult><occluded>0</occluded><pose>Unspecified</pose><truncated>0</truncated></object><object><name>Pedestrain</name><bndbox><xmax>453</xmax><xmin>408</xmin><ymax>253</ymax><ymin>170</ymin></bndbox><difficult>0</difficult><occluded>1</occluded><pose>Unspecified</pose><truncated>0</truncated></object><object><name>Pedestrain</name><bndbox><xmax>484</xmax><xmin>439</xmin><ymax>272</ymax><ymin>165</ymin></bndbox><difficult>0</difficult><occluded>0</occluded><pose>Unspecified</pose><truncated>0</truncated></object><segmented>0</segmented><size><depth>3</depth><height>720</height><width>405</width></size><source><annotation>DJI05</annotation><database>vatic</database><image>vatic</image></source><owner><flickrid>vatic</flickrid><name>vatic</name></owner></annotation>