<annotation><folder>DJI_0012_slice_05</folder><filename>000901.jpg</filename><object><name>Pedestrain</name><bndbox><xmax>379</xmax><xmin>319</xmin><ymax>235</ymax><ymin>129</ymin></bndbox><difficult>0</difficult><occluded>0</occluded><pose>Unspecified</pose><truncated>0</truncated></object><object><name>Pedestrain</name><bndbox><xmax>599</xmax><xmin>541</xmin><ymax>209</ymax><ymin>107</ymin></bndbox><difficult>0</difficult><occluded>0</occluded><pose>Unspecified</pose><truncated>0</truncated></object><object><name>Pedestrain</name><bndbox><xmax>512</xmax><xmin>448</xmin><ymax>379</ymax><ymin>272</ymin></bndbox><difficult>0</difficult><occluded>0</occluded><pose>Unspecified</pose><truncated>0</truncated></object><object><name>Pedestrain</name><bndbox><xmax>547</xmax><xmin>486</xmin><ymax>383</ymax><ymin>271</ymin></bndbox><difficult>0</difficult><occluded>0</occluded><pose>Unspecified</pose><truncated>0</truncated></object><object><name>Pedestrain</name><bndbox><xmax>375</xmax><xmin>320</xmin><ymax>232</ymax><ymin>125</ymin></bndbox><difficult>0</difficult><occluded>0</occluded><pose>Unspecified</pose><truncated>0</truncated></object><object><name>Pedestrain</name><bndbox><xmax>560</xmax><xmin>510</xmin><ymax>184</ymax><ymin>96</ymin></bndbox><difficult>0</difficult><occluded>1</occluded><pose>Unspecified</pose><truncated>0</truncated></object><object><name>Pedestrain</name><bndbox><xmax>513</xmax><xmin>452</xmin><ymax>355</ymax><ymin>269</ymin></bndbox><difficult>0</difficult><occluded>0</occluded><pose>Unspecified</pose><truncated>0</truncated></object><object><name>Pedestrain</name><bndbox><xmax>550</xmax><xmin>489</xmin><ymax>370</ymax><ymin>272</ymin></bndbox><difficult>0</difficult><occluded>0</occluded><pose>Unspecified</pose><truncated>0</truncated></object><segmented>0</segmented><size><depth>3</depth><height>720</height><width>405</width></size><source><annotation>DJI05</annotation><database>vatic</database><image>vatic</image></source><owner><flickrid>vatic</flickrid><name>vatic</name></owner></annotation>