<annotation><folder>DJI_0012_slice_05</folder><filename>000991.jpg</filename><object><name>Pedestrain</name><bndbox><xmax>309</xmax><xmin>267</xmin><ymax>98</ymax><ymin>7</ymin></bndbox><difficult>0</difficult><occluded>0</occluded><pose>Unspecified</pose><truncated>0</truncated></object><object><name>Pedestrain</name><bndbox><xmax>470</xmax><xmin>429</xmin><ymax>73</ymax><ymin>0</ymin></bndbox><difficult>0</difficult><occluded>1</occluded><pose>Unspecified</pose><truncated>0</truncated></object><object><name>Pedestrain</name><bndbox><xmax>718</xmax><xmin>636</xmin><ymax>322</ymax><ymin>230</ymin></bndbox><difficult>0</difficult><occluded>1</occluded><pose>Unspecified</pose><truncated>0</truncated></object><segmented>0</segmented><size><depth>3</depth><height>720</height><width>405</width></size><source><annotation>DJI05</annotation><database>vatic</database><image>vatic</image></source><owner><flickrid>vatic</flickrid><name>vatic</name></owner></annotation>