<annotation><folder>DJI_0012_slice_05</folder><filename>001096.jpg</filename><object><name>Pedestrain</name><bndbox><xmax>205</xmax><xmin>148</xmin><ymax>204</ymax><ymin>103</ymin></bndbox><difficult>0</difficult><occluded>0</occluded><pose>Unspecified</pose><truncated>0</truncated></object><object><name>Pedestrain</name><bndbox><xmax>621</xmax><xmin>541</xmin><ymax>402</ymax><ymin>309</ymin></bndbox><difficult>0</difficult><occluded>1</occluded><pose>Unspecified</pose><truncated>0</truncated></object><object><name>Pedestrain</name><bndbox><xmax>658</xmax><xmin>586</xmin><ymax>404</ymax><ymin>324</ymin></bndbox><difficult>0</difficult><occluded>1</occluded><pose>Unspecified</pose><truncated>0</truncated></object><segmented>0</segmented><size><depth>3</depth><height>720</height><width>405</width></size><source><annotation>DJI05</annotation><database>vatic</database><image>vatic</image></source><owner><flickrid>vatic</flickrid><name>vatic</name></owner></annotation>