<annotation><folder>DJI_0012_slice_05</folder><filename>001111.jpg</filename><object><name>Pedestrain</name><bndbox><xmax>194</xmax><xmin>127</xmin><ymax>248</ymax><ymin>143</ymin></bndbox><difficult>0</difficult><occluded>0</occluded><pose>Unspecified</pose><truncated>0</truncated></object><object><name>Pedestrain</name><bndbox><xmax>581</xmax><xmin>513</xmin><ymax>363</ymax><ymin>259</ymin></bndbox><difficult>0</difficult><occluded>0</occluded><pose>Unspecified</pose><truncated>0</truncated></object><object><name>Pedestrain</name><bndbox><xmax>624</xmax><xmin>555</xmin><ymax>374</ymax><ymin>266</ymin></bndbox><difficult>0</difficult><occluded>0</occluded><pose>Unspecified</pose><truncated>0</truncated></object><segmented>0</segmented><size><depth>3</depth><height>720</height><width>405</width></size><source><annotation>DJI05</annotation><database>vatic</database><image>vatic</image></source><owner><flickrid>vatic</flickrid><name>vatic</name></owner></annotation>