<annotation><folder>DJI_0012_slice_03</folder><filename>000061.jpg</filename><object><name>Pedestrain</name><bndbox><xmax>371</xmax><xmin>332</xmin><ymax>120</ymax><ymin>29</ymin></bndbox><difficult>0</difficult><occluded>0</occluded><pose>Unspecified</pose><truncated>0</truncated></object><segmented>0</segmented><size><depth>3</depth><height>720</height><width>405</width></size><source><annotation>DJI03</annotation><database>vatic</database><image>vatic</image></source><owner><flickrid>vatic</flickrid><name>vatic</name></owner></annotation>