<annotation><folder>DJI_0012_slice_03</folder><filename>000001.jpg</filename><object><name>Pedestrain</name><bndbox><xmax>666</xmax><xmin>573</xmin><ymax>311</ymax><ymin>189</ymin></bndbox><difficult>0</difficult><occluded>0</occluded><pose>Unspecified</pose><truncated>0</truncated></object><segmented>0</segmented><size><depth>3</depth><height>720</height><width>405</width></size><source><annotation>DJI03</annotation><database>vatic</database><image>vatic</image></source><owner><flickrid>vatic</flickrid><name>vatic</name></owner></annotation>