<annotation><folder>DJI_0012_slice_03</folder><filename>000031.jpg</filename><object><name>Pedestrain</name><bndbox><xmax>577</xmax><xmin>520</xmin><ymax>228</ymax><ymin>107</ymin></bndbox><difficult>0</difficult><occluded>0</occluded><pose>Unspecified</pose><truncated>0</truncated></object><object><name>Pedestrain</name><bndbox><xmax>365</xmax><xmin>325</xmin><ymax>69</ymax><ymin>0</ymin></bndbox><difficult>0</difficult><occluded>1</occluded><pose>Unspecified</pose><truncated>0</truncated></object><segmented>0</segmented><size><depth>3</depth><height>720</height><width>405</width></size><source><annotation>DJI03</annotation><database>vatic</database><image>vatic</image></source><owner><flickrid>vatic</flickrid><name>vatic</name></owner></annotation>