<annotation><folder>DJI_0012_slice_03</folder><filename>000091.jpg</filename><object><name>Pedestrain</name><bndbox><xmax>463</xmax><xmin>419</xmin><ymax>116</ymax><ymin>18</ymin></bndbox><difficult>0</difficult><occluded>0</occluded><pose>Unspecified</pose><truncated>0</truncated></object><object><name>Pedestrain</name><bndbox><xmax>377</xmax><xmin>339</xmin><ymax>181</ymax><ymin>80</ymin></bndbox><difficult>0</difficult><occluded>0</occluded><pose>Unspecified</pose><truncated>0</truncated></object><segmented>0</segmented><size><depth>3</depth><height>720</height><width>405</width></size><source><annotation>DJI03</annotation><database>vatic</database><image>vatic</image></source><owner><flickrid>vatic</flickrid><name>vatic</name></owner></annotation>