<annotation><folder>DJI_0012_slice_03</folder><filename>000196.jpg</filename><object><name>Pedestrain</name><bndbox><xmax>196</xmax><xmin>126</xmin><ymax>238</ymax><ymin>135</ymin></bndbox><difficult>0</difficult><occluded>0</occluded><pose>Unspecified</pose><truncated>0</truncated></object><object><name>Pedestrain</name><bndbox><xmax>558</xmax><xmin>502</xmin><ymax>197</ymax><ymin>87</ymin></bndbox><difficult>0</difficult><occluded>1</occluded><pose>Unspecified</pose><truncated>0</truncated></object><object><name>Pedestrain</name><bndbox><xmax>617</xmax><xmin>553</xmin><ymax>264</ymax><ymin>157</ymin></bndbox><difficult>0</difficult><occluded>0</occluded><pose>Unspecified</pose><truncated>0</truncated></object><object><name>Pedestrain</name><bndbox><xmax>132</xmax><xmin>42</xmin><ymax>326</ymax><ymin>233</ymin></bndbox><difficult>0</difficult><occluded>1</occluded><pose>Unspecified</pose><truncated>0</truncated></object><object><name>Pedestrain</name><bndbox><xmax>172</xmax><xmin>82</xmin><ymax>390</ymax><ymin>305</ymin></bndbox><difficult>0</difficult><occluded>0</occluded><pose>Unspecified</pose><truncated>0</truncated></object><object><name>Pedestrain</name><bndbox><xmax>117</xmax><xmin>22</xmin><ymax>404</ymax><ymin>312</ymin></bndbox><difficult>0</difficult><occluded>1</occluded><pose>Unspecified</pose><truncated>0</truncated></object><object><name>Pedestrain</name><bndbox><xmax>675</xmax><xmin>593</xmin><ymax>311</ymax><ymin>212</ymin></bndbox><difficult>0</difficult><occluded>0</occluded><pose>Unspecified</pose><truncated>0</truncated></object><segmented>0</segmented><size><depth>3</depth><height>720</height><width>405</width></size><source><annotation>DJI03</annotation><database>vatic</database><image>vatic</image></source><owner><flickrid>vatic</flickrid><name>vatic</name></owner></annotation>