<annotation><folder>DJI_0012_slice_03</folder><filename>000151.jpg</filename><object><name>Pedestrain</name><bndbox><xmax>410</xmax><xmin>350</xmin><ymax>382</ymax><ymin>260</ymin></bndbox><difficult>0</difficult><occluded>0</occluded><pose>Unspecified</pose><truncated>0</truncated></object><object><name>Pedestrain</name><bndbox><xmax>130</xmax><xmin>42</xmin><ymax>341</ymax><ymin>237</ymin></bndbox><difficult>0</difficult><occluded>0</occluded><pose>Unspecified</pose><truncated>0</truncated></object><object><name>Pedestrain</name><bndbox><xmax>640</xmax><xmin>566</xmin><ymax>267</ymax><ymin>162</ymin></bndbox><difficult>0</difficult><occluded>0</occluded><pose>Unspecified</pose><truncated>0</truncated></object><segmented>0</segmented><size><depth>3</depth><height>720</height><width>405</width></size><source><annotation>DJI03</annotation><database>vatic</database><image>vatic</image></source><owner><flickrid>vatic</flickrid><name>vatic</name></owner></annotation>