<annotation><folder>DJI_0012_slice_03</folder><filename>000166.jpg</filename><object><name>Pedestrain</name><bndbox><xmax>161</xmax><xmin>81</xmin><ymax>303</ymax><ymin>198</ymin></bndbox><difficult>0</difficult><occluded>0</occluded><pose>Unspecified</pose><truncated>0</truncated></object><object><name>Pedestrain</name><bndbox><xmax>607</xmax><xmin>538</xmin><ymax>237</ymax><ymin>132</ymin></bndbox><difficult>0</difficult><occluded>0</occluded><pose>Unspecified</pose><truncated>0</truncated></object><object><name>Pedestrain</name><bndbox><xmax>691</xmax><xmin>604</xmin><ymax>327</ymax><ymin>214</ymin></bndbox><difficult>0</difficult><occluded>0</occluded><pose>Unspecified</pose><truncated>0</truncated></object><segmented>0</segmented><size><depth>3</depth><height>720</height><width>405</width></size><source><annotation>DJI03</annotation><database>vatic</database><image>vatic</image></source><owner><flickrid>vatic</flickrid><name>vatic</name></owner></annotation>