<annotation><folder>DJI_0012_slice_03</folder><filename>000121.jpg</filename><object><name>Pedestrain</name><bndbox><xmax>425</xmax><xmin>383</xmin><ymax>75</ymax><ymin>0</ymin></bndbox><difficult>0</difficult><occluded>1</occluded><pose>Unspecified</pose><truncated>0</truncated></object><object><name>Pedestrain</name><bndbox><xmax>391</xmax><xmin>342</xmin><ymax>267</ymax><ymin>154</ymin></bndbox><difficult>0</difficult><occluded>0</occluded><pose>Unspecified</pose><truncated>0</truncated></object><object><name>Pedestrain</name><bndbox><xmax>719</xmax><xmin>629</xmin><ymax>338</ymax><ymin>232</ymin></bndbox><difficult>0</difficult><occluded>0</occluded><pose>Unspecified</pose><truncated>0</truncated></object><segmented>0</segmented><size><depth>3</depth><height>720</height><width>405</width></size><source><annotation>DJI03</annotation><database>vatic</database><image>vatic</image></source><owner><flickrid>vatic</flickrid><name>vatic</name></owner></annotation>