<annotation><folder>DJI_0012_slice_03</folder><filename>000136.jpg</filename><object><name>Pedestrain</name><bndbox><xmax>399</xmax><xmin>344</xmin><ymax>318</ymax><ymin>200</ymin></bndbox><difficult>0</difficult><occluded>0</occluded><pose>Unspecified</pose><truncated>0</truncated></object><object><name>Pedestrain</name><bndbox><xmax>99</xmax><xmin>2</xmin><ymax>380</ymax><ymin>275</ymin></bndbox><difficult>0</difficult><occluded>0</occluded><pose>Unspecified</pose><truncated>0</truncated></object><object><name>Pedestrain</name><bndbox><xmax>679</xmax><xmin>597</xmin><ymax>302</ymax><ymin>197</ymin></bndbox><difficult>0</difficult><occluded>0</occluded><pose>Unspecified</pose><truncated>0</truncated></object><segmented>0</segmented><size><depth>3</depth><height>720</height><width>405</width></size><source><annotation>DJI03</annotation><database>vatic</database><image>vatic</image></source><owner><flickrid>vatic</flickrid><name>vatic</name></owner></annotation>