<annotation><folder>DJI_0012_slice_03</folder><filename>000211.jpg</filename><object><name>Pedestrain</name><bndbox><xmax>208</xmax><xmin>141</xmin><ymax>208</ymax><ymin>105</ymin></bndbox><difficult>0</difficult><occluded>0</occluded><pose>Unspecified</pose><truncated>0</truncated></object><object><name>Pedestrain</name><bndbox><xmax>590</xmax><xmin>526</xmin><ymax>233</ymax><ymin>130</ymin></bndbox><difficult>0</difficult><occluded>0</occluded><pose>Unspecified</pose><truncated>0</truncated></object><object><name>Pedestrain</name><bndbox><xmax>162</xmax><xmin>88</xmin><ymax>266</ymax><ymin>174</ymin></bndbox><difficult>0</difficult><occluded>1</occluded><pose>Unspecified</pose><truncated>0</truncated></object><object><name>Pedestrain</name><bndbox><xmax>198</xmax><xmin>117</xmin><ymax>345</ymax><ymin>246</ymin></bndbox><difficult>0</difficult><occluded>0</occluded><pose>Unspecified</pose><truncated>0</truncated></object><object><name>Pedestrain</name><bndbox><xmax>146</xmax><xmin>60</xmin><ymax>366</ymax><ymin>257</ymin></bndbox><difficult>0</difficult><occluded>0</occluded><pose>Unspecified</pose><truncated>0</truncated></object><object><name>Pedestrain</name><bndbox><xmax>637</xmax><xmin>570</xmin><ymax>265</ymax><ymin>180</ymin></bndbox><difficult>0</difficult><occluded>1</occluded><pose>Unspecified</pose><truncated>0</truncated></object><segmented>0</segmented><size><depth>3</depth><height>720</height><width>405</width></size><source><annotation>DJI03</annotation><database>vatic</database><image>vatic</image></source><owner><flickrid>vatic</flickrid><name>vatic</name></owner></annotation>