<annotation><folder>DJI_0012_slice_03</folder><filename>000331.jpg</filename><object><name>Pedestrain</name><bndbox><xmax>196</xmax><xmin>149</xmin><ymax>113</ymax><ymin>27</ymin></bndbox><difficult>0</difficult><occluded>0</occluded><pose>Unspecified</pose><truncated>0</truncated></object><object><name>Pedestrain</name><bndbox><xmax>231</xmax><xmin>190</xmin><ymax>106</ymax><ymin>16</ymin></bndbox><difficult>0</difficult><occluded>0</occluded><pose>Unspecified</pose><truncated>0</truncated></object><segmented>0</segmented><size><depth>3</depth><height>720</height><width>405</width></size><source><annotation>DJI03</annotation><database>vatic</database><image>vatic</image></source><owner><flickrid>vatic</flickrid><name>vatic</name></owner></annotation>