<annotation><folder>DJI_0012_slice_03</folder><filename>000376.jpg</filename><object><name>Pedestrain</name><bndbox><xmax>626</xmax><xmin>525</xmin><ymax>369</ymax><ymin>263</ymin></bndbox><difficult>0</difficult><occluded>0</occluded><pose>Unspecified</pose><truncated>0</truncated></object><object><name>Pedestrain</name><bndbox><xmax>513</xmax><xmin>475</xmin><ymax>95</ymax><ymin>27</ymin></bndbox><difficult>0</difficult><occluded>1</occluded><pose>Unspecified</pose><truncated>0</truncated></object><segmented>0</segmented><size><depth>3</depth><height>720</height><width>405</width></size><source><annotation>DJI03</annotation><database>vatic</database><image>vatic</image></source><owner><flickrid>vatic</flickrid><name>vatic</name></owner></annotation>