<annotation><folder>DJI_0012_slice_03</folder><filename>000436.jpg</filename><object><name>Pedestrain</name><bndbox><xmax>433</xmax><xmin>373</xmin><ymax>220</ymax><ymin>113</ymin></bndbox><difficult>0</difficult><occluded>0</occluded><pose>Unspecified</pose><truncated>0</truncated></object><object><name>Pedestrain</name><bndbox><xmax>123</xmax><xmin>69</xmin><ymax>102</ymax><ymin>10</ymin></bndbox><difficult>0</difficult><occluded>0</occluded><pose>Unspecified</pose><truncated>0</truncated></object><object><name>Pedestrain</name><bndbox><xmax>273</xmax><xmin>239</xmin><ymax>84</ymax><ymin>4</ymin></bndbox><difficult>0</difficult><occluded>0</occluded><pose>Unspecified</pose><truncated>0</truncated></object><object><name>Pedestrain</name><bndbox><xmax>305</xmax><xmin>267</xmin><ymax>78</ymax><ymin>3</ymin></bndbox><difficult>0</difficult><occluded>0</occluded><pose>Unspecified</pose><truncated>0</truncated></object><object><name>Pedestrain</name><bndbox><xmax>637</xmax><xmin>547</xmin><ymax>266</ymax><ymin>156</ymin></bndbox><difficult>0</difficult><occluded>0</occluded><pose>Unspecified</pose><truncated>0</truncated></object><segmented>0</segmented><size><depth>3</depth><height>720</height><width>405</width></size><source><annotation>DJI03</annotation><database>vatic</database><image>vatic</image></source><owner><flickrid>vatic</flickrid><name>vatic</name></owner></annotation>