<annotation><folder>DJI_0012_slice_03</folder><filename>000451.jpg</filename><object><name>Pedestrain</name><bndbox><xmax>410</xmax><xmin>355</xmin><ymax>184</ymax><ymin>81</ymin></bndbox><difficult>0</difficult><occluded>0</occluded><pose>Unspecified</pose><truncated>0</truncated></object><object><name>Pedestrain</name><bndbox><xmax>150</xmax><xmin>97</xmin><ymax>105</ymax><ymin>14</ymin></bndbox><difficult>0</difficult><occluded>0</occluded><pose>Unspecified</pose><truncated>0</truncated></object><object><name>Pedestrain</name><bndbox><xmax>271</xmax><xmin>232</xmin><ymax>113</ymax><ymin>27</ymin></bndbox><difficult>0</difficult><occluded>0</occluded><pose>Unspecified</pose><truncated>0</truncated></object><object><name>Pedestrain</name><bndbox><xmax>305</xmax><xmin>268</xmin><ymax>105</ymax><ymin>21</ymin></bndbox><difficult>0</difficult><occluded>0</occluded><pose>Unspecified</pose><truncated>0</truncated></object><object><name>Pedestrain</name><bndbox><xmax>700</xmax><xmin>591</xmin><ymax>304</ymax><ymin>195</ymin></bndbox><difficult>0</difficult><occluded>0</occluded><pose>Unspecified</pose><truncated>0</truncated></object><segmented>0</segmented><size><depth>3</depth><height>720</height><width>405</width></size><source><annotation>DJI03</annotation><database>vatic</database><image>vatic</image></source><owner><flickrid>vatic</flickrid><name>vatic</name></owner></annotation>