<annotation><folder>DJI_0012_slice_03</folder><filename>000541.jpg</filename><object><name>Pedestrain</name><bndbox><xmax>307</xmax><xmin>258</xmin><ymax>158</ymax><ymin>67</ymin></bndbox><difficult>0</difficult><occluded>0</occluded><pose>Unspecified</pose><truncated>0</truncated></object><object><name>Pedestrain</name><bndbox><xmax>256</xmax><xmin>199</xmin><ymax>355</ymax><ymin>229</ymin></bndbox><difficult>0</difficult><occluded>0</occluded><pose>Unspecified</pose><truncated>0</truncated></object><object><name>Pedestrain</name><bndbox><xmax>302</xmax><xmin>244</xmin><ymax>338</ymax><ymin>231</ymin></bndbox><difficult>0</difficult><occluded>0</occluded><pose>Unspecified</pose><truncated>0</truncated></object><segmented>0</segmented><size><depth>3</depth><height>720</height><width>405</width></size><source><annotation>DJI03</annotation><database>vatic</database><image>vatic</image></source><owner><flickrid>vatic</flickrid><name>vatic</name></owner></annotation>