<annotation><folder>DJI_0012_slice_03</folder><filename>000556.jpg</filename><object><name>Pedestrain</name><bndbox><xmax>332</xmax><xmin>283</xmin><ymax>172</ymax><ymin>81</ymin></bndbox><difficult>0</difficult><occluded>0</occluded><pose>Unspecified</pose><truncated>0</truncated></object><object><name>Pedestrain</name><bndbox><xmax>247</xmax><xmin>172</xmin><ymax>400</ymax><ymin>274</ymin></bndbox><difficult>0</difficult><occluded>0</occluded><pose>Unspecified</pose><truncated>0</truncated></object><object><name>Pedestrain</name><bndbox><xmax>294</xmax><xmin>226</xmin><ymax>395</ymax><ymin>288</ymin></bndbox><difficult>0</difficult><occluded>0</occluded><pose>Unspecified</pose><truncated>0</truncated></object><segmented>0</segmented><size><depth>3</depth><height>720</height><width>405</width></size><source><annotation>DJI03</annotation><database>vatic</database><image>vatic</image></source><owner><flickrid>vatic</flickrid><name>vatic</name></owner></annotation>