<annotation><folder>DJI_0012_slice_03</folder><filename>000661.jpg</filename><object><name>Pedestrain</name><bndbox><xmax>579</xmax><xmin>500</xmin><ymax>333</ymax><ymin>222</ymin></bndbox><difficult>0</difficult><occluded>0</occluded><pose>Unspecified</pose><truncated>0</truncated></object><object><name>Pedestrain</name><bndbox><xmax>270</xmax><xmin>232</xmin><ymax>139</ymax><ymin>37</ymin></bndbox><difficult>0</difficult><occluded>0</occluded><pose>Unspecified</pose><truncated>0</truncated></object><segmented>0</segmented><size><depth>3</depth><height>720</height><width>405</width></size><source><annotation>DJI03</annotation><database>vatic</database><image>vatic</image></source><owner><flickrid>vatic</flickrid><name>vatic</name></owner></annotation>