<annotation><folder>DJI_0012_slice_03</folder><filename>000601.jpg</filename><object><name>Pedestrain</name><bndbox><xmax>595</xmax><xmin>525</xmin><ymax>240</ymax><ymin>123</ymin></bndbox><difficult>0</difficult><occluded>0</occluded><pose>Unspecified</pose><truncated>0</truncated></object><object><name>Pedestrain</name><bndbox><xmax>417</xmax><xmin>368</xmin><ymax>221</ymax><ymin>130</ymin></bndbox><difficult>0</difficult><occluded>0</occluded><pose>Unspecified</pose><truncated>0</truncated></object><object><name>Pedestrain</name><bndbox><xmax>590</xmax><xmin>537</xmin><ymax>237</ymax><ymin>123</ymin></bndbox><difficult>0</difficult><occluded>0</occluded><pose>Unspecified</pose><truncated>0</truncated></object><object><name>Pedestrain</name><bndbox><xmax>416</xmax><xmin>368</xmin><ymax>239</ymax><ymin>125</ymin></bndbox><difficult>0</difficult><occluded>0</occluded><pose>Unspecified</pose><truncated>0</truncated></object><segmented>0</segmented><size><depth>3</depth><height>720</height><width>405</width></size><source><annotation>DJI03</annotation><database>vatic</database><image>vatic</image></source><owner><flickrid>vatic</flickrid><name>vatic</name></owner></annotation>