<annotation><folder>DJI_0012_slice_03</folder><filename>000646.jpg</filename><object><name>Pedestrain</name><bndbox><xmax>522</xmax><xmin>448</xmin><ymax>319</ymax><ymin>207</ymin></bndbox><difficult>0</difficult><occluded>0</occluded><pose>Unspecified</pose><truncated>0</truncated></object><object><name>Pedestrain</name><bndbox><xmax>275</xmax><xmin>238</xmin><ymax>114</ymax><ymin>18</ymin></bndbox><difficult>0</difficult><occluded>0</occluded><pose>Unspecified</pose><truncated>0</truncated></object><segmented>0</segmented><size><depth>3</depth><height>720</height><width>405</width></size><source><annotation>DJI03</annotation><database>vatic</database><image>vatic</image></source><owner><flickrid>vatic</flickrid><name>vatic</name></owner></annotation>