<annotation><folder>DJI_0012_slice_03</folder><filename>000736.jpg</filename><object><name>Pedestrain</name><bndbox><xmax>298</xmax><xmin>236</xmin><ymax>302</ymax><ymin>194</ymin></bndbox><difficult>0</difficult><occluded>0</occluded><pose>Unspecified</pose><truncated>0</truncated></object><object><name>Pedestrain</name><bndbox><xmax>239</xmax><xmin>185</xmin><ymax>148</ymax><ymin>50</ymin></bndbox><difficult>0</difficult><occluded>0</occluded><pose>Unspecified</pose><truncated>0</truncated></object><segmented>0</segmented><size><depth>3</depth><height>720</height><width>405</width></size><source><annotation>DJI03</annotation><database>vatic</database><image>vatic</image></source><owner><flickrid>vatic</flickrid><name>vatic</name></owner></annotation>