<annotation><folder>DJI_0012_slice_03</folder><filename>000781.jpg</filename><object><name>Pedestrain</name><bndbox><xmax>496</xmax><xmin>409</xmin><ymax>361</ymax><ymin>254</ymin></bndbox><difficult>0</difficult><occluded>0</occluded><pose>Unspecified</pose><truncated>0</truncated></object><object><name>Pedestrain</name><bndbox><xmax>265</xmax><xmin>224</xmin><ymax>78</ymax><ymin>0</ymin></bndbox><difficult>0</difficult><occluded>1</occluded><pose>Unspecified</pose><truncated>0</truncated></object><segmented>0</segmented><size><depth>3</depth><height>720</height><width>405</width></size><source><annotation>DJI03</annotation><database>vatic</database><image>vatic</image></source><owner><flickrid>vatic</flickrid><name>vatic</name></owner></annotation>