<annotation><folder>DJI_0012_slice_03</folder><filename>000706.jpg</filename><object><name>Pedestrain</name><bndbox><xmax>267</xmax><xmin>214</xmin><ymax>236</ymax><ymin>128</ymin></bndbox><difficult>0</difficult><occluded>0</occluded><pose>Unspecified</pose><truncated>0</truncated></object><object><name>Pedestrain</name><bndbox><xmax>193</xmax><xmin>131</xmin><ymax>208</ymax><ymin>104</ymin></bndbox><difficult>0</difficult><occluded>0</occluded><pose>Unspecified</pose><truncated>0</truncated></object><segmented>0</segmented><size><depth>3</depth><height>720</height><width>405</width></size><source><annotation>DJI03</annotation><database>vatic</database><image>vatic</image></source><owner><flickrid>vatic</flickrid><name>vatic</name></owner></annotation>