<annotation><folder>DJI_0012_slice_03</folder><filename>000751.jpg</filename><object><name>Pedestrain</name><bndbox><xmax>358</xmax><xmin>278</xmin><ymax>324</ymax><ymin>217</ymin></bndbox><difficult>0</difficult><occluded>0</occluded><pose>Unspecified</pose><truncated>0</truncated></object><object><name>Pedestrain</name><bndbox><xmax>254</xmax><xmin>203</xmin><ymax>121</ymax><ymin>28</ymin></bndbox><difficult>0</difficult><occluded>0</occluded><pose>Unspecified</pose><truncated>0</truncated></object><segmented>0</segmented><size><depth>3</depth><height>720</height><width>405</width></size><source><annotation>DJI03</annotation><database>vatic</database><image>vatic</image></source><owner><flickrid>vatic</flickrid><name>vatic</name></owner></annotation>