<annotation><folder>DJI_0012_slice_03</folder><filename>000721.jpg</filename><object><name>Pedestrain</name><bndbox><xmax>269</xmax><xmin>216</xmin><ymax>272</ymax><ymin>164</ymin></bndbox><difficult>0</difficult><occluded>0</occluded><pose>Unspecified</pose><truncated>0</truncated></object><object><name>Pedestrain</name><bndbox><xmax>219</xmax><xmin>162</xmin><ymax>176</ymax><ymin>76</ymin></bndbox><difficult>0</difficult><occluded>0</occluded><pose>Unspecified</pose><truncated>0</truncated></object><segmented>0</segmented><size><depth>3</depth><height>720</height><width>405</width></size><source><annotation>DJI03</annotation><database>vatic</database><image>vatic</image></source><owner><flickrid>vatic</flickrid><name>vatic</name></owner></annotation>